Time measurement,Displacement,Primary force measurement,Strain 1
(s),(mm),(N),(%)
"0.00000","0.00000","-0.13355","0.0007"
"0.02000","0.00032","-0.25558","0.0007"
"0.04000","0.00209","1.73332","0.0008"
"0.06000","0.00522","11.93700","0.0014"
"0.08000","0.00729","32.18935","0.0027"
"0.10000","0.00963","53.15628","0.0040"
"0.12000","0.01301","74.70996","0.0052"
"0.14000","0.01703","101.76022","0.0069"
"0.16000","0.02100","133.40547","0.0090"
"0.18000","0.02477","164.96635","0.0109"
"0.20000","0.02828","193.58536","0.0127"
"0.22000","0.03164","218.18292","0.0143"
"0.24000","0.03504","239.47733","0.0156"
"0.26000","0.03844","259.39880","0.0169"
"0.28000","0.04180","278.63095","0.0181"
"0.30000","0.04520","297.04623","0.0193"
"0.32000","0.04856","315.38217","0.0205"
"0.34000","0.05188","333.66312","0.0216"
"0.36000","0.05525","351.43796","0.0228"
"0.38000","0.05858","369.18927","0.0239"
"0.40000","0.06188","386.89157","0.0251"
"0.42000","0.06522","404.51303","0.0263"
"0.44000","0.06855","422.24097","0.0275"
"0.46000","0.07187","439.76501","0.0287"
"0.48000","0.07522","457.10333","0.0299"
"0.50000","0.07855","474.36847","0.0311"
"0.52000","0.08186","491.50363","0.0323"
"0.54000","0.08522","508.53482","0.0334"
"0.56000","0.08856","525.35040","0.0346"
"0.58000","0.09190","542.29938","0.0357"
"0.60000","0.09527","559.00647","0.0368"
"0.62000","0.09862","575.75720","0.0380"
"0.64000","0.10194","592.43262","0.0392"
"0.66000","0.10528","609.23456","0.0402"
"0.68000","0.10859","625.61810","0.0414"
"0.70000","0.11191","642.20331","0.0426"
"0.72000","0.11525","658.45300","0.0437"
"0.74000","0.11860","674.75269","0.0448"
"0.76000","0.12194","691.05890","0.0459"
"0.78000","0.12526","707.09967","0.0471"
"0.80000","0.12858","723.27350","0.0482"
"0.82000","0.13188","739.15002","0.0492"
"0.84000","0.13520","754.87054","0.0504"
"0.86000","0.13855","770.43488","0.0515"
"0.88000","0.14189","786.08289","0.0526"
"0.90000","0.14524","801.87610","0.0538"
"0.92000","0.14860","817.66748","0.0551"
"0.94000","0.15191","833.56500","0.0562"
"0.96000","0.15521","849.12787","0.0573"
"0.98000","0.15855","864.46106","0.0584"
"1.00000","0.16187","879.87817","0.0595"
"1.02000","0.16521","895.05145","0.0607"
"1.04000","0.16858","910.24597","0.0618"
"1.06000","0.17191","925.88550","0.0629"
"1.08000","0.17523","940.81030","0.0640"
"1.10000","0.17860","955.37164","0.0652"
"1.12000","0.18191","970.08844","0.0664"
"1.14000","0.18522","984.62860","0.0675"
"1.16000","0.18858","999.48535","0.0686"
"1.18000","0.19188","1014.57208","0.0697"
"1.20000","0.19519","1029.26245","0.0708"
"1.22000","0.19857","1043.87695","0.0719"
"1.24000","0.20189","1058.67883","0.0731"
"1.26000","0.20520","1073.12012","0.0742"
"1.28000","0.20858","1087.37439","0.0753"
"1.30000","0.21191","1101.90894","0.0765"
"1.32000","0.21521","1116.12317","0.0779"
"1.34000","0.21859","1130.27869","0.0791"
"1.36000","0.22192","1144.40979","0.0802"
"1.38000","0.22522","1158.24219","0.0813"
"1.40000","0.22860","1171.70276","0.0825"
"1.42000","0.23194","1185.08154","0.0837"
"1.44000","0.23523","1199.19128","0.0849"
"1.46000","0.23858","1213.14453","0.0861"
"1.48000","0.24189","1227.24878","0.0873"
"1.50000","0.24517","1241.06946","0.0885"
"1.52000","0.24852","1254.55237","0.0897"
"1.54000","0.25188","1268.07471","0.0910"
"1.56000","0.25523","1281.41467","0.0922"
"1.58000","0.25859","1294.50537","0.0934"
"1.60000","0.26192","1307.76221","0.0946"
"1.62000","0.26524","1320.60498","0.0958"
"1.64000","0.26858","1333.04102","0.0971"
"1.66000","0.27193","1345.70398","0.0983"
"1.68000","0.27526","1358.58240","0.0995"
"1.70000","0.27859","1371.06445","0.1008"
"1.72000","0.28194","1383.42249","0.1021"
"1.74000","0.28525","1396.15881","0.1033"
"1.76000","0.28855","1408.08472","0.1045"
"1.78000","0.29189","1419.93518","0.1057"
"1.80000","0.29521","1431.77979","0.1070"
"1.82000","0.29853","1443.55518","0.1081"
"1.84000","0.30188","1455.04321","0.1094"
"1.86000","0.30523","1466.37866","0.1105"
"1.88000","0.30858","1477.61255","0.1117"
"1.90000","0.31196","1488.70642","0.1129"
"1.92000","0.31530","1499.90771","0.1142"
"1.94000","0.31864","1511.00854","0.1155"
"1.96000","0.32198","1522.23901","0.1167"
"1.98000","0.32529","1533.07031","0.1180"
"2.00000","0.32858","1543.69543","0.1193"
"2.02000","0.33192","1554.41760","0.1206"
"2.04000","0.33525","1565.23608","0.1218"
"2.06000","0.33857","1575.63037","0.1231"
"2.08000","0.34191","1586.06433","0.1244"
"2.10000","0.34522","1596.52332","0.1258"
"2.12000","0.34853","1606.67542","0.1271"
"2.14000","0.35189","1616.30469","0.1284"
"2.16000","0.35523","1626.27795","0.1297"
"2.18000","0.35857","1636.16895","0.1310"
"2.20000","0.36196","1645.69373","0.1324"
"2.22000","0.36527","1655.25696","0.1337"
"2.24000","0.36858","1664.80505","0.1351"
"2.26000","0.37193","1674.21643","0.1365"
"2.28000","0.37523","1683.31323","0.1378"
"2.30000","0.37853","1692.25037","0.1392"
"2.32000","0.38189","1701.08228","0.1406"
"2.34000","0.38522","1710.23401","0.1420"
"2.36000","0.38855","1718.99683","0.1436"
"2.38000","0.39193","1727.29309","0.1450"
"2.40000","0.39526","1735.58313","0.1464"
"2.42000","0.39856","1743.47925","0.1480"
"2.44000","0.40193","1751.31274","0.1495"
"2.46000","0.40525","1759.37842","0.1510"
"2.48000","0.40857","1767.31018","0.1525"
"2.50000","0.41195","1774.94360","0.1540"
"2.52000","0.41528","1782.70374","0.1556"
"2.54000","0.41857","1790.15833","0.1571"
"2.56000","0.42192","1797.36633","0.1587"
"2.58000","0.42525","1804.43225","0.1603"
"2.60000","0.42855","1811.80798","0.1620"
"2.62000","0.43191","1818.96729","0.1637"
"2.64000","0.43528","1825.86072","0.1654"
"2.66000","0.43859","1832.43262","0.1671"
"2.68000","0.44193","1838.56750","0.1688"
"2.70000","0.44529","1844.87158","0.1706"
"2.72000","0.44859","1851.26843","0.1724"
"2.74000","0.45191","1857.67004","0.1742"
"2.76000","0.45527","1863.75244","0.1761"
"2.78000","0.45858","1869.90076","0.1779"
"2.80000","0.46188","1875.81531","0.1797"
"2.82000","0.46522","1881.77417","0.1818"
"2.84000","0.46854","1887.54980","0.1838"
"2.86000","0.47186","1893.24316","0.1857"
"2.88000","0.47524","1898.99426","0.1878"
"2.90000","0.47860","1904.24084","0.1899"
"2.92000","0.48192","1909.51941","0.1920"
"2.94000","0.48527","1914.85645","0.1943"
"2.96000","0.48862","1920.01184","0.1965"
"2.98000","0.49193","1925.14209","0.1987"
"3.00000","0.49530","1930.01965","0.2009"
"3.02000","0.49865","1934.91296","0.2032"
"3.04000","0.50193","1939.85327","0.2056"
"3.06000","0.50523","1944.77979","0.2080"
"3.08000","0.50854","1949.29370","0.2103"
"3.10000","0.51185","1953.65845","0.2128"
"3.12000","0.51522","1958.06104","0.2153"
"3.14000","0.51857","1962.64978","0.2180"
"3.16000","0.52191","1967.05981","0.2207"
"3.18000","0.52527","1971.29431","0.2233"
"3.20000","0.52861","1975.42383","0.2260"
"3.22000","0.53193","1979.31848","0.2288"
"3.24000","0.53529","1983.11060","0.2315"
"3.26000","0.53863","1986.81409","0.2342"
"3.28000","0.54195","1990.52319","0.2370"
"3.30000","0.54531","1994.63147","0.2399"
"3.32000","0.54863","1998.65405","0.2428"
"3.34000","0.55192","2002.18542","0.2458"
"3.36000","0.55526","2005.63245","0.2488"
"3.38000","0.55855","2009.26660","0.2517"
"3.40000","0.56185","2012.52332","0.2549"
"3.42000","0.56522","2015.98218","0.2580"
"3.44000","0.56854","2019.61377","0.2610"
"3.46000","0.57189","2022.89539","0.2643"
"3.48000","0.57528","2026.06091","0.2675"
"3.50000","0.57860","2029.35059","0.2707"
"3.52000","0.58192","2032.14514","0.2739"
"3.54000","0.58529","2034.81335","0.2772"
"3.56000","0.58862","2038.15088","0.2804"
"3.58000","0.59193","2041.31714","0.2837"
"3.60000","0.59528","2044.12842","0.2871"
"3.62000","0.59859","2047.09363","0.2904"
"3.64000","0.60189","2049.75708","0.2939"
"3.66000","0.60525","2052.49878","0.2973"
"3.68000","0.60859","2055.19824","0.3008"
"3.70000","0.61189","2057.55371","0.3043"
"3.72000","0.61522","2059.91479","0.3077"
"3.74000","0.61857","2062.42285","0.3112"
"3.76000","0.62188","2064.88159","0.3147"
"3.78000","0.62523","2067.46338","0.3183"
"3.80000","0.62861","2070.27246","0.3218"
"3.82000","0.63195","2073.00000","0.3253"
"3.84000","0.63527","2075.32764","0.3289"
"3.86000","0.63864","2077.54785","0.3325"
"3.88000","0.64194","2079.73071","0.3360"
"3.90000","0.64523","2081.78394","0.3397"
"3.92000","0.64860","2084.08789","0.3434"
"3.94000","0.65193","2086.56470","0.3470"
"3.96000","0.65524","2088.68335","0.3507"
"3.98000","0.65862","2090.59839","0.3544"
"4.00000","0.66194","2092.73242","0.3582"
"4.02000","0.66524","2094.76074","0.3619"
"4.04000","0.66860","2096.67676","0.3655"
"4.06000","0.67192","2098.77930","0.3690"
"4.08000","0.67521","2100.79614","0.3727"
"4.10000","0.67858","2102.94580","0.3764"
"4.12000","0.68194","2104.97192","0.3802"
"4.14000","0.68524","2107.07739","0.3840"
"4.16000","0.68859","2108.87183","0.3877"
"4.18000","0.69191","2110.57935","0.3914"
"4.20000","0.69520","2112.39966","0.3951"
"4.22000","0.69856","2114.23047","0.3989"
"4.24000","0.70191","2116.15894","0.4027"
"4.26000","0.70524","2117.92188","0.4065"
"4.28000","0.70861","2119.51123","0.4102"
"4.30000","0.71196","2121.19434","0.4139"
"4.32000","0.71527","2123.19751","0.4176"
"4.34000","0.71861","2124.76025","0.4212"
"4.36000","0.72193","2126.65039","0.4249"
"4.38000","0.72524","2128.40015","0.4287"
"4.40000","0.72859","2129.97632","0.4324"
"4.42000","0.73190","2131.86475","0.4360"
"4.44000","0.73523","2133.69775","0.4397"
"4.46000","0.73859","2135.39136","0.4434"
"4.48000","0.74191","2136.86035","0.4471"
"4.50000","0.74523","2138.40747","0.4509"
"4.52000","0.74860","2139.98486","0.4546"
"4.54000","0.75193","2141.51392","0.4583"
"4.56000","0.75525","2142.90942","0.4620"
"4.58000","0.75862","2144.55103","0.4654"
"4.60000","0.76195","2146.26465","0.4689"
"4.62000","0.76529","2147.66431","0.4727"
"4.64000","0.76864","2149.12329","0.4762"
"4.66000","0.77194","2150.92236","0.4797"
"4.68000","0.77523","2152.43628","0.4834"
"4.70000","0.77855","2153.73389","0.4869"
"4.72000","0.78187","2155.31787","0.4904"
"4.74000","0.78520","2156.97998","0.4939"
"4.76000","0.78858","2158.55127","0.4976"
"4.78000","0.79194","2160.12915","0.5013"
"4.80000","0.79526","2161.54883","0.5048"
"4.82000","0.79860","2162.86377","0.5082"
"4.84000","0.80195","2164.39136","0.5116"
"4.86000","0.80528","2165.65747","0.5153"
"4.88000","0.80862","2167.04126","0.5188"
"4.90000","0.81198","2168.93579","0.5223"
"4.92000","0.81529","2170.28833","0.5258"
"4.94000","0.81860","2171.46802","0.5295"
"4.96000","0.82194","2172.79688","0.5331"
"4.98000","0.82524","2174.34814","0.5364"
"5.00000","0.82854","2175.63306","0.5399"
"5.02000","0.83189","2176.89819","0.5436"
"5.04000","0.83523","2178.17676","0.5470"
"5.06000","0.83856","2179.55493","0.5506"
"5.08000","0.84195","2181.03296","0.5543"
"5.10000","0.84528","2182.45728","0.5577"
"5.12000","0.84859","2183.82861","0.5612"
"5.14000","0.85198","2184.96021","0.5648"
"5.16000","0.85530","2186.36084","0.5685"
"5.18000","0.85859","2187.59229","0.5720"
"5.20000","0.86196","2188.85474","0.5756"
"5.22000","0.86528","2190.17261","0.5792"
"5.24000","0.86856","2191.47021","0.5828"
"5.26000","0.87192","2192.79443","0.5863"
"5.28000","0.87526","2194.06860","0.5900"
"5.30000","0.87857","2195.21167","0.5936"
"5.32000","0.88192","2196.38745","0.5973"
"5.34000","0.88524","2197.94336","0.6009"
"5.36000","0.88854","2198.86255","0.6044"
"5.38000","0.89189","2200.03931","0.6080"
"5.40000","0.89526","2201.41870","0.6116"
"5.42000","0.89859","2202.98291","0.6152"
"5.44000","0.90195","2204.37891","0.6189"
"5.46000","0.90528","2205.60669","0.6225"
"5.48000","0.90857","2206.69409","0.6261"
"5.50000","0.91191","2208.03589","0.6296"
"5.52000","0.91524","2209.12891","0.6333"
"5.54000","0.91856","2210.66895","0.6370"
"5.56000","0.92191","2211.73413","0.6407"
"5.58000","0.92526","2212.93848","0.6443"
"5.60000","0.92859","2214.16064","0.6478"
"5.62000","0.93194","2215.34961","0.6513"
"5.64000","0.93526","2216.60742","0.6548"
"5.66000","0.93859","2217.60620","0.6584"
"5.68000","0.94193","2218.74707","0.6619"
"5.70000","0.94525","2220.20532","0.6654"
"5.72000","0.94858","2221.47974","0.6690"
"5.74000","0.95192","2222.61377","0.6724"
"5.76000","0.95524","2223.75220","0.6758"
"5.78000","0.95856","2224.88843","0.6792"
"5.80000","0.96189","2225.91187","0.6828"
"5.82000","0.96525","2227.01440","0.6863"
"5.84000","0.96860","2228.38232","0.6897"
"5.86000","0.97193","2229.64258","0.6931"
"5.88000","0.97529","2230.82520","0.6964"
"5.90000","0.97863","2231.99658","0.6998"
"5.92000","0.98195","2233.31348","0.7031"
"5.94000","0.98530","2234.48071","0.7064"
"5.96000","0.98862","2235.52075","0.7098"
"5.98000","0.99193","2236.60742","0.7130"
"6.00000","0.99525","2237.70483","0.7162"
"6.02000","0.99856","2239.03369","0.7194"
"6.04000","1.00189","2239.94043","0.7226"
"6.06000","1.00527","2241.04126","0.7259"
"6.08000","1.00859","2242.01392","0.7292"
"6.10000","1.01189","2243.25391","0.7325"
"6.12000","1.01525","2244.22339","0.7358"
"6.14000","1.01858","2245.36157","0.7390"
"6.16000","1.02191","2246.49561","0.7422"
"6.18000","1.02528","2247.80322","0.7454"
"6.20000","1.02861","2248.97705","0.7485"
"6.22000","1.03194","2249.85034","0.7519"
"6.24000","1.03531","2250.95142","0.7553"
"6.26000","1.03862","2252.25122","0.7587"
"6.28000","1.04190","2253.28027","0.7617"
"6.30000","1.04524","2254.07446","0.7654"
"6.32000","1.04855","2254.99634","0.7690"
"6.34000","1.05185","2256.41064","0.7718"
"6.36000","1.05523","2257.53760","0.7753"
"6.38000","1.05859","2258.28833","0.7792"
"6.40000","1.06191","2259.53784","0.7825"
"6.42000","1.06529","2260.74121","0.7861"
"6.44000","1.06863","2261.81030","0.7897"
"6.46000","1.07193","2262.63867","0.7933"
"6.48000","1.07530","2263.78394","0.7969"
"6.50000","1.07863","2264.93408","0.8005"
"6.52000","1.08192","2265.76562","0.8045"
"6.54000","1.08527","2266.82690","0.8081"
"6.56000","1.08860","2268.19043","0.8117"
"6.58000","1.09189","2269.36743","0.8156"
"6.60000","1.09523","2270.25366","0.8193"
"6.62000","1.09857","2271.19702","0.8231"
"6.64000","1.10189","2272.06567","0.8271"
"6.66000","1.10521","2272.88184","0.8310"
"6.68000","1.10858","2274.02319","0.8349"
"6.70000","1.11192","2275.35059","0.8388"
"6.72000","1.11527","2276.29956","0.8427"
"6.74000","1.11864","2276.90454","0.8466"
"6.76000","1.12195","2278.28076","0.8506"
"6.78000","1.12526","2279.38623","0.8545"
"6.80000","1.12861","2280.40796","0.8584"
"6.82000","1.13193","2281.45630","0.8623"
"6.84000","1.13523","2282.29639","0.8662"
"6.86000","1.13858","2283.16602","0.8702"
"6.88000","1.14192","2284.03125","0.8742"
"6.90000","1.14523","2284.84180","0.8781"
"6.92000","1.14858","2285.85767","0.8820"
"6.94000","1.15191","2287.01685","0.8859"
"6.96000","1.15521","2287.92773","0.8898"
"6.98000","1.15856","2289.01587","0.8936"
"7.00000","1.16191","2289.77539","0.8975"
"7.02000","1.16526","2290.79980","0.9014"
"7.04000","1.16861","2292.11938","0.9050"
"7.06000","1.17194","2293.19678","0.9087"
"7.08000","1.17524","2294.08765","0.9125"
"7.10000","1.17859","2295.15381","0.9162"
"7.12000","1.18191","2296.07251","0.9198"
"7.14000","1.18522","2296.83936","0.9234"
"7.16000","1.18858","2297.81543","0.9269"
"7.18000","1.19194","2299.01392","0.9301"
"7.20000","1.19527","2299.89673","0.9334"
"7.22000","1.19863","2300.61450","0.9368"
"7.24000","1.20195","2301.57764","0.9399"
"7.26000","1.20525","2302.24243","0.9429"
"7.28000","1.20861","2302.95630","0.9458"
"7.30000","1.21193","2304.02319","0.9486"
"7.32000","1.21525","2305.14258","0.9512"
"7.34000","1.21862","2306.28662","0.9539"
"7.36000","1.22192","2307.33838","0.9563"
"7.38000","1.22523","2307.91382","0.9588"
"7.40000","1.22859","2308.56006","0.9613"
"7.42000","1.23190","2309.64355","0.9637"
"7.44000","1.23521","2310.54077","0.9659"
"7.46000","1.23858","2311.35010","0.9680"
"7.48000","1.24192","2312.33789","0.9702"
"7.50000","1.24525","2313.11182","0.9722"
"7.52000","1.24864","2313.80884","0.9741"
"7.54000","1.25197","2314.72070","0.9760"
"7.56000","1.25526","2315.72314","0.9779"
"7.58000","1.25861","2316.71216","0.9798"
"7.60000","1.26193","2317.77832","0.9817"
"7.62000","1.26522","2318.70703","0.9835"
"7.64000","1.26856","2319.51318","0.9854"
"7.66000","1.27191","2320.67065","0.9874"
"7.68000","1.27521","2321.64868","0.9892"
"7.70000","1.27857","2322.34009","0.9910"
"7.72000","1.28194","2323.23169","0.9929"
"7.74000","1.28525","2324.23438","0.9947"
"7.76000","1.28859","2324.93799","0.9964"
"7.78000","1.29196","2325.67944","0.9984"
"7.80000","1.29528","2326.83960","1.0003"
"7.82000","1.29861","2327.80786","1.0021"
"7.84000","1.30198","2328.69824","1.0040"
"7.86000","1.30530","2329.70703","1.0062"
"7.88000","1.30859","2330.44604","1.0082"
"7.90000","1.31193","2331.18750","1.0105"
"7.92000","1.31524","2332.10303","1.0128"
"7.94000","1.31852","2332.64209","1.0151"
"7.96000","1.32188","2333.30884","1.0176"
"7.98000","1.32524","2334.11353","1.0203"
"8.00000","1.32856","2334.58325","1.0233"
"8.02000","1.33192","2335.23218","1.0264"
"8.04000","1.33527","2335.70605","1.0299"
"8.06000","1.33857","2335.83887","1.0341"
"8.08000","1.34193","2336.28638","1.0387"
"8.10000","1.34528","2336.97192","1.0436"
"8.12000","1.34858","2337.54907","1.0491"
"8.14000","1.35195","2338.13159","1.0550"
"8.16000","1.35529","2339.11548","1.0611"
"8.18000","1.35857","2340.13428","1.0673"
"8.20000","1.36191","2341.20898","1.0735"
"8.22000","1.36522","2342.17798","1.0797"
"8.24000","1.36852","2342.84448","1.0861"
"8.26000","1.37188","2343.67969","1.0923"
"8.28000","1.37522","2344.54468","1.0987"
"8.30000","1.37856","2345.47803","1.1052"
"8.32000","1.38194","2346.32812","1.1117"
"8.34000","1.38529","2346.86816","1.1183"
"8.36000","1.38862","2347.43506","1.1249"
"8.38000","1.39197","2348.40698","1.1315"
"8.40000","1.39529","2349.47998","1.1381"
"8.42000","1.39860","2350.25415","1.1446"
"8.44000","1.40196","2350.68481","1.1511"
"8.46000","1.40528","2351.39038","1.1576"
"8.48000","1.40859","2351.92017","1.1640"
"8.50000","1.41193","2352.54224","1.1704"
"8.52000","1.41524","2353.12891","1.1766"
"8.54000","1.41856","2353.80151","1.1829"
"8.56000","1.42190","2354.45898","1.1892"
"8.58000","1.42523","2355.13086","1.1954"
"8.60000","1.42856","2355.52148","1.2017"
"8.62000","1.43195","2355.97192","1.2081"
"8.64000","1.43528","2356.72705","1.2144"
"8.66000","1.43860","2357.12720","1.2209"
"8.68000","1.44195","2357.09131","1.2275"
"8.70000","1.44528","2357.22363","1.2343"
"8.72000","1.44859","2357.64136","1.2411"
"8.74000","1.45193","2358.48657","1.2474"
"8.76000","1.45526","2359.80200","1.2534"
"8.78000","1.45858","2361.45190","1.2587"
"8.80000","1.46193","2362.99243","1.2634"
"8.82000","1.46529","2364.28906","1.2676"
"8.84000","1.46860","2365.12988","1.2712"
"8.86000","1.47191","2365.58569","1.2740"
"8.88000","1.47526","2366.08130","1.2766"
"8.90000","1.47858","2366.66675","1.2788"
"8.92000","1.48190","2367.42676","1.2806"
"8.94000","1.48527","2368.08887","1.2819"
"8.96000","1.48859","2368.72388","1.2832"
"8.98000","1.49189","2369.36499","1.2844"
"9.00000","1.49527","2370.06445","1.2853"
"9.02000","1.49860","2371.10278","1.2863"
"9.04000","1.50189","2371.66016","1.2871"
"9.06000","1.50527","2372.18164","1.2879"
"9.08000","1.50860","2373.21655","1.2886"
"9.10000","1.51190","2373.98315","1.2893"
"9.12000","1.51527","2374.56030","1.2899"
"9.14000","1.51862","2375.49756","1.2904"
"9.16000","1.52192","2376.37842","1.2910"
"9.18000","1.52528","2377.21680","1.2916"
"9.20000","1.52860","2378.14722","1.2922"
"9.22000","1.53187","2378.88403","1.2926"
"9.24000","1.53521","2379.60327","1.2931"
"9.26000","1.53855","2380.54883","1.2936"
"9.28000","1.54187","2381.47144","1.2940"
"9.30000","1.54524","2382.37207","1.2944"
"9.32000","1.54859","2383.23657","1.2948"
"9.34000","1.55191","2384.00391","1.2952"
"9.36000","1.55527","2384.67871","1.2955"
"9.38000","1.55862","2385.32959","1.2959"
"9.40000","1.56194","2386.37085","1.2963"
"9.42000","1.56529","2387.11597","1.2968"
"9.44000","1.56864","2388.00146","1.2972"
"9.46000","1.57193","2389.15283","1.2977"
"9.48000","1.57525","2389.93604","1.2981"
"9.50000","1.57856","2390.98975","1.2985"
"9.52000","1.58187","2392.01636","1.2990"
"9.54000","1.58521","2392.70776","1.2994"
"9.56000","1.58856","2393.49048","1.2997"
"9.58000","1.59191","2394.29150","1.3001"
"9.60000","1.59527","2395.07837","1.3005"
"9.62000","1.59862","2395.76099","1.3009"
"9.64000","1.60195","2396.58252","1.3014"
"9.66000","1.60529","2397.09814","1.3018"
"9.68000","1.60862","2397.75586","1.3022"
"9.70000","1.61195","2398.55225","1.3026"
"9.72000","1.61530","2399.10693","1.3029"
"9.74000","1.61863","2399.60205","1.3033"
"9.76000","1.62195","2399.97754","1.3037"
"9.78000","1.62527","2400.01978","1.3041"
"9.80000","1.62859","2400.31543","1.3045"
"9.82000","1.63190","2400.59644","1.3048"
"9.84000","1.63522","2400.68579","1.3053"
"9.86000","1.63858","2400.84717","1.3057"
"9.88000","1.64192","2401.61743","1.3061"
"9.90000","1.64526","2402.08716","1.3064"
"9.92000","1.64861","2402.50146","1.3068"
"9.94000","1.65194","2402.78613","1.3072"
"9.96000","1.65527","2402.71436","1.3075"
"9.98000","1.65862","2403.74463","1.3080"
"10.00000","1.66195","2405.21338","1.3085"
"10.02000","1.66527","2407.23779","1.3090"
"10.04000","1.66861","2409.51074","1.3095"
"10.06000","1.67193","2411.19580","1.3101"
"10.08000","1.67526","2412.21606","1.3106"
"10.10000","1.67862","2412.80713","1.3111"
"10.12000","1.68194","2412.83447","1.3116"
"10.14000","1.68522","2413.23193","1.3121"
"10.16000","1.68858","2414.19043","1.3127"
"10.18000","1.69190","2415.58398","1.3133"
"10.20000","1.69522","2416.94336","1.3139"
"10.22000","1.69861","2418.07886","1.3144"
"10.24000","1.70195","2419.16504","1.3150"
"10.26000","1.70526","2419.85889","1.3155"
"10.28000","1.70863","2420.42822","1.3162"
"10.30000","1.71195","2421.34937","1.3170"
"10.32000","1.71523","2421.97632","1.3177"
"10.34000","1.71860","2422.76465","1.3183"
"10.36000","1.72194","2423.57007","1.3191"
"10.38000","1.72524","2424.51758","1.3198"
"10.40000","1.72860","2425.44312","1.3207"
"10.42000","1.73194","2426.88330","1.3216"
"10.44000","1.73524","2428.06177","1.3228"
"10.46000","1.73859","2429.02539","1.3240"
"10.48000","1.74193","2429.86670","1.3257"
"10.50000","1.74523","2426.42896","1.3300"
"10.52000","1.74858","2413.60522","1.3418"
"10.54000","1.75192","2405.90039","1.3554"
"10.56000","1.75524","2406.89844","1.3675"
"10.58000","1.75858","2410.37134","1.3786"
"10.60000","1.76190","2412.74243","1.3901"
"10.62000","1.76522","2413.66504","1.4023"
"10.64000","1.76856","2414.19067","1.4147"
"10.66000","1.77192","2415.18335","1.4270"
"10.68000","1.77526","2416.42725","1.4392"
"10.70000","1.77860","2417.76270","1.4516"
"10.72000","1.78196","2418.85059","1.4640"
"10.74000","1.78530","2420.15771","1.4762"
"10.76000","1.78862","2421.26318","1.4885"
"10.78000","1.79194","2422.55005","1.5005"
"10.80000","1.79526","2423.61450","1.5128"
"10.82000","1.79856","2424.50391","1.5252"
"10.84000","1.80189","2425.28027","1.5378"
"10.86000","1.80523","2425.88745","1.5505"
"10.88000","1.80856","2426.46460","1.5633"
"10.90000","1.81193","2427.17041","1.5760"
"10.92000","1.81527","2427.76953","1.5888"
"10.94000","1.81859","2427.68311","1.6016"
"10.96000","1.82194","2427.61230","1.6148"
"10.98000","1.82528","2427.42456","1.6279"
"11.00000","1.82860","2427.34033","1.6410"
"11.02000","1.83197","2427.92993","1.6536"
"11.04000","1.83531","2429.26587","1.6658"
"11.06000","1.83863","2431.16211","1.6770"
"11.08000","1.84196","2433.06152","1.6872"
"11.10000","1.84525","2434.46094","1.6962"
"11.12000","1.84853","2435.49023","1.7046"
"11.14000","1.85185","2436.39111","1.7128"
"11.16000","1.85519","2436.95728","1.7207"
"11.18000","1.85853","2437.24023","1.7284"
"11.20000","1.86194","2437.54614","1.7357"
"11.22000","1.86528","2438.18359","1.7425"
"11.24000","1.86861","2438.81763","1.7485"
"11.26000","1.87197","2439.73096","1.7540"
"11.28000","1.87529","2440.71655","1.7589"
"11.30000","1.87861","2441.51465","1.7629"
"11.32000","1.88196","2442.52954","1.7661"
"11.34000","1.88528","2443.60718","1.7683"
"11.36000","1.88860","2444.15967","1.7699"
"11.38000","1.89196","2444.67871","1.7711"
"11.40000","1.89527","2445.33228","1.7720"
"11.42000","1.89856","2445.94116","1.7727"
"11.44000","1.90192","2446.80835","1.7734"
"11.46000","1.90524","2447.85620","1.7740"
"11.48000","1.90854","2448.93188","1.7746"
"11.50000","1.91191","2450.43237","1.7753"
"11.52000","1.91528","2452.24658","1.7759"
"11.54000","1.91861","2453.40991","1.7764"
"11.56000","1.92197","2454.06470","1.7769"
"11.58000","1.92531","2454.10205","1.7773"
"11.60000","1.92859","2452.65186","1.7776"
"11.62000","1.93193","2448.47339","1.7778"
"11.64000","1.93528","2443.90747","1.7778"
"11.66000","1.93858","2442.19385","1.7780"
"11.68000","1.94191","2442.88159","1.7782"
"11.70000","1.94528","2444.92773","1.7784"
"11.72000","1.94859","2446.74731","1.7787"
"11.74000","1.95190","2447.84717","1.7789"
"11.76000","1.95525","2449.09619","1.7792"
"11.78000","1.95857","2450.46289","1.7796"
"11.80000","1.96188","2452.27417","1.7799"
"11.82000","1.96525","2454.14648","1.7803"
"11.84000","1.96860","2456.06738","1.7806"
"11.86000","1.97193","2457.81152","1.7809"
"11.88000","1.97528","2459.33374","1.7813"
"11.90000","1.97861","2460.66382","1.7817"
"11.92000","1.98191","2461.80493","1.7821"
"11.94000","1.98526","2462.99707","1.7824"
"11.96000","1.98860","2463.67871","1.7827"
"11.98000","1.99189","2463.75342","1.7831"
"12.00000","1.99524","2463.82812","1.7834"
"12.02000","1.99860","2463.81860","1.7837"
"12.04000","2.00189","2463.55518","1.7841"
"12.06000","2.00524","2463.28564","1.7843"
"12.08000","2.00858","2463.51318","1.7846"
"12.10000","2.01189","2463.94995","1.7850"
"12.12000","2.01525","2464.57275","1.7854"
"12.14000","2.01859","2465.30371","1.7857"
"12.16000","2.02191","2465.61255","1.7861"
"12.18000","2.02526","2466.48389","1.7864"
"12.20000","2.02858","2467.44116","1.7867"
"12.22000","2.03189","2468.04199","1.7870"
"12.24000","2.03526","2468.54395","1.7874"
"12.26000","2.03860","2467.36621","1.7876"
"12.28000","2.04193","2462.16260","1.7875"
"12.30000","2.04529","2456.79272","1.7875"
"12.32000","2.04863","2455.62378","1.7877"
"12.34000","2.05195","2457.90234","1.7881"
"12.36000","2.05531","2460.85376","1.7885"
"12.38000","2.05863","2463.00708","1.7889"
"12.40000","2.06192","2464.40918","1.7892"
"12.42000","2.06526","2465.28442","1.7895"
"12.44000","2.06856","2466.14746","1.7899"
"12.46000","2.07187","2466.80200","1.7902"
"12.48000","2.07525","2467.49561","1.7905"
"12.50000","2.07857","2468.25537","1.7908"
"12.52000","2.08188","2468.90088","1.7911"
"12.54000","2.08525","2469.50708","1.7914"
"12.56000","2.08859","2469.99780","1.7917"
"12.58000","2.09192","2470.25488","1.7920"
"12.60000","2.09529","2470.78149","1.7923"
"12.62000","2.09863","2471.59326","1.7926"
"12.64000","2.10194","2472.25977","1.7930"
"12.66000","2.10531","2473.06348","1.7933"
"12.68000","2.10863","2473.99438","1.7937"
"12.70000","2.11191","2474.24438","1.7942"
"12.72000","2.11522","2473.83228","1.7946"
"12.74000","2.11854","2473.36719","1.7950"
"12.76000","2.12185","2473.02515","1.7953"
"12.78000","2.12519","2473.02905","1.7957"
"12.80000","2.12858","2473.45630","1.7959"
"12.82000","2.13193","2474.43774","1.7961"
"12.84000","2.13527","2475.56299","1.7964"
"12.86000","2.13865","2477.40723","1.7968"
"12.88000","2.14196","2479.54688","1.7972"
"12.90000","2.14527","2481.29858","1.7975"
"12.92000","2.14865","2482.75049","1.7978"
"12.94000","2.15197","2483.63696","1.7980"
"12.96000","2.15527","2482.82471","1.7981"
"12.98000","2.15862","2482.56934","1.7984"
"13.00000","2.16194","2483.84619","1.7987"
"13.02000","2.16521","2486.04028","1.7991"
"13.04000","2.16856","2487.38989","1.7995"
"13.06000","2.17190","2486.42773","1.7997"
"13.08000","2.17520","2480.33838","1.7996"
"13.10000","2.17857","2473.76196","1.7993"
"13.12000","2.18193","2474.33423","1.7996"
"13.14000","2.18526","2480.07544","1.8002"
"13.16000","2.18862","2486.26367","1.8010"
"13.18000","2.19196","2490.97534","1.8017"
"13.20000","2.19526","2494.46509","1.8023"
"13.22000","2.19860","2496.89014","1.8028"
"13.24000","2.20193","2498.50659","1.8033"
"13.26000","2.20524","2498.19238","1.8037"
"13.28000","2.20859","2493.03784","1.8037"
"13.30000","2.21192","2486.02637","1.8035"
"13.32000","2.21523","2482.98413","1.8036"
"13.34000","2.21858","2484.21313","1.8039"
"13.36000","2.22191","2486.57910","1.8042"
"13.38000","2.22521","2487.91797","1.8045"
"13.40000","2.22856","2488.63818","1.8048"
"13.42000","2.23189","2489.07324","1.8050"
"13.44000","2.23525","2489.59058","1.8053"
"13.46000","2.23863","2490.32983","1.8056"
"13.48000","2.24196","2491.18555","1.8059"
"13.50000","2.24527","2491.93872","1.8061"
"13.52000","2.24862","2492.18018","1.8064"
"13.54000","2.25193","2490.24316","1.8064"
"13.56000","2.25525","2487.16382","1.8063"
"13.58000","2.25860","2486.71777","1.8065"
"13.60000","2.26194","2489.24829","1.8069"
"13.62000","2.26527","2492.67212","1.8073"
"13.64000","2.26862","2495.67627","1.8077"
"13.66000","2.27194","2498.25879","1.8081"
"13.68000","2.27525","2500.59839","1.8084"
"13.70000","2.27858","2502.62061","1.8088"
"13.72000","2.28191","2504.44458","1.8092"
"13.74000","2.28524","2506.31787","1.8096"
"13.76000","2.28861","2507.45068","1.8100"
"13.78000","2.29195","2508.54883","1.8103"
"13.80000","2.29525","2509.24121","1.8107"
"13.82000","2.29858","2509.41504","1.8110"
"13.84000","2.30191","2509.53882","1.8114"
"13.86000","2.30523","2509.50171","1.8117"
"13.88000","2.30857","2509.26904","1.8120"
"13.90000","2.31194","2509.32495","1.8123"
"13.92000","2.31526","2509.03491","1.8126"
"13.94000","2.31860","2508.78345","1.8129"
"13.96000","2.32196","2508.21240","1.8132"
"13.98000","2.32528","2507.23584","1.8135"
"14.00000","2.32857","2505.41821","1.8138"
"14.02000","2.33192","2503.27319","1.8142"
"14.04000","2.33524","2502.12158","1.8145"
"14.06000","2.33855","2502.63696","1.8151"
"14.08000","2.34193","2504.09424","1.8158"
"14.10000","2.34527","2505.46802","1.8169"
"14.12000","2.34857","2505.71924","1.8187"
"14.14000","2.35195","2497.33350","1.8261"
"14.16000","2.35528","2482.09888","1.8407"
"14.18000","2.35857","2475.53564","1.8548"
"14.20000","2.36194","2477.30981","1.8664"
"14.22000","2.36528","2481.38232","1.8771"
"14.24000","2.36858","2483.46973","1.8885"
"14.26000","2.37195","2484.09253","1.9005"
"14.28000","2.37529","2484.07397","1.9131"
"14.30000","2.37858","2483.84229","1.9260"
"14.32000","2.38192","2483.90015","1.9389"
"14.34000","2.38523","2484.49414","1.9517"
"14.36000","2.38850","2485.26587","1.9644"
"14.38000","2.39184","2486.23315","1.9770"
"14.40000","2.39520","2487.25562","1.9897"
"14.42000","2.39854","2488.29443","2.0027"
"14.44000","2.40191","2488.94556","2.0157"
"14.46000","2.40527","2489.48340","2.0287"
"14.48000","2.40859","2490.11230","2.0418"
"14.50000","2.41194","2490.65723","2.0549"
"14.52000","2.41530","2491.23413","2.0678"
"14.54000","2.41863","2491.94189","2.0808"
"14.56000","2.42198","2492.22339","2.0940"
"14.58000","2.42530","2492.70581","2.1072"
"14.60000","2.42859","2493.22656","2.1204"
"14.62000","2.43191","2493.52954","2.1338"
"14.64000","2.43522","2493.82397","2.1471"
"14.66000","2.43853","2494.20654","2.1606"
"14.68000","2.44188","2494.43140","2.1740"
"14.70000","2.44523","2494.77271","2.1873"
"14.72000","2.44858","2495.34546","2.2008"
"14.74000","2.45194","2495.74805","2.2140"
"14.76000","2.45529","2496.38916","2.2273"
"14.78000","2.45863","2496.81006","2.2405"
"14.80000","2.46197","2497.37427","2.2537"
"14.82000","2.46530","2497.80518","2.2669"
"14.84000","2.46862","2498.18115","2.2801"
"14.86000","2.47193","2498.52686","2.2934"
"14.88000","2.47526","2498.57202","2.3065"
"14.90000","2.47860","2498.91968","2.3196"
"14.92000","2.48193","2499.05298","2.3327"
"14.94000","2.48527","2499.15137","2.3454"
"14.96000","2.48859","2498.81274","2.3573"
"14.98000","2.49190","2498.06177","2.3679"
"15.00000","2.49524","2497.20874","2.3768"
"15.02000","2.49857","2496.53540","2.3838"
"15.04000","2.50191","2495.84033","2.3892"
"15.06000","2.50529","2495.57935","2.3933"
"15.08000","2.50862","2495.67896","2.3966"
"15.10000","2.51193","2496.31226","2.3996"
"15.12000","2.51528","2497.96167","2.4026"
"15.14000","2.51859","2499.44580","2.4055"
"15.16000","2.52190","2500.56567","2.4081"
"15.18000","2.52525","2501.85742","2.4106"
"15.20000","2.52858","2503.40967","2.4132"
"15.22000","2.53190","2504.57324","2.4161"
"15.24000","2.53528","2505.26245","2.4192"
"15.26000","2.53861","2505.46606","2.4226"
"15.28000","2.54191","2504.91675","2.4264"
"15.30000","2.54527","2504.29175","2.4302"
"15.32000","2.54859","2504.53735","2.4339"
"15.34000","2.55189","2505.24609","2.4375"
"15.36000","2.55527","2506.15210","2.4407"
"15.38000","2.55859","2507.43677","2.4435"
"15.40000","2.56189","2508.20752","2.4459"
"15.42000","2.56526","2508.42090","2.4480"
"15.44000","2.56859","2507.91821","2.4496"
"15.46000","2.57189","2506.29980","2.4508"
"15.48000","2.57526","2504.23486","2.4518"
"15.50000","2.57861","2503.92505","2.4527"
"15.52000","2.58192","2505.82373","2.4535"
"15.54000","2.58527","2509.04126","2.4546"
"15.56000","2.58862","2512.55249","2.4556"
"15.58000","2.59194","2515.34302","2.4566"
"15.60000","2.59527","2517.77930","2.4576"
"15.62000","2.59861","2519.51636","2.4588"
"15.64000","2.60191","2520.21997","2.4600"
"15.66000","2.60523","2519.14087","2.4610"
"15.68000","2.60857","2516.51318","2.4623"
"15.70000","2.61191","2514.05298","2.4634"
"15.72000","2.61524","2512.61890","2.4644"
"15.74000","2.61860","2512.33325","2.4656"
"15.76000","2.62192","2513.20581","2.4667"
"15.78000","2.62524","2514.24854","2.4678"
"15.80000","2.62860","2515.44531","2.4689"
"15.82000","2.63194","2517.04834","2.4702"
"15.84000","2.63526","2518.88306","2.4715"
"15.86000","2.63863","2520.34204","2.4730"
"15.88000","2.64197","2522.07129","2.4748"
"15.90000","2.64527","2523.71069","2.4769"
"15.92000","2.64859","2524.79224","2.4793"
"15.94000","2.65191","2525.23462","2.4827"
"15.96000","2.65521","2524.59375","2.4876"
"15.98000","2.65857","2522.43921","2.4942"
"16.00000","2.66192","2520.41064","2.5022"
"16.02000","2.66524","2519.51416","2.5107"
"16.04000","2.66860","2520.21411","2.5188"
"16.06000","2.67193","2521.35986","2.5266"
"16.08000","2.67525","2522.73242","2.5339"
"16.10000","2.67862","2523.69336","2.5407"
"16.12000","2.68196","2524.19849","2.5469"
"16.14000","2.68528","2524.51587","2.5524"
"16.16000","2.68863","2525.15283","2.5573"
"16.18000","2.69196","2525.49780","2.5615"
"16.20000","2.69526","2525.85083","2.5651"
"16.22000","2.69860","2525.94531","2.5684"
"16.24000","2.70191","2526.18506","2.5712"
"16.26000","2.70522","2526.46997","2.5737"
"16.28000","2.70857","2526.61304","2.5761"
"16.30000","2.71188","2526.87622","2.5781"
"16.32000","2.71520","2527.08423","2.5799"
"16.34000","2.71859","2526.84399","2.5816"
"16.36000","2.72193","2526.85205","2.5830"
"16.38000","2.72527","2526.84351","2.5842"
"16.40000","2.72864","2527.02490","2.5854"
"16.42000","2.73195","2527.43921","2.5865"
"16.44000","2.73525","2527.73413","2.5875"
"16.46000","2.73861","2528.24414","2.5885"
"16.48000","2.74192","2528.72876","2.5895"
"16.50000","2.74524","2529.03149","2.5905"
"16.52000","2.74862","2529.10718","2.5912"
"16.54000","2.75194","2529.31665","2.5919"
"16.56000","2.75524","2529.33472","2.5926"
"16.58000","2.75858","2529.10938","2.5933"
"16.60000","2.76191","2529.13354","2.5938"
"16.62000","2.76522","2529.23486","2.5944"
"16.64000","2.76858","2529.43579","2.5949"
"16.66000","2.77194","2529.47681","2.5954"
"16.68000","2.77526","2529.40039","2.5958"
"16.70000","2.77862","2529.17505","2.5962"
"16.72000","2.78197","2528.95679","2.5966"
"16.74000","2.78525","2528.82324","2.5969"
"16.76000","2.78857","2528.22827","2.5972"
"16.78000","2.79193","2528.09326","2.5975"
"16.80000","2.79525","2528.25244","2.5978"
"16.82000","2.79857","2528.20752","2.5980"
"16.84000","2.80194","2528.35376","2.5983"
"16.86000","2.80527","2528.87329","2.5986"
"16.88000","2.80858","2529.17993","2.5988"
"16.90000","2.81194","2529.66406","2.5992"
"16.92000","2.81527","2530.05249","2.5994"
"16.94000","2.81858","2530.63892","2.5996"
"16.96000","2.82193","2531.49292","2.5999"
"16.98000","2.82527","2532.52222","2.6002"
"17.00000","2.82855","2533.59204","2.6004"
"17.02000","2.83190","2534.44312","2.6007"
"17.04000","2.83524","2535.06104","2.6011"
"17.06000","2.83853","2535.52881","2.6013"
"17.08000","2.84190","2535.68433","2.6015"
"17.10000","2.84526","2535.03784","2.6018"
"17.12000","2.84858","2533.56836","2.6019"
"17.14000","2.85195","2530.57617","2.6020"
"17.16000","2.85530","2526.62720","2.6021"
"17.18000","2.85862","2523.69800","2.6021"
"17.20000","2.86196","2522.96973","2.6023"
"17.22000","2.86529","2523.94800","2.6027"
"17.24000","2.86858","2524.95923","2.6031"
"17.26000","2.87191","2525.46118","2.6033"
"17.28000","2.87522","2525.64282","2.6035"
"17.30000","2.87854","2525.54688","2.6038"
"17.32000","2.88191","2525.76685","2.6040"
"17.34000","2.88525","2525.84839","2.6042"
"17.36000","2.88859","2525.54663","2.6045"
"17.38000","2.89195","2525.31982","2.6049"
"17.40000","2.89528","2525.04980","2.6050"
"17.42000","2.89860","2525.23340","2.6052"
"17.44000","2.90196","2525.36792","2.6053"
"17.46000","2.90530","2525.60254","2.6055"
"17.48000","2.90863","2525.89185","2.6058"
"17.50000","2.91198","2526.41431","2.6061"
"17.52000","2.91527","2527.31152","2.6063"
"17.54000","2.91856","2528.21680","2.6065"
"17.56000","2.92188","2528.78784","2.6068"
"17.58000","2.92519","2529.61670","2.6071"
"17.60000","2.92853","2530.73877","2.6073"
"17.62000","2.93191","2531.77734","2.6075"
"17.64000","2.93526","2532.99878","2.6077"
"17.66000","2.93859","2534.11548","2.6080"
"17.68000","2.94195","2535.21216","2.6084"
"17.70000","2.94528","2536.47119","2.6087"
"17.72000","2.94861","2537.77832","2.6089"
"17.74000","2.95195","2539.15332","2.6091"
"17.76000","2.95528","2540.55054","2.6097"
"17.78000","2.95859","2541.22021","2.6098"
"17.80000","2.96193","2541.59741","2.6101"
"17.82000","2.96527","2542.24243","2.6106"
"17.84000","2.96857","2542.52612","2.6108"
"17.86000","2.97188","2542.38379","2.6109"
"17.88000","2.97523","2541.23267","2.6111"
"17.90000","2.97855","2538.93921","2.6111"
"17.92000","2.98188","2536.67651","2.6111"
"17.94000","2.98527","2536.18311","2.6111"
"17.96000","2.98860","2537.09448","2.6113"
"17.98000","2.99191","2538.43115","2.6115"
"18.00000","2.99529","2539.83691","2.6117"
"18.02000","2.99861","2541.24243","2.6121"
"18.04000","3.00191","2542.18726","2.6123"
"18.06000","3.00528","2542.84058","2.6124"
"18.08000","3.00862","2543.59912","2.6126"
"18.10000","3.01191","2543.75757","2.6128"
"18.12000","3.01526","2543.41772","2.6129"
"18.14000","3.01859","2542.70996","2.6130"
"18.16000","3.02189","2541.12964","2.6130"
"18.18000","3.02525","2538.68579","2.6131"
"18.20000","3.02860","2536.66382","2.6130"
"18.22000","3.03190","2534.94409","2.6131"
"18.24000","3.03525","2534.20776","2.6133"
"18.26000","3.03860","2534.56616","2.6134"
"18.28000","3.04193","2534.94092","2.6135"
"18.30000","3.04529","2534.73022","2.6137"
"18.32000","3.04862","2534.62598","2.6140"
"18.34000","3.05190","2534.67627","2.6140"
"18.36000","3.05524","2534.37109","2.6142"
"18.38000","3.05856","2534.39746","2.6144"
"18.40000","3.06188","2534.54468","2.6145"
"18.42000","3.06525","2534.28540","2.6147"
"18.44000","3.06861","2534.20483","2.6149"
"18.46000","3.07194","2533.96753","2.6151"
"18.48000","3.07529","2533.71484","2.6152"
"18.50000","3.07861","2533.79907","2.6153"
"18.52000","3.08193","2533.70996","2.6156"
"18.54000","3.08528","2533.48730","2.6158"
"18.56000","3.08860","2533.79346","2.6159"
"18.58000","3.09193","2533.47192","2.6161"
"18.60000","3.09527","2533.23584","2.6162"
"18.62000","3.09859","2532.91479","2.6163"
"18.64000","3.10191","2532.47534","2.6165"
"18.66000","3.10525","2532.20117","2.6165"
"18.68000","3.10857","2531.78979","2.6168"
"18.70000","3.11190","2531.37109","2.6169"
"18.72000","3.11525","2530.63452","2.6169"
"18.74000","3.11860","2530.08203","2.6171"
"18.76000","3.12194","2529.19751","2.6172"
"18.78000","3.12529","2527.55127","2.6172"
"18.80000","3.12863","2525.30103","2.6171"
"18.82000","3.13194","2523.09839","2.6171"
"18.84000","3.13525","2521.51685","2.6170"
"18.86000","3.13857","2521.20703","2.6169"
"18.88000","3.14188","2521.16895","2.6171"
"18.90000","3.14521","2521.18140","2.6172"
"18.92000","3.14857","2521.27319","2.6170"
"18.94000","3.15190","2521.32739","2.6172"
"18.96000","3.15522","2521.06738","2.6173"
"18.98000","3.15859","2520.84595","2.6174"
"19.00000","3.16193","2521.29932","2.6173"
"19.02000","3.16526","2521.02344","2.6174"
"19.04000","3.16863","2520.96216","2.6175"
"19.06000","3.17196","2521.04297","2.6173"
"19.08000","3.17529","2520.88965","2.6174"
"19.10000","3.17866","2520.93848","2.6176"
"19.12000","3.18197","2521.19238","2.6174"
"19.14000","3.18524","2520.84961","2.6175"
"19.16000","3.18856","2520.41895","2.6177"
"19.18000","3.19186","2520.29590","2.6176"
"19.20000","3.19516","2520.44043","2.6175"
"19.22000","3.19857","2520.45581","2.6176"
"19.24000","3.20193","2520.51050","2.6177"
"19.26000","3.20525","2519.93799","2.6176"
"19.28000","3.20863","2519.61865","2.6174"
"19.30000","3.21197","2519.44312","2.6175"
"19.32000","3.21526","2518.78564","2.6175"
"19.34000","3.21863","2517.79956","2.6173"
"19.36000","3.22198","2516.28760","2.6173"
"19.38000","3.22527","2512.39624","2.6172"
"19.40000","3.22861","2507.77588","2.6169"
"19.42000","3.23193","2505.37500","2.6167"
"19.44000","3.23522","2504.61719","2.6169"
"19.46000","3.23856","2504.55273","2.6167"
"19.48000","3.24190","2504.48706","2.6167"
"19.50000","3.24520","2503.67920","2.6170"
"19.52000","3.24855","2503.03979","2.6171"
"19.54000","3.25190","2503.02100","2.6170"
"19.56000","3.25524","2502.77124","2.6171"
"19.58000","3.25859","2502.20532","2.6172"
"19.60000","3.26195","2501.88721","2.6171"
"19.62000","3.26528","2501.64917","2.6172"
"19.64000","3.26860","2501.35962","2.6173"
"19.66000","3.27194","2501.01416","2.6173"
"19.68000","3.27526","2500.58154","2.6174"
"19.70000","3.27859","2499.91724","2.6175"
"19.72000","3.28194","2499.34985","2.6176"
"19.74000","3.28527","2499.03223","2.6175"
"19.76000","3.28859","2498.22559","2.6175"
"19.78000","3.29192","2497.72046","2.6177"
"19.80000","3.29524","2497.52148","2.6176"
"19.82000","3.29856","2496.97070","2.6176"
"19.84000","3.30192","2496.42480","2.6177"
"19.86000","3.30527","2495.86792","2.6177"
"19.88000","3.30860","2495.31958","2.6178"
"19.90000","3.31196","2494.84058","2.6179"
"19.92000","3.31530","2494.51245","2.6179"
"19.94000","3.31861","2493.89233","2.6179"
"19.96000","3.32193","2493.01465","2.6181"
"19.98000","3.32526","2492.32788","2.6180"
"20.00000","3.32858","2491.78784","2.6180"
"20.02000","3.33194","2491.34790","2.6181"
"20.04000","3.33529","2490.66602","2.6182"
"20.06000","3.33862","2489.70679","2.6180"
"20.08000","3.34196","2489.24854","2.6181"
"20.10000","3.34527","2488.57690","2.6183"
"20.12000","3.34858","2487.89966","2.6183"
"20.14000","3.35192","2487.49561","2.6181"
"20.16000","3.35526","2487.06812","2.6184"
"20.18000","3.35859","2486.38330","2.6185"
"20.20000","3.36196","2485.80811","2.6183"
"20.22000","3.36526","2484.99243","2.6183"
"20.24000","3.36855","2484.11719","2.6184"
"20.26000","3.37190","2483.43115","2.6185"
"20.28000","3.37523","2483.14502","2.6185"
"20.30000","3.37856","2482.24951","2.6186"
"20.32000","3.38194","2481.55298","2.6186"
"20.34000","3.38528","2480.93896","2.6185"
"20.36000","3.38860","2480.13916","2.6186"
"20.38000","3.39199","2479.52686","2.6186"
"20.40000","3.39530","2479.22290","2.6186"
"20.42000","3.39859","2478.42627","2.6186"
"20.44000","3.40193","2477.39355","2.6185"
"20.46000","3.40524","2476.62280","2.6187"
"20.48000","3.40853","2475.78687","2.6186"
"20.50000","3.41188","2475.31152","2.6186"
"20.52000","3.41523","2474.41650","2.6188"
"20.54000","3.41856","2473.38037","2.6189"
"20.56000","3.42194","2472.78247","2.6187"
"20.58000","3.42529","2472.43237","2.6185"
"20.60000","3.42858","2471.36084","2.6188"
"20.62000","3.43193","2470.09351","2.6190"
"20.64000","3.43529","2469.39307","2.6189"
"20.66000","3.43860","2468.64380","2.6188"
"20.68000","3.44194","2467.64087","2.6187"
"20.70000","3.44530","2466.84912","2.6187"
"20.72000","3.44861","2466.14941","2.6188"
"20.74000","3.45191","2464.99146","2.6190"
"20.76000","3.45523","2464.21313","2.6189"
"20.78000","3.45852","2463.87671","2.6187"
"20.80000","3.46184","2462.92773","2.6187"
"20.82000","3.46521","2461.99854","2.6188"
"20.84000","3.46858","2460.95703","2.6189"
"20.86000","3.47192","2459.98755","2.6189"
"20.88000","3.47528","2459.15186","2.6187"
"20.90000","3.47862","2458.28467","2.6187"
"20.92000","3.48193","2457.27051","2.6187"
"20.94000","3.48530","2456.20142","2.6188"
"20.96000","3.48865","2455.35547","2.6188"
"20.98000","3.49194","2454.75830","2.6186"
"21.00000","3.49529","2453.85156","2.6186"
"21.02000","3.49862","2452.81885","2.6187"
"21.04000","3.50190","2451.73804","2.6187"
"21.06000","3.50523","2450.67896","2.6187"
"21.08000","3.50856","2449.87842","2.6187"
"21.10000","3.51186","2448.83154","2.6186"
"21.12000","3.51523","2448.05688","2.6186"
"21.14000","3.51859","2447.16748","2.6186"
"21.16000","3.52193","2445.87158","2.6187"
"21.18000","3.52531","2444.82983","2.6186"
"21.20000","3.52864","2443.81299","2.6184"
"21.22000","3.53195","2442.34058","2.6184"
"21.24000","3.53530","2441.13062","2.6184"
"21.26000","3.53861","2439.98364","2.6183"
"21.28000","3.54191","2438.51270","2.6182"
"21.30000","3.54526","2436.90527","2.6181"
"21.32000","3.54858","2434.82178","2.6180"
"21.34000","3.55190","2432.52637","2.6178"
"21.36000","3.55526","2430.40967","2.6178"
"21.38000","3.55857","2428.95703","2.6178"
"21.40000","3.56189","2428.06860","2.6177"
"21.42000","3.56524","2427.55737","2.6176"
"21.44000","3.56856","2427.28076","2.6176"
"21.46000","3.57190","2426.92725","2.6175"
"21.48000","3.57529","2426.10938","2.6174"
"21.50000","3.57862","2425.55664","2.6173"
"21.52000","3.58193","2424.72876","2.6173"
"21.54000","3.58527","2423.54297","2.6173"
"21.56000","3.58857","2422.52612","2.6172"
"21.58000","3.59187","2421.15845","2.6172"
"21.60000","3.59524","2420.06836","2.6172"
"21.62000","3.59859","2419.31299","2.6170"
"21.64000","3.60191","2418.13574","2.6169"
"21.66000","3.60527","2416.90845","2.6169"
"21.68000","3.60861","2415.82471","2.6169"
"21.70000","3.61191","2414.83325","2.6168"
"21.72000","3.61525","2413.94678","2.6165"
"21.74000","3.61860","2412.42749","2.6169"
"21.76000","3.62192","2411.34155","2.6169"
"21.78000","3.62525","2410.61572","2.6164"
"21.80000","3.62862","2409.64673","2.6167"
"21.82000","3.63193","2408.58521","2.6168"
"21.84000","3.63525","2407.53662","2.6164"
"21.86000","3.63861","2406.50854","2.6165"
"21.88000","3.64192","2405.66309","2.6166"
"21.90000","3.64523","2404.57275","2.6165"
"21.92000","3.64861","2403.51953","2.6163"
"21.94000","3.65195","2402.66992","2.6163"
"21.96000","3.65526","2401.24829","2.6165"
"21.98000","3.65864","2400.23877","2.6163"
"22.00000","3.66197","2399.08521","2.6163"
"22.02000","3.66527","2397.65894","2.6165"
"22.04000","3.66862","2396.65552","2.6162"
"22.06000","3.67194","2395.51245","2.6162"
"22.08000","3.67523","2394.27954","2.6163"
"22.10000","3.67857","2393.00977","2.6162"
"22.12000","3.68191","2391.51855","2.6162"
"22.14000","3.68520","2390.35620","2.6161"
"22.16000","3.68856","2389.27856","2.6160"
"22.18000","3.69192","2388.14722","2.6160"
"22.20000","3.69523","2386.74536","2.6159"
"22.22000","3.69860","2385.34741","2.6159"
"22.24000","3.70195","2383.96460","2.6158"
"22.26000","3.70527","2382.52979","2.6158"
"22.28000","3.70862","2381.02295","2.6158"
"22.30000","3.71196","2379.86548","2.6157"
"22.32000","3.71525","2378.57202","2.6157"
"22.34000","3.71857","2377.24951","2.6156"
"22.36000","3.72188","2375.92017","2.6155"
"22.38000","3.72518","2374.32544","2.6155"
"22.40000","3.72855","2372.79053","2.6154"
"22.42000","3.73189","2371.61108","2.6154"
"22.44000","3.73524","2370.25244","2.6153"
"22.46000","3.73862","2368.56299","2.6152"
"22.48000","3.74195","2367.23755","2.6152"
"22.50000","3.74528","2365.56226","2.6150"
"22.52000","3.74862","2363.83008","2.6151"
"22.54000","3.75195","2362.52271","2.6150"
"22.56000","3.75529","2360.93726","2.6149"
"22.58000","3.75866","2359.42212","2.6149"
"22.60000","3.76196","2358.15430","2.6148"
"22.62000","3.76526","2356.45703","2.6148"
"22.64000","3.76859","2354.76636","2.6148"
"22.66000","3.77189","2353.14111","2.6147"
"22.68000","3.77521","2351.62842","2.6146"
"22.70000","3.77855","2350.30273","2.6145"
"22.72000","3.78188","2348.78052","2.6145"
"22.74000","3.78521","2346.89062","2.6144"
"22.76000","3.78859","2345.30957","2.6143"
"22.78000","3.79195","2343.82739","2.6143"
"22.80000","3.79528","2342.05664","2.6142"
"22.82000","3.79863","2340.41113","2.6141"
"22.84000","3.80197","2338.82617","2.6140"
"22.86000","3.80528","2336.98926","2.6140"
"22.88000","3.80859","2335.39429","2.6138"
"22.90000","3.81193","2333.96899","2.6138"
"22.92000","3.81526","2332.03394","2.6137"
"22.94000","3.81859","2330.26001","2.6137"
"22.96000","3.82194","2328.61646","2.6136"
"22.98000","3.82525","2326.91504","2.6135"
"23.00000","3.82855","2324.77466","2.6134"
"23.02000","3.83191","2323.00806","2.6134"
"23.04000","3.83523","2321.22827","2.6133"
"23.06000","3.83854","2319.17847","2.6132"
"23.08000","3.84194","2317.48047","2.6131"
"23.10000","3.84530","2315.66357","2.6131"
"23.12000","3.84861","2313.68726","2.6130"
"23.14000","3.85198","2311.76733","2.6129"
"23.16000","3.85529","2309.94214","2.6128"
"23.18000","3.85856","2308.11938","2.6126"
"23.20000","3.86192","2306.36157","2.6126"
"23.22000","3.86525","2304.64526","2.6125"
"23.24000","3.86854","2302.54541","2.6124"
"23.26000","3.87193","2300.34229","2.6123"
"23.28000","3.87528","2298.32983","2.6122"
"23.30000","3.87859","2296.02344","2.6122"
"23.32000","3.88194","2293.92920","2.6121"
"23.34000","3.88527","2292.10547","2.6120"
"23.36000","3.88858","2290.33301","2.6120"
"23.38000","3.89193","2288.11597","2.6118"
"23.40000","3.89527","2286.16479","2.6116"
"23.42000","3.89859","2284.36060","2.6115"
"23.44000","3.90193","2281.97974","2.6115"
"23.46000","3.90525","2279.76270","2.6113"
"23.48000","3.90855","2277.48926","2.6112"
"23.50000","3.91189","2275.41040","2.6111"
"23.52000","3.91525","2273.48682","2.6110"
"23.54000","3.91860","2271.38940","2.6110"
"23.56000","3.92196","2269.11377","2.6108"
"23.58000","3.92531","2266.86011","2.6107"
"23.60000","3.92861","2264.64282","2.6106"
"23.62000","3.93194","2261.98975","2.6105"
"23.64000","3.93527","2259.86694","2.6105"
"23.66000","3.93859","2257.90405","2.6102"
"23.68000","3.94193","2255.57202","2.6101"
"23.70000","3.94526","2253.14941","2.6102"
"23.72000","3.94859","2250.51172","2.6099"
"23.74000","3.95193","2248.11646","2.6098"
"23.76000","3.95527","2245.80273","2.6099"
"23.78000","3.95860","2243.70557","2.6097"
"23.80000","3.96193","2241.28613","2.6095"
"23.82000","3.96527","2238.93408","2.6095"
"23.84000","3.96860","2236.47583","2.6093"
"23.86000","3.97193","2233.90356","2.6091"
"23.88000","3.97529","2231.52563","2.6090"
"23.90000","3.97864","2228.95752","2.6090"
"23.92000","3.98197","2226.58765","2.6088"
"23.94000","3.98530","2224.21680","2.6085"
"23.96000","3.98859","2221.35327","2.6085"
"23.98000","3.99188","2218.61841","2.6084"
"24.00000","3.99520","2216.14062","2.6082"
"24.02000","3.99854","2213.66382","2.6081"
"24.04000","4.00189","2211.03931","2.6080"
"24.06000","4.00528","2208.53247","2.6079"
"24.08000","4.00861","2205.56885","2.6077"
"24.10000","4.01193","2202.90186","2.6075"
"24.12000","4.01530","2200.30371","2.6075"
"24.14000","4.01862","2197.49487","2.6073"
"24.16000","4.02194","2194.53638","2.6072"
"24.18000","4.02531","2192.01978","2.6072"
"24.20000","4.02862","2189.60522","2.6070"
"24.22000","4.03193","2186.65771","2.6067"
"24.24000","4.03529","2184.01465","2.6066"
"24.26000","4.03859","2181.12866","2.6065"
"24.28000","4.04187","2178.14917","2.6064"
"24.30000","4.04523","2175.13208","2.6061"
"24.32000","4.04856","2172.36523","2.6060"
"24.34000","4.05187","2169.71777","2.6059"
"24.36000","4.05526","2166.78296","2.6058"
"24.38000","4.05860","2163.65161","2.6056"
"24.40000","4.06192","2160.36450","2.6054"
"24.42000","4.06531","2157.37158","2.6053"
"24.44000","4.06865","2154.72437","2.6051"
"24.46000","4.07194","2151.67065","2.6049"
"24.48000","4.07530","2148.43408","2.6048"
"24.50000","4.07862","2145.73608","2.6046"
"24.52000","4.08191","2142.48169","2.6044"
"24.54000","4.08527","2139.14355","2.6042"
"24.56000","4.08860","2136.01514","2.6040"
"24.58000","4.09191","2132.69678","2.6039"
"24.60000","4.09525","2129.40112","2.6037"
"24.62000","4.09859","2126.30469","2.6035"
"24.64000","4.10190","2122.84985","2.6033"
"24.66000","4.10523","2119.78784","2.6031"
"24.68000","4.10859","2116.70850","2.6030"
"24.70000","4.11194","2113.59497","2.6028"
"24.72000","4.11528","2110.31519","2.6026"
"24.74000","4.11864","2106.93115","2.6023"
"24.76000","4.12194","2103.73315","2.6022"
"24.78000","4.12525","2100.10156","2.6020"
"24.80000","4.12859","2096.54102","2.6018"
"24.82000","4.13191","2093.10156","2.6016"
"24.84000","4.13523","2089.58545","2.6014"
"24.86000","4.13859","2086.24609","2.6012"
"24.88000","4.14193","2082.50464","2.6009"
"24.90000","4.14525","2078.60669","2.6007"
"24.92000","4.14859","2075.34424","2.6005"
"24.94000","4.15193","2071.91968","2.6002"
"24.96000","4.15525","2068.09277","2.6000"
"24.98000","4.15860","2064.42822","2.5998"
"25.00000","4.16194","2060.99976","2.5996"
"25.02000","4.16526","2057.26538","2.5994"
"25.04000","4.16860","2053.51270","2.5992"
"25.06000","4.17193","2049.71045","2.5989"
"25.08000","4.17524","2045.77112","2.5986"
"25.10000","4.17859","2041.61963","2.5984"
"25.12000","4.18192","2037.68445","2.5982"
"25.14000","4.18524","2033.86133","2.5979"
"25.16000","4.18861","2029.92004","2.5977"
"25.18000","4.19196","2026.14758","2.5975"
"25.20000","4.19528","2022.12915","2.5972"
"25.22000","4.19864","2017.93945","2.5969"
"25.24000","4.20196","2013.90161","2.5967"
"25.26000","4.20527","2010.02527","2.5965"
"25.28000","4.20860","2006.06421","2.5963"
"25.30000","4.21190","2001.72083","2.5960"
"25.32000","4.21523","1997.35242","2.5957"
"25.34000","4.21860","1993.15747","2.5954"
"25.36000","4.22191","1988.95898","2.5952"
"25.38000","4.22523","1984.52527","2.5949"
"25.40000","4.22860","1980.27869","2.5946"
"25.42000","4.23193","1976.26599","2.5943"
"25.44000","4.23525","1971.84924","2.5941"
"25.46000","4.23862","1967.20813","2.5938"
"25.48000","4.24195","1962.94238","2.5936"
"25.50000","4.24528","1958.51868","2.5933"
"25.52000","4.24865","1953.76721","2.5931"
"25.54000","4.25197","1949.39929","2.5928"
"25.56000","4.25524","1944.64526","2.5924"
"25.58000","4.25856","1940.05151","2.5921"
"25.60000","4.26187","1935.28162","2.5919"
"25.62000","4.26519","1930.61792","2.5916"
"25.64000","4.26857","1926.01758","2.5913"
"25.66000","4.27194","1921.34644","2.5910"
"25.68000","4.27527","1916.37134","2.5907"
"25.70000","4.27863","1911.27747","2.5904"
"25.72000","4.28199","1906.44360","2.5902"
"25.74000","4.28529","1901.07727","2.5899"
"25.76000","4.28862","1895.97327","2.5895"
"25.78000","4.29199","1891.31702","2.5892"
"25.80000","4.29530","1886.55273","2.5890"
"25.82000","4.29860","1881.20923","2.5886"
"25.84000","4.30194","1876.11426","2.5882"
"25.86000","4.30525","1870.85925","2.5879"
"25.88000","4.30856","1865.08228","2.5876"
"25.90000","4.31191","1859.79883","2.5873"
"25.92000","4.31524","1854.28784","2.5869"
"25.94000","4.31852","1848.54700","2.5866"
"25.96000","4.32189","1843.33069","2.5862"
"25.98000","4.32526","1838.12915","2.5859"
"26.00000","4.32859","1832.45667","2.5856"
"26.02000","4.33196","1826.59534","2.5852"
"26.04000","4.33531","1820.80176","2.5848"
"26.06000","4.33860","1815.01550","2.5844"
"26.08000","4.34194","1809.26379","2.5842"
"26.10000","4.34527","1803.31299","2.5839"
"26.12000","4.34857","1797.31824","2.5835"
"26.14000","4.35192","1791.28943","2.5832"
"26.16000","4.35527","1785.13770","2.5828"
"26.18000","4.35858","1778.89465","2.5823"
"26.20000","4.36192","1772.67236","2.5819"
"26.22000","4.36526","1766.24487","2.5816"
"26.24000","4.36857","1760.01868","2.5811"
"26.26000","4.37193","1753.37573","2.5807"
"26.28000","4.37527","1746.71899","2.5802"
"26.30000","4.37860","1739.76965","2.5798"
"26.32000","4.38197","1733.27795","2.5794"
"26.34000","4.38530","1726.75403","2.5790"
"26.36000","4.38860","1719.98572","2.5786"
"26.38000","4.39194","1713.16272","2.5781"
"26.40000","4.39527","1706.03564","2.5776"
"26.42000","4.39858","1698.55042","2.5772"
"26.44000","4.40193","1691.29504","2.5767"
"26.46000","4.40526","1684.04443","2.5761"
"26.48000","4.40859","1676.80444","2.5756"
"26.50000","4.41196","1669.22925","2.5751"
"26.52000","4.41528","1661.40906","2.5746"
"26.54000","4.41860","1653.74536","2.5740"
"26.56000","4.42194","1646.08118","2.5735"
"26.58000","4.42527","1638.24854","2.5731"
"26.60000","4.42859","1630.09387","2.5725"
"26.62000","4.43197","1621.76624","2.5720"
"26.64000","4.43529","1613.55627","2.5715"
"26.66000","4.43858","1604.78723","2.5708"
"26.68000","4.44192","1595.64917","2.5702"
"26.70000","4.44524","1586.39771","2.5697"
"26.72000","4.44857","1576.33496","2.5690"
"26.74000","4.45193","1565.88940","2.5682"
"26.76000","4.45528","1554.32751","2.5675"
"26.78000","4.45861","1541.28442","2.5667"
"26.80000","4.46197","1526.05872","2.5657"
"26.82000","4.46534","1508.38416","2.5646"
"26.84000","4.46865","1486.50818","2.5632"
"26.86000","4.47196","1459.85535","2.5616"
"26.88000","4.47530","1427.34863","2.5596"
"26.90000","4.47860","1384.19189","2.5569"
"26.92000","4.48193","1261.03149","2.5507"
"26.92700","4.48316","1112.37280","2.5432"
"26.93200","4.48405","967.69116","2.5321"
"26.93500","4.48458","874.88611","2.5270"
