timestamp,time,acceleration_x,acceleration_y,acceleration_z,acceleration_norm,w_x,w_y,w_z,altitude
04/28/2023 10:14:53 am,0,-0.1,0.3,9.9,9.9,0.00024,-0.1,0.2,57.3
04/28/2023 10:14:53 am,0.05,-0.1,0.4,9.9,10,-0.00098,0,0.2,57.3
04/28/2023 10:14:53 am,0.1,-0.1,0.4,10,10,0,0.2,0.2,57.4
04/28/2023 10:14:53 am,0.15,-0.3,0.5,9.9,10,0,0.3,0.1,57.4
04/28/2023 10:14:53 am,0.2,-0.4,0.5,9.9,9.9,0,0.4,0,57.4
04/28/2023 10:14:53 am,0.25,-0.6,0.5,9.8,9.9,0,0.4,-0.1,57.4
04/28/2023 10:14:53 am,0.3,-0.8,0.6,9.7,9.8,0,0.4,-0.2,57.4
04/28/2023 10:14:53 am,0.35,-1,0.5,9.7,9.7,0,0.4,-0.3,57.5
04/28/2023 10:14:53 am,0.4,-1.2,0.5,9.6,9.7,0,0.3,-0.5,57.4
04/28/2023 10:14:53 am,0.45,-1.4,0.4,9.6,9.7,0,0.2,-0.6,57.4
04/28/2023 10:14:53 am,0.5,-1.5,0.4,9.5,9.6,0.1,0.1,-0.6,57.4
04/28/2023 10:14:53 am,0.55,-1.5,0.3,9.5,9.6,0.1,0,-0.6,57.5
04/28/2023 10:14:53 am,0.6,-1.5,0.2,9.5,9.6,0.1,-0.2,-0.6,57.5
04/28/2023 10:14:53 am,0.65,-1.4,0.2,9.6,9.7,0,-0.3,-0.5,57.4
04/28/2023 10:14:53 am,0.7,-1.2,0.1,9.6,9.7,0,-0.4,-0.4,57.4
04/28/2023 10:14:53 am,0.75,-1.1,0.1,9.7,9.8,0,-0.4,-0.3,57.4
04/28/2023 10:14:53 am,0.8,-0.9,0.1,9.8,9.8,0,-0.4,-0.2,57.4
04/28/2023 10:14:53 am,0.85,-0.7,0,9.9,9.9,0,-0.4,-0.1,57.4
04/28/2023 10:14:53 am,0.9,-0.4,0.1,9.9,9.9,0,-0.4,0,57.4
04/28/2023 10:14:53 am,0.95,-0.3,0.2,9.9,9.9,0,-0.3,0.1,57.4
04/28/2023 10:14:54 am,1,-0.2,0.1,10,10,0,-0.2,0.2,57.5
04/28/2023 10:14:54 am,1.05,-0.1,0.2,10,10,0,-0.1,0.2,57.4
04/28/2023 10:14:54 am,1.1,-0.1,0.3,10,10,0,0.1,0.2,57.5
04/28/2023 10:14:54 am,1.15,-0.2,0.3,9.9,9.9,0,0.2,0.2,57.5
04/28/2023 10:14:54 am,1.2,-0.3,0.3,9.9,10,0,0.3,0.1,57.4
04/28/2023 10:14:54 am,1.25,-0.5,0.4,9.9,9.9,0,0.4,0,57.4
04/28/2023 10:14:54 am,1.3,-0.7,0.4,9.8,9.9,0.00024,0.4,-0.2,57.4
04/28/2023 10:14:54 am,1.35,-0.9,0.4,9.7,9.8,0,0.4,-0.3,57.4
04/28/2023 10:14:54 am,1.4,-1.1,0.4,9.7,9.7,0,0.4,-0.4,57.4
04/28/2023 10:14:54 am,1.45,-1.3,0.3,9.6,9.7,0,0.3,-0.5,57.4
04/28/2023 10:14:54 am,1.5,-1.4,0.3,9.6,9.7,0.1,0.2,-0.6,57.4
04/28/2023 10:14:54 am,1.55,-1.5,0.2,9.5,9.6,0.1,0.1,-0.6,57.4
04/28/2023 10:14:54 am,1.6,-1.5,0.2,9.6,9.7,0.1,-0.1,-0.6,57.4
04/28/2023 10:14:54 am,1.65,-1.5,0.1,9.6,9.7,0,-0.2,-0.6,57.4
04/28/2023 10:14:54 am,1.7,-1.3,0,9.6,9.7,0,-0.3,-0.5,57.4
04/28/2023 10:14:54 am,1.75,-1.2,0,9.7,9.8,0,-0.4,-0.4,57.4
04/28/2023 10:14:54 am,1.8,-1,0,9.7,9.8,0,-0.4,-0.3,57.4
04/28/2023 10:14:54 am,1.85,-0.8,-0.1,9.8,9.8,0,-0.4,-0.2,57.3
04/28/2023 10:14:54 am,1.9,-0.6,-0.1,9.9,9.9,0,-0.4,0,57.4
04/28/2023 10:14:54 am,1.95,-0.4,0,10,10,0,-0.3,0.1,57.4
04/28/2023 10:14:55 am,2,-0.3,0,10,10,0,-0.2,0.1,57.4
04/28/2023 10:14:55 am,2.05,-0.2,0.1,10,10,0,-0.1,0.2,57.4
04/28/2023 10:14:55 am,2.1,-0.2,0.1,10,10,0,0,0.2,57.4
04/28/2023 10:14:55 am,2.15,-0.2,0.2,10,10,-0.00098,0.1,0.2,57.5
04/28/2023 10:14:55 am,2.2,-0.3,0.2,10,10,0,0.2,0.1,57.5
04/28/2023 10:14:55 am,2.25,-0.4,0.3,9.9,9.9,0,0.3,0,57.5
04/28/2023 10:14:55 am,2.3,-0.6,0.3,9.9,9.9,0,0.4,-0.1,57.4
04/28/2023 10:14:55 am,2.35,-0.8,0.3,9.8,9.8,0,0.4,-0.2,57.5
04/28/2023 10:14:55 am,2.4,-1,0.3,9.7,9.8,0,0.4,-0.3,57.5
04/28/2023 10:14:55 am,2.45,-1.2,0.2,9.7,9.7,0,0.3,-0.4,57.4
04/28/2023 10:14:55 am,2.5,-1.3,0.2,9.6,9.7,0,0.2,-0.5,57.5
04/28/2023 10:14:55 am,2.55,-1.5,0.2,9.6,9.7,0.1,0.1,-0.6,57.5
04/28/2023 10:14:55 am,2.6,-1.5,0.1,9.6,9.7,0.1,0,-0.6,57.4
04/28/2023 10:14:55 am,2.65,-1.5,0.1,9.6,9.7,0.1,-0.1,-0.6,57.4
04/28/2023 10:14:55 am,2.7,-1.4,0,9.6,9.7,0,-0.2,-0.5,57.4
04/28/2023 10:14:55 am,2.75,-1.3,-0.1,9.6,9.7,0,-0.3,-0.4,57.4
04/28/2023 10:14:55 am,2.8,-1.1,-0.1,9.7,9.8,0,-0.4,-0.3,57.4
04/28/2023 10:14:55 am,2.85,-0.9,-0.1,9.8,9.8,0,-0.4,-0.2,57.4
04/28/2023 10:14:55 am,2.9,-0.7,-0.1,9.8,9.9,0,-0.4,-0.1,57.4
04/28/2023 10:14:55 am,2.95,-0.5,-0.1,9.9,9.9,0,-0.4,0,57.4
04/28/2023 10:14:56 am,3,-0.4,0,9.9,9.9,0,-0.3,0.1,57.4
04/28/2023 10:14:56 am,3.05,-0.3,0,10,10,0,-0.2,0.2,57.4
04/28/2023 10:14:56 am,3.1,-0.2,0,10,10,0,-0.1,0.2,57.4
04/28/2023 10:14:56 am,3.15,-0.2,0.1,10,10,0,0.1,0.2,57.4
04/28/2023 10:14:56 am,3.2,-0.3,0.1,10,10,0,0.2,0.1,57.4
04/28/2023 10:14:56 am,3.25,-0.4,0.1,9.9,9.9,0,0.3,0.1,57.4
04/28/2023 10:14:56 am,3.3,-0.5,0.2,9.9,9.9,0,0.3,0,57.4
04/28/2023 10:14:56 am,3.35,-0.7,0.2,9.9,9.9,0.00024,0.4,-0.1,57.4
04/28/2023 10:14:56 am,3.4,-0.9,0.2,9.8,9.8,0,0.4,-0.2,57.3
04/28/2023 10:14:56 am,3.45,-1.1,0.2,9.7,9.8,0,0.4,-0.4,57.4
04/28/2023 10:14:56 am,3.5,-1.3,0.2,9.6,9.7,0,0.3,-0.5,57.3
04/28/2023 10:14:56 am,3.55,-1.3,0.1,9.6,9.7,0,0.2,-0.5,57.4
04/28/2023 10:14:56 am,3.6,-1.5,0.1,9.6,9.7,0.1,0.1,-0.6,57.4
04/28/2023 10:14:56 am,3.65,-1.5,0,9.5,9.7,0.1,0,-0.6,57.4
04/28/2023 10:14:56 am,3.7,-1.4,0,9.6,9.7,0.1,-0.1,-0.5,57.4
04/28/2023 10:14:56 am,3.75,-1.3,-0.1,9.6,9.7,0,-0.3,-0.5,57.4
04/28/2023 10:14:56 am,3.8,-1.2,-0.2,9.7,9.7,0,-0.3,-0.4,57.4
04/28/2023 10:14:56 am,3.85,-1,-0.2,9.7,9.8,0,-0.4,-0.3,57.4
04/28/2023 10:14:56 am,3.9,-0.9,-0.2,9.8,9.8,0,-0.4,-0.2,57.3
04/28/2023 10:14:56 am,3.95,-0.7,-0.2,9.8,9.9,0,-0.4,-0.1,57.3
04/28/2023 10:14:57 am,4,-0.5,-0.1,9.9,9.9,0,-0.3,0,57.3
04/28/2023 10:14:57 am,4.05,-0.3,-0.1,10,10,0,-0.2,0.1,57.3
04/28/2023 10:14:57 am,4.1,-0.3,-0.1,10,10,0,-0.1,0.2,57.4
04/28/2023 10:14:57 am,4.15,-0.2,0,10,10,0,0,0.2,57.4
04/28/2023 10:14:57 am,4.2,-0.3,0,10,10,0,0.1,0.2,57.4
04/28/2023 10:14:57 am,4.25,-0.3,0.1,10,10,0,0.2,0.1,57.3
04/28/2023 10:14:57 am,4.3,-0.4,0.1,9.9,9.9,0,0.3,0,57.4
04/28/2023 10:14:57 am,4.35,-0.6,0.1,9.9,9.9,0,0.3,-0.1,57.3
04/28/2023 10:14:57 am,4.4,-0.8,0.2,9.8,9.8,0,0.4,-0.2,57.3
04/28/2023 10:14:57 am,4.45,-1,0.1,9.8,9.8,0,0.4,-0.3,57.3
04/28/2023 10:14:57 am,4.5,-1.1,0.1,9.7,9.7,0,0.3,-0.4,57.3
04/28/2023 10:14:57 am,4.55,-1.3,0.1,9.6,9.7,0,0.3,-0.5,57.3
04/28/2023 10:14:57 am,4.6,-1.4,0,9.6,9.7,0.1,0.2,-0.5,57.3
04/28/2023 10:14:57 am,4.65,-1.5,0,9.6,9.7,0.1,0.1,-0.6,57.3
04/28/2023 10:14:57 am,4.7,-1.4,-0.1,9.6,9.7,0.1,-0.1,-0.6,57.4
04/28/2023 10:14:57 am,4.75,-1.4,-0.1,9.6,9.7,0.1,-0.2,-0.5,57.4
04/28/2023 10:14:57 am,4.8,-1.3,-0.2,9.6,9.7,0,-0.3,-0.5,57.4
04/28/2023 10:14:57 am,4.85,-1.2,-0.2,9.7,9.8,0,-0.3,-0.4,57.4
04/28/2023 10:14:57 am,4.9,-1,-0.2,9.7,9.8,0,-0.4,-0.3,57.4
04/28/2023 10:14:57 am,4.95,-0.8,-0.2,9.8,9.9,0,-0.4,-0.2,57.4
04/28/2023 10:14:58 am,5,-0.6,-0.3,9.9,9.9,0,-0.3,-0.1,57.4
04/28/2023 10:14:58 am,5.05,-0.5,-0.2,9.9,9.9,0,-0.3,0,57.4
04/28/2023 10:14:58 am,5.1,-0.3,-0.2,10,10,0,-0.2,0.1,57.4
04/28/2023 10:14:58 am,5.15,-0.3,-0.1,10,10,0,-0.1,0.1,57.4
04/28/2023 10:14:58 am,5.2,-0.3,-0.1,10,10,0,0,0.2,57.4
04/28/2023 10:14:58 am,5.25,-0.3,0,10,10,0,0.1,0.1,57.4
04/28/2023 10:14:58 am,5.3,-0.4,0,10,10,0,0.2,0.1,57.4
04/28/2023 10:14:58 am,5.35,-0.5,0,9.9,9.9,0,0.3,0,57.4
04/28/2023 10:14:58 am,5.4,-0.7,0.1,9.8,9.9,-0.00098,0.3,-0.1,57.4
04/28/2023 10:14:58 am,5.45,-0.9,0.1,9.8,9.9,0,0.4,-0.2,57.4
04/28/2023 10:14:58 am,5.5,-1,0.1,9.7,9.8,0,0.3,-0.3,57.4
04/28/2023 10:14:58 am,5.55,-1.2,0,9.7,9.8,0,0.3,-0.4,57.4
04/28/2023 10:14:58 am,5.6,-1.3,0,9.6,9.7,0,0.2,-0.5,57.4
04/28/2023 10:14:58 am,5.65,-1.4,0,9.6,9.7,0.1,0.1,-0.5,57.4
04/28/2023 10:14:58 am,5.7,-1.4,0,9.6,9.7,0.1,0,-0.5,57.4
04/28/2023 10:14:58 am,5.75,-1.4,-0.1,9.6,9.7,0.1,-0.1,-0.5,57.4
04/28/2023 10:14:58 am,5.8,-1.4,-0.1,9.6,9.7,0.1,-0.2,-0.5,57.4
04/28/2023 10:14:58 am,5.85,-1.3,-0.2,9.7,9.7,0,-0.3,-0.4,57.3
04/28/2023 10:14:58 am,5.9,-1.1,-0.2,9.7,9.8,0,-0.3,-0.3,57.4
04/28/2023 10:14:58 am,5.95,-0.9,-0.3,9.8,9.8,0,-0.4,-0.2,57.4
04/28/2023 10:14:59 am,6,-0.8,-0.3,9.8,9.8,0,-0.3,-0.1,57.4
04/28/2023 10:14:59 am,6.05,-0.6,-0.2,9.9,9.9,0,-0.3,-0.1,57.3
04/28/2023 10:14:59 am,6.1,-0.5,-0.2,9.9,9.9,0,-0.3,0,57.4
04/28/2023 10:14:59 am,6.15,-0.4,-0.2,10,10,0,-0.2,0.1,57.3
04/28/2023 10:14:59 am,6.2,-0.3,-0.2,10,10,0,-0.1,0.1,57.4
04/28/2023 10:14:59 am,6.25,-0.3,-0.1,10,10,0,0,0.1,57.4
04/28/2023 10:14:59 am,6.3,-0.3,-0.1,10,10,0,0.1,0.1,57.4
04/28/2023 10:14:59 am,6.35,-0.4,0,9.9,9.9,0,0.2,0.1,57.4
04/28/2023 10:14:59 am,6.4,-0.6,0,9.9,9.9,0,0.3,0,57.4
04/28/2023 10:14:59 am,6.45,-0.7,0.1,9.9,9.9,0,0.3,-0.1,57.4
04/28/2023 10:14:59 am,6.5,-0.9,0,9.8,9.8,0,0.3,-0.2,57.4
04/28/2023 10:14:59 am,6.55,-1,0.1,9.7,9.8,0,0.3,-0.3,57.4
04/28/2023 10:14:59 am,6.6,-1.2,0,9.7,9.8,0,0.3,-0.4,57.4
04/28/2023 10:14:59 am,6.65,-1.3,-0.1,9.6,9.7,0.1,0.2,-0.5,57.4
04/28/2023 10:14:59 am,6.7,-1.4,0,9.6,9.7,0.1,0.1,-0.5,57.4
04/28/2023 10:14:59 am,6.75,-1.5,-0.1,9.6,9.7,0.1,0,-0.5,57.4
04/28/2023 10:14:59 am,6.8,-1.4,-0.2,9.6,9.7,0.1,-0.1,-0.5,57.4
04/28/2023 10:14:59 am,6.85,-1.4,-0.2,9.6,9.7,0.1,-0.2,-0.5,57.3
04/28/2023 10:14:59 am,6.9,-1.3,-0.2,9.6,9.7,0,-0.3,-0.4,57.4
04/28/2023 10:14:59 am,6.95,-1.1,-0.2,9.7,9.8,0,-0.3,-0.3,57.3
04/28/2023 10:15:00 am,7,-0.9,-0.3,9.7,9.8,0,-0.3,-0.2,57.4
04/28/2023 10:15:00 am,7.05,-0.8,-0.3,9.8,9.9,0,-0.3,-0.1,57.4
04/28/2023 10:15:00 am,7.1,-0.6,-0.2,9.9,9.9,0,-0.3,0,57.4
04/28/2023 10:15:00 am,7.15,-0.5,-0.3,9.9,9.9,0,-0.2,0,57.4
04/28/2023 10:15:00 am,7.2,-0.4,-0.2,10,10,0,-0.2,0.1,57.4
04/28/2023 10:15:00 am,7.25,-0.4,-0.2,9.9,10,0,-0.1,0.1,57.4
04/28/2023 10:15:00 am,7.3,-0.4,-0.1,10,10,0,0,0.1,57.4
04/28/2023 10:15:00 am,7.35,-0.4,-0.1,9.9,10,0,0.1,0.1,57.4
04/28/2023 10:15:00 am,7.4,-0.5,0,9.9,9.9,0,0.2,0,57.4
04/28/2023 10:15:00 am,7.45,-0.6,0,9.9,9.9,-0.00098,0.3,0,57.4
04/28/2023 10:15:00 am,7.5,-0.8,-0.1,9.8,9.9,0,0.3,-0.1,57.3
04/28/2023 10:15:00 am,7.55,-0.9,0,9.8,9.8,0,0.3,-0.2,57.3
04/28/2023 10:15:00 am,7.6,-1.1,0,9.7,9.8,0,0.3,-0.3,57.3
04/28/2023 10:15:00 am,7.65,-1.2,-0.1,9.7,9.7,0,0.3,-0.4,57.3
04/28/2023 10:15:00 am,7.7,-1.3,-0.1,9.6,9.7,0.1,0.2,-0.5,57.3
04/28/2023 10:15:00 am,7.75,-1.4,-0.1,9.6,9.7,0.1,0.1,-0.5,57.4
04/28/2023 10:15:00 am,7.8,-1.4,-0.1,9.6,9.7,0.1,0,-0.5,57.4
04/28/2023 10:15:00 am,7.85,-1.4,-0.2,9.6,9.7,0.1,-0.1,-0.5,57.4
04/28/2023 10:15:00 am,7.9,-1.4,-0.2,9.6,9.7,0.1,-0.2,-0.5,57.4
04/28/2023 10:15:00 am,7.95,-1.3,-0.3,9.7,9.8,0,-0.3,-0.4,57.4
04/28/2023 10:15:01 am,8,-1.1,-0.3,9.7,9.8,0,-0.3,-0.3,57.4
04/28/2023 10:15:01 am,8.05,-0.9,-0.3,9.8,9.8,0,-0.3,-0.2,57.4
04/28/2023 10:15:01 am,8.1,-0.8,-0.3,9.8,9.9,0,-0.3,-0.1,57.4
04/28/2023 10:15:01 am,8.15,-0.7,-0.3,9.9,9.9,0,-0.3,0,57.4
04/28/2023 10:15:01 am,8.2,-0.5,-0.2,9.9,9.9,0,-0.2,0,57.4
04/28/2023 10:15:01 am,8.25,-0.4,-0.2,9.9,9.9,0,-0.1,0.1,57.4
04/28/2023 10:15:01 am,8.3,-0.4,-0.2,10,10,0,0,0.1,57.4
04/28/2023 10:15:01 am,8.35,-0.4,-0.1,10,10,0,0,0.1,57.4
04/28/2023 10:15:01 am,8.4,-0.5,-0.1,9.9,10,0,0.1,0.1,57.3
04/28/2023 10:15:01 am,8.45,-0.6,-0.1,9.9,9.9,0,0.2,0,57.3
04/28/2023 10:15:01 am,8.5,-0.7,0,9.9,9.9,-0.00098,0.3,-0.1,57.4
04/28/2023 10:15:01 am,8.55,-0.8,0,9.8,9.9,0,0.3,-0.1,57.3
04/28/2023 10:15:01 am,8.6,-1,0,9.8,9.8,0,0.3,-0.2,57.4
04/28/2023 10:15:01 am,8.65,-1.1,0,9.7,9.8,0,0.3,-0.3,57.3
04/28/2023 10:15:01 am,8.7,-1.3,-0.1,9.7,9.8,0,0.2,-0.4,57.4
04/28/2023 10:15:01 am,8.75,-1.4,-0.1,9.6,9.7,0.1,0.2,-0.4,57.4
04/28/2023 10:15:01 am,8.8,-1.4,-0.1,9.6,9.7,0.1,0.1,-0.5,57.4
04/28/2023 10:15:01 am,8.85,-1.4,-0.1,9.6,9.7,0.1,0,-0.5,57.4
04/28/2023 10:15:01 am,8.9,-1.4,-0.2,9.6,9.7,0.1,-0.1,-0.5,57.4
04/28/2023 10:15:01 am,8.95,-1.3,-0.2,9.6,9.7,0.1,-0.2,-0.4,57.4
04/28/2023 10:15:02 am,9,-1.3,-0.2,9.7,9.8,0,-0.2,-0.4,57.4
04/28/2023 10:15:02 am,9.05,-1.1,-0.2,9.7,9.8,0,-0.3,-0.3,57.4
04/28/2023 10:15:02 am,9.1,-1,-0.2,9.8,9.8,0,-0.3,-0.2,57.4
04/28/2023 10:15:02 am,9.15,-0.8,-0.3,9.8,9.9,0,-0.3,-0.1,57.4
04/28/2023 10:15:02 am,9.2,-0.7,-0.2,9.9,9.9,0,-0.2,0,57.4
04/28/2023 10:15:02 am,9.25,-0.6,-0.2,9.9,9.9,0,-0.2,0,57.4
04/28/2023 10:15:02 am,9.3,-0.5,-0.2,9.9,9.9,0,-0.1,0.1,57.4
04/28/2023 10:15:02 am,9.35,-0.5,-0.1,9.9,10,0,0,0.1,57.4
04/28/2023 10:15:02 am,9.4,-0.5,-0.1,9.9,9.9,0,0,0.1,57.4
04/28/2023 10:15:02 am,9.45,-0.5,-0.1,9.9,9.9,0,0.1,0,57.5
04/28/2023 10:15:02 am,9.5,-0.6,0,9.9,9.9,0,0.2,0,57.5
04/28/2023 10:15:02 am,9.55,-0.8,0,9.9,9.9,0.00024,0.2,-0.1,57.4
04/28/2023 10:15:02 am,9.6,-0.9,-0.1,9.8,9.9,0,0.3,-0.2,57.4
04/28/2023 10:15:02 am,9.65,-1,0,9.8,9.8,0,0.3,-0.2,57.5
04/28/2023 10:15:02 am,9.7,-1.2,0,9.7,9.8,0,0.3,-0.3,57.4
04/28/2023 10:15:02 am,9.75,-1.3,0,9.7,9.8,0.1,0.2,-0.4,57.4
04/28/2023 10:15:02 am,9.8,-1.4,-0.1,9.6,9.7,0.1,0.2,-0.4,57.4
04/28/2023 10:15:02 am,9.85,-1.4,-0.1,9.6,9.7,0.1,0.1,-0.5,57.4
04/28/2023 10:15:02 am,9.9,-1.5,-0.1,9.6,9.7,0.1,0,-0.5,57.4
04/28/2023 10:15:02 am,9.95,-1.4,-0.1,9.6,9.7,0.1,-0.1,-0.5,57.4
04/28/2023 10:15:03 am,10,-1.4,-0.2,9.7,9.8,0.1,-0.2,-0.4,57.4
04/28/2023 10:15:03 am,10.05,-1.3,-0.2,9.7,9.8,0.1,-0.2,-0.4,57.5
04/28/2023 10:15:03 am,10.1,-1.2,-0.2,9.7,9.8,0,-0.3,-0.3,57.5
04/28/2023 10:15:03 am,10.15,-1,-0.2,9.8,9.8,0,-0.3,-0.2,57.5
04/28/2023 10:15:03 am,10.2,-0.9,-0.2,9.8,9.9,0,-0.3,-0.1,57.5
04/28/2023 10:15:03 am,10.25,-0.8,-0.2,9.9,9.9,0.00024,-0.2,-0.1,57.5
04/28/2023 10:15:03 am,10.3,-0.7,-0.2,9.9,9.9,0,-0.2,0,57.5
04/28/2023 10:15:03 am,10.35,-0.6,-0.1,9.9,9.9,0,-0.1,0,57.4
04/28/2023 10:15:03 am,10.4,-0.6,-0.1,9.9,9.9,0,0,0.1,57.5
04/28/2023 10:15:03 am,10.45,-0.6,-0.1,9.9,9.9,0,0.1,0,57.4
04/28/2023 10:15:03 am,10.5,-0.6,0,9.9,9.9,0,0.1,0,57.4
04/28/2023 10:15:03 am,10.55,-0.7,0,9.9,9.9,0,0.2,0,57.4
04/28/2023 10:15:03 am,10.6,-0.8,0,9.8,9.9,0,0.2,-0.1,57.4
04/28/2023 10:15:03 am,10.65,-0.9,0,9.8,9.9,0,0.2,-0.2,57.4
04/28/2023 10:15:03 am,10.7,-1.1,0,9.8,9.8,0,0.3,-0.2,57.4
04/28/2023 10:15:03 am,10.75,-1.2,0,9.7,9.8,0,0.2,-0.3,57.4
04/28/2023 10:15:03 am,10.8,-1.3,0,9.7,9.8,0.1,0.2,-0.4,57.4
04/28/2023 10:15:03 am,10.85,-1.4,0,9.6,9.7,0.1,0.1,-0.4,57.4
04/28/2023 10:15:03 am,10.9,-1.5,-0.1,9.6,9.7,0.1,0.1,-0.4,57.4
04/28/2023 10:15:03 am,10.95,-1.5,0,9.6,9.7,0.1,0,-0.4,57.4
04/28/2023 10:15:04 am,11,-1.5,-0.1,9.6,9.7,0.1,-0.1,-0.4,57.4
04/28/2023 10:15:04 am,11.05,-1.4,-0.1,9.7,9.8,0.1,-0.2,-0.4,57.4
04/28/2023 10:15:04 am,11.1,-1.3,-0.2,9.7,9.8,0,-0.2,-0.3,57.3
04/28/2023 10:15:04 am,11.15,-1.2,-0.1,9.7,9.8,0,-0.2,-0.3,57.4
04/28/2023 10:15:04 am,11.2,-1.1,-0.1,9.8,9.8,0,-0.3,-0.2,57.4
04/28/2023 10:15:04 am,11.25,-1,-0.1,9.8,9.9,0,-0.2,-0.1,57.4
04/28/2023 10:15:04 am,11.3,-0.9,-0.1,9.9,9.9,0,-0.2,-0.1,57.4
04/28/2023 10:15:04 am,11.35,-0.8,-0.1,9.9,9.9,0,-0.2,0,57.4
04/28/2023 10:15:04 am,11.4,-0.7,-0.1,9.9,9.9,0,-0.1,0,57.4
04/28/2023 10:15:04 am,11.45,-0.7,0,9.9,9.9,0,0,0,57.4
04/28/2023 10:15:04 am,11.5,-0.7,0,9.9,9.9,-0.00098,0.1,0,57.4
04/28/2023 10:15:04 am,11.55,-0.8,0,9.9,9.9,0,0.1,0,57.4
04/28/2023 10:15:04 am,11.6,-0.8,0,9.8,9.9,0,0.2,0,57.4
04/28/2023 10:15:04 am,11.65,-0.9,0,9.8,9.9,0,0.2,-0.1,57.4
04/28/2023 10:15:04 am,11.7,-1.1,0,9.8,9.8,0,0.2,-0.2,57.4
04/28/2023 10:15:04 am,11.75,-1.2,0,9.8,9.8,0,0.2,-0.2,57.4
04/28/2023 10:15:04 am,11.8,-1.3,0,9.7,9.8,0,0.2,-0.3,57.4
04/28/2023 10:15:04 am,11.85,-1.4,0,9.7,9.8,0.1,0.2,-0.4,57.4
04/28/2023 10:15:04 am,11.9,-1.5,0,9.6,9.8,0.1,0.1,-0.4,57.4
04/28/2023 10:15:04 am,11.95,-1.5,0,9.6,9.7,0.1,0.1,-0.4,57.4
04/28/2023 10:15:05 am,12,-1.5,0,9.6,9.8,0.1,0,-0.4,57.4
04/28/2023 10:15:05 am,12.05,-1.5,0,9.6,9.7,0.1,-0.1,-0.4,57.4
04/28/2023 10:15:05 am,12.1,-1.5,-0.1,9.6,9.8,0.1,-0.1,-0.4,57.3
04/28/2023 10:15:05 am,12.15,-1.4,-0.1,9.7,9.8,0.1,-0.2,-0.3,57.3
04/28/2023 10:15:05 am,12.2,-1.3,-0.1,9.7,9.8,0,-0.2,-0.3,57.4
04/28/2023 10:15:05 am,12.25,-1.2,-0.1,9.8,9.9,0,-0.2,-0.2,57.4
04/28/2023 10:15:05 am,12.3,-1.1,-0.1,9.8,9.9,0,-0.2,-0.1,57.4
04/28/2023 10:15:05 am,12.35,-0.9,0,9.8,9.9,0,-0.2,-0.1,57.3
04/28/2023 10:15:05 am,12.4,-0.9,0,9.9,9.9,0,-0.2,0,57.4
04/28/2023 10:15:05 am,12.45,-0.8,0,9.9,9.9,0,-0.1,0,57.3
04/28/2023 10:15:05 am,12.5,-0.8,0,9.9,9.9,0,0,0,57.3
04/28/2023 10:15:05 am,12.55,-0.8,0.1,9.9,9.9,-0.00098,0.1,0,57.3
04/28/2023 10:15:05 am,12.6,-0.9,0.1,9.9,9.9,0,0.1,0,57.3
04/28/2023 10:15:05 am,12.65,-0.9,0.1,9.9,9.9,0,0.2,-0.1,57.3
04/28/2023 10:15:05 am,12.7,-1,0.1,9.8,9.9,0,0.2,-0.1,57.3
04/28/2023 10:15:05 am,12.75,-1.1,0.1,9.8,9.9,0,0.2,-0.2,57.3
04/28/2023 10:15:05 am,12.8,-1.3,0.1,9.7,9.8,0,0.2,-0.2,57.3
04/28/2023 10:15:05 am,12.85,-1.4,0.1,9.7,9.8,0,0.2,-0.3,57.3
04/28/2023 10:15:05 am,12.9,-1.5,0.1,9.7,9.8,0.1,0.2,-0.4,57.4
04/28/2023 10:15:05 am,12.95,-1.6,0.1,9.6,9.8,0.1,0.1,-0.4,57.4
04/28/2023 10:15:06 am,13,-1.6,0.1,9.6,9.8,0.1,0.1,-0.4,57.4
04/28/2023 10:15:06 am,13.05,-1.6,0.1,9.6,9.7,0.1,0,-0.4,57.4
04/28/2023 10:15:06 am,13.1,-1.6,0.1,9.6,9.7,0.1,-0.1,-0.4,57.4
04/28/2023 10:15:06 am,13.15,-1.5,0,9.6,9.8,0.1,-0.1,-0.4,57.4
04/28/2023 10:15:06 am,13.2,-1.5,0,9.7,9.8,0.1,-0.2,-0.3,57.4
04/28/2023 10:15:06 am,13.25,-1.4,0,9.7,9.8,0,-0.2,-0.3,57.4
04/28/2023 10:15:06 am,13.3,-1.3,0,9.8,9.8,0,-0.2,-0.2,57.4
04/28/2023 10:15:06 am,13.35,-1.2,0,9.8,9.9,0,-0.2,-0.1,57.4
04/28/2023 10:15:06 am,13.4,-1,0,9.8,9.9,0,-0.2,-0.1,57.4
04/28/2023 10:15:06 am,13.45,-1,0,9.8,9.9,0.00024,-0.1,0,57.4
04/28/2023 10:15:06 am,13.5,-0.9,0.1,9.9,9.9,0,-0.1,0,57.4
04/28/2023 10:15:06 am,13.55,-0.9,0.1,9.9,9.9,0,0,0,57.4
04/28/2023 10:15:06 am,13.6,-0.9,0.2,9.9,9.9,0,0,0,57.4
04/28/2023 10:15:06 am,13.65,-0.9,0.1,9.9,9.9,0,0.1,0,57.4
04/28/2023 10:15:06 am,13.7,-1,0.2,9.8,9.9,0,0.2,-0.1,57.4
04/28/2023 10:15:06 am,13.75,-1.1,0.2,9.8,9.9,0,0.2,-0.1,57.4
04/28/2023 10:15:06 am,13.8,-1.2,0.2,9.8,9.9,0,0.2,-0.2,57.4
04/28/2023 10:15:06 am,13.85,-1.4,0.2,9.7,9.8,0,0.2,-0.2,57.4
04/28/2023 10:15:06 am,13.9,-1.5,0.2,9.7,9.8,0.1,0.2,-0.3,57.4
04/28/2023 10:15:06 am,13.95,-1.6,0.2,9.7,9.8,0.1,0.2,-0.4,57.3
04/28/2023 10:15:07 am,14,-1.6,0.2,9.6,9.7,0.1,0.1,-0.4,57.4
04/28/2023 10:15:07 am,14.05,-1.7,0.2,9.6,9.8,0.1,0.1,-0.4,57.4
04/28/2023 10:15:07 am,14.1,-1.7,0.2,9.6,9.8,0.1,0,-0.4,57.4
04/28/2023 10:15:07 am,14.15,-1.7,0.1,9.6,9.8,0.1,-0.1,-0.4,57.4
04/28/2023 10:15:07 am,14.2,-1.6,0.1,9.6,9.8,0.1,-0.1,-0.4,57.4
04/28/2023 10:15:07 am,14.25,-1.6,0.1,9.6,9.8,0.1,-0.2,-0.3,57.3
04/28/2023 10:15:07 am,14.3,-1.5,0.1,9.7,9.8,0,-0.2,-0.3,57.3
04/28/2023 10:15:07 am,14.35,-1.4,0.1,9.7,9.8,0,-0.2,-0.2,57.4
04/28/2023 10:15:07 am,14.4,-1.3,0.1,9.8,9.9,0,-0.2,-0.1,57.4
04/28/2023 10:15:07 am,14.45,-1.2,0.1,9.8,9.9,0,-0.2,-0.1,57.4
04/28/2023 10:15:07 am,14.5,-1.1,0.2,9.8,9.9,0,-0.2,0,57.4
04/28/2023 10:15:07 am,14.55,-1,0.2,9.9,9.9,0,-0.1,0,57.4
04/28/2023 10:15:07 am,14.6,-1,0.2,9.8,9.9,0,0,0,57.4
04/28/2023 10:15:07 am,14.65,-1,0.2,9.9,9.9,0,0,0,57.4
04/28/2023 10:15:07 am,14.7,-1,0.2,9.9,9.9,0,0.1,0,57.4
04/28/2023 10:15:07 am,14.75,-1.1,0.2,9.8,9.9,0,0.2,0,57.3
04/28/2023 10:15:07 am,14.8,-1.2,0.2,9.8,9.9,0,0.2,-0.1,57.4
04/28/2023 10:15:07 am,14.85,-1.3,0.3,9.8,9.9,0,0.2,-0.2,57.4
04/28/2023 10:15:07 am,14.9,-1.4,0.3,9.7,9.8,0,0.2,-0.2,57.4
04/28/2023 10:15:07 am,14.95,-1.6,0.3,9.7,9.8,0,0.2,-0.3,57.4
04/28/2023 10:15:08 am,15,-1.6,0.3,9.6,9.8,0.1,0.2,-0.3,57.4
04/28/2023 10:15:08 am,15.05,-1.7,0.3,9.6,9.8,0.1,0.1,-0.4,57.4
04/28/2023 10:15:08 am,15.1,-1.8,0.3,9.6,9.7,0.1,0.1,-0.4,57.4
04/28/2023 10:15:08 am,15.15,-1.8,0.3,9.6,9.7,0.1,0,-0.4,57.4
04/28/2023 10:15:08 am,15.2,-1.8,0.2,9.6,9.7,0.1,-0.1,-0.4,57.4
04/28/2023 10:15:08 am,15.25,-1.8,0.2,9.6,9.7,0.1,-0.1,-0.4,57.4
04/28/2023 10:15:08 am,15.3,-1.7,0.2,9.6,9.8,0.1,-0.2,-0.3,57.4
04/28/2023 10:15:08 am,15.35,-1.6,0.2,9.6,9.8,0.1,-0.2,-0.3,57.4
04/28/2023 10:15:08 am,15.4,-1.5,0.2,9.7,9.8,0,-0.2,-0.2,57.4
04/28/2023 10:15:08 am,15.45,-1.4,0.2,9.8,9.9,0,-0.2,-0.2,57.4
04/28/2023 10:15:08 am,15.5,-1.3,0.2,9.8,9.9,0,-0.2,-0.1,57.4
04/28/2023 10:15:08 am,15.55,-1.2,0.2,9.8,9.9,0,-0.2,0,57.4
04/28/2023 10:15:08 am,15.6,-1.1,0.2,9.8,9.9,0,-0.1,0,57.4
04/28/2023 10:15:08 am,15.65,-1.1,0.3,9.9,9.9,0,0,0,57.4
04/28/2023 10:15:08 am,15.7,-1.1,0.3,9.8,9.9,0,0,0,57.4
04/28/2023 10:15:08 am,15.75,-1.1,0.3,9.8,9.9,0,0.1,0,57.4
04/28/2023 10:15:08 am,15.8,-1.2,0.3,9.8,9.9,0,0.1,0,57.4
04/28/2023 10:15:08 am,15.85,-1.3,0.3,9.8,9.9,0,0.2,-0.1,57.4
04/28/2023 10:15:08 am,15.9,-1.4,0.4,9.8,9.9,0,0.2,-0.1,57.4
04/28/2023 10:15:08 am,15.95,-1.5,0.4,9.7,9.8,0,0.2,-0.2,57.4
04/28/2023 10:15:09 am,16,-1.6,0.4,9.7,9.8,0.1,0.2,-0.3,57.4
04/28/2023 10:15:09 am,16.05,-1.7,0.4,9.6,9.8,0.1,0.2,-0.3,57.4
04/28/2023 10:15:09 am,16.1,-1.8,0.4,9.6,9.8,0.1,0.1,-0.4,57.4
04/28/2023 10:15:09 am,16.15,-1.9,0.4,9.6,9.8,0.1,0.1,-0.4,57.3
04/28/2023 10:15:09 am,16.2,-1.9,0.3,9.6,9.8,0.1,0,-0.4,57.3
04/28/2023 10:15:09 am,16.25,-1.9,0.3,9.5,9.7,0.1,-0.1,-0.4,57.4
04/28/2023 10:15:09 am,16.3,-1.9,0.3,9.6,9.8,0.1,-0.1,-0.4,57.3
04/28/2023 10:15:09 am,16.35,-1.8,0.3,9.6,9.8,0.1,-0.2,-0.3,57.3
04/28/2023 10:15:09 am,16.4,-1.7,0.3,9.6,9.8,0.1,-0.2,-0.3,57.4
04/28/2023 10:15:09 am,16.45,-1.6,0.3,9.7,9.8,0,-0.2,-0.2,57.4
04/28/2023 10:15:09 am,16.5,-1.5,0.3,9.7,9.8,0,-0.2,-0.2,57.4
04/28/2023 10:15:09 am,16.55,-1.4,0.3,9.8,9.9,0,-0.2,-0.1,57.4
04/28/2023 10:15:09 am,16.6,-1.3,0.3,9.8,9.9,0,-0.2,-0.1,57.3
04/28/2023 10:15:09 am,16.65,-1.3,0.3,9.8,9.9,0.00024,-0.1,0,57.4
04/28/2023 10:15:09 am,16.7,-1.2,0.3,9.8,9.9,-0.00098,-0.1,0,57.4
04/28/2023 10:15:09 am,16.75,-1.2,0.4,9.8,9.9,0,0,0,57.3
04/28/2023 10:15:09 am,16.8,-1.2,0.4,9.8,9.9,0,0.1,0,57.3
04/28/2023 10:15:09 am,16.85,-1.3,0.4,9.8,9.9,0.00024,0.1,0,57.3
04/28/2023 10:15:09 am,16.9,-1.4,0.4,9.8,9.9,0,0.2,-0.1,57.3
04/28/2023 10:15:09 am,16.95,-1.4,0.5,9.7,9.9,0,0.2,-0.1,57.3
04/28/2023 10:15:10 am,17,-1.6,0.5,9.7,9.8,0,0.2,-0.2,57.3
04/28/2023 10:15:10 am,17.05,-1.7,0.4,9.6,9.8,0.1,0.2,-0.3,57.3
04/28/2023 10:15:10 am,17.1,-1.8,0.5,9.6,9.8,0.1,0.2,-0.3,57.3
04/28/2023 10:15:10 am,17.15,-1.9,0.5,9.6,9.8,0.1,0.1,-0.4,57.3
04/28/2023 10:15:10 am,17.2,-2,0.4,9.6,9.8,0.1,0.1,-0.4,57.4
04/28/2023 10:15:10 am,17.25,-2,0.4,9.5,9.7,0.1,0,-0.4,57.4
04/28/2023 10:15:10 am,17.3,-2,0.4,9.5,9.7,0.1,-0.1,-0.4,57.4
04/28/2023 10:15:10 am,17.35,-2,0.4,9.6,9.8,0.1,-0.1,-0.4,57.4
04/28/2023 10:15:10 am,17.4,-1.9,0.4,9.6,9.8,0.1,-0.2,-0.4,57.4
04/28/2023 10:15:10 am,17.45,-1.8,0.4,9.6,9.8,0.1,-0.2,-0.3,57.4
04/28/2023 10:15:10 am,17.5,-1.7,0.4,9.6,9.8,0,-0.2,-0.2,57.4
04/28/2023 10:15:10 am,17.55,-1.6,0.3,9.7,9.8,0,-0.2,-0.2,57.4
04/28/2023 10:15:10 am,17.6,-1.5,0.4,9.7,9.9,0,-0.2,-0.1,57.4
04/28/2023 10:15:10 am,17.65,-1.4,0.4,9.8,9.9,0,-0.2,-0.1,57.3
04/28/2023 10:15:10 am,17.7,-1.4,0.4,9.8,9.9,0.00024,-0.1,0,57.3
04/28/2023 10:15:10 am,17.75,-1.3,0.4,9.8,9.9,0,-0.1,0,57.3
04/28/2023 10:15:10 am,17.8,-1.3,0.4,9.8,9.9,0,0,0,57.4
04/28/2023 10:15:10 am,17.85,-1.3,0.5,9.8,9.9,0,0.1,0,57.4
04/28/2023 10:15:10 am,17.9,-1.4,0.5,9.8,9.9,0.00024,0.1,0,57.4
04/28/2023 10:15:10 am,17.95,-1.4,0.5,9.8,9.9,0,0.2,-0.1,57.4
04/28/2023 10:15:11 am,18,-1.5,0.5,9.8,9.9,0,0.2,-0.1,57.4
04/28/2023 10:15:11 am,18.05,-1.6,0.5,9.7,9.8,0,0.2,-0.2,57.4
04/28/2023 10:15:11 am,18.1,-1.8,0.5,9.7,9.8,0,0.2,-0.2,57.4
04/28/2023 10:15:11 am,18.15,-1.9,0.6,9.6,9.8,0.1,0.2,-0.3,57.4
04/28/2023 10:15:11 am,18.2,-2,0.5,9.6,9.8,0.1,0.1,-0.4,57.3
04/28/2023 10:15:11 am,18.25,-2,0.5,9.5,9.7,0.1,0.1,-0.4,57.4
04/28/2023 10:15:11 am,18.3,-2.1,0.5,9.5,9.8,0.1,0,-0.4,57.4
04/28/2023 10:15:11 am,18.35,-2.1,0.5,9.5,9.7,0.1,0,-0.4,57.4
04/28/2023 10:15:11 am,18.4,-2.1,0.4,9.5,9.7,0.1,-0.1,-0.4,57.4
04/28/2023 10:15:11 am,18.45,-2,0.5,9.5,9.8,0.1,-0.2,-0.4,57.4
04/28/2023 10:15:11 am,18.5,-1.9,0.5,9.6,9.8,0.1,-0.2,-0.3,57.4
04/28/2023 10:15:11 am,18.55,-1.9,0.5,9.6,9.8,0.1,-0.2,-0.3,57.4
04/28/2023 10:15:11 am,18.6,-1.8,0.4,9.6,9.8,0,-0.2,-0.2,57.4
04/28/2023 10:15:11 am,18.65,-1.7,0.4,9.7,9.9,0,-0.2,-0.1,57.4
04/28/2023 10:15:11 am,18.7,-1.5,0.5,9.7,9.9,0,-0.2,-0.1,57.4
04/28/2023 10:15:11 am,18.75,-1.5,0.4,9.8,9.9,0,-0.1,0,57.4
04/28/2023 10:15:11 am,18.8,-1.5,0.4,9.8,9.9,0,-0.1,0,57.4
04/28/2023 10:15:11 am,18.85,-1.4,0.6,9.8,9.9,0,0,0,57.4
04/28/2023 10:15:11 am,18.9,-1.4,0.5,9.8,9.9,0,0,0,57.4
04/28/2023 10:15:11 am,18.95,-1.5,0.5,9.8,9.9,-0.00098,0.1,0,57.4
04/28/2023 10:15:12 am,19,-1.5,0.6,9.8,9.9,0,0.1,-0.1,57.4
04/28/2023 10:15:12 am,19.05,-1.6,0.6,9.7,9.9,0,0.2,-0.1,57.4
04/28/2023 10:15:12 am,19.1,-1.7,0.6,9.7,9.9,0,0.2,-0.2,57.4
04/28/2023 10:15:12 am,19.15,-1.8,0.6,9.6,9.8,0,0.2,-0.2,57.4
04/28/2023 10:15:12 am,19.2,-1.9,0.6,9.6,9.8,0.1,0.2,-0.3,57.4
04/28/2023 10:15:12 am,19.25,-2,0.6,9.6,9.8,0.1,0.2,-0.3,57.3
04/28/2023 10:15:12 am,19.3,-2.1,0.6,9.5,9.8,0.1,0.1,-0.4,57.3
04/28/2023 10:15:12 am,19.35,-2.1,0.5,9.5,9.8,0.1,0,-0.4,57.3
04/28/2023 10:15:12 am,19.4,-2.2,0.5,9.5,9.8,0.1,0,-0.4,57.4
04/28/2023 10:15:12 am,19.45,-2.2,0.5,9.5,9.8,0.1,-0.1,-0.4,57.4
04/28/2023 10:15:12 am,19.5,-2.2,0.5,9.5,9.8,0.1,-0.1,-0.4,57.4
04/28/2023 10:15:12 am,19.55,-2.1,0.5,9.5,9.8,0.1,-0.2,-0.3,57.4
04/28/2023 10:15:12 am,19.6,-2,0.5,9.6,9.8,0.1,-0.2,-0.3,57.4
04/28/2023 10:15:12 am,19.65,-1.9,0.5,9.6,9.8,0,-0.2,-0.2,57.3
04/28/2023 10:15:12 am,19.7,-1.8,0.5,9.7,9.8,0,-0.2,-0.2,57.3
04/28/2023 10:15:12 am,19.75,-1.7,0.5,9.7,9.9,0,-0.2,-0.1,57.3
04/28/2023 10:15:12 am,19.8,-1.6,0.5,9.7,9.9,0,-0.2,-0.1,57.3
04/28/2023 10:15:12 am,19.85,-1.6,0.5,9.8,9.9,0.00024,-0.1,0,57.3
04/28/2023 10:15:12 am,19.9,-1.5,0.6,9.8,9.9,0,-0.1,0,57.3
04/28/2023 10:15:12 am,19.95,-1.5,0.6,9.8,9.9,0,0,0,57.3
04/28/2023 10:15:13 am,20,-1.5,0.6,9.8,9.9,0,0.1,0,57.3
04/28/2023 10:15:13 am,20.05,-1.6,0.6,9.7,9.9,0,0.1,0,57.4
04/28/2023 10:15:13 am,20.1,-1.7,0.6,9.7,9.9,0,0.2,-0.1,57.4
04/28/2023 10:15:13 am,20.15,-1.8,0.6,9.7,9.9,0,0.2,-0.1,57.4
04/28/2023 10:15:13 am,20.2,-1.9,0.7,9.6,9.8,0,0.2,-0.2,57.4
04/28/2023 10:15:13 am,20.25,-2,0.6,9.6,9.8,0.1,0.2,-0.3,57.3
04/28/2023 10:15:13 am,20.3,-2.1,0.6,9.5,9.8,0.1,0.2,-0.3,57.4
04/28/2023 10:15:13 am,20.35,-2.2,0.6,9.5,9.8,0.1,0.1,-0.4,57.4
04/28/2023 10:15:13 am,20.4,-2.2,0.6,9.4,9.7,0.1,0.1,-0.4,57.3
04/28/2023 10:15:13 am,20.45,-2.3,0.6,9.5,9.7,0.1,0,-0.4,57.3
04/28/2023 10:15:13 am,20.5,-2.3,0.6,9.5,9.7,0.1,-0.1,-0.4,57.3
04/28/2023 10:15:13 am,20.55,-2.2,0.6,9.5,9.7,0.1,-0.1,-0.4,57.4
04/28/2023 10:15:13 am,20.6,-2.2,0.5,9.5,9.8,0.1,-0.2,-0.3,57.3
04/28/2023 10:15:13 am,20.65,-2.1,0.5,9.5,9.8,0.1,-0.2,-0.3,57.4
04/28/2023 10:15:13 am,20.7,-2,0.6,9.6,9.8,0.1,-0.2,-0.2,57.4
04/28/2023 10:15:13 am,20.75,-1.9,0.5,9.6,9.8,0,-0.2,-0.2,57.3
04/28/2023 10:15:13 am,20.8,-1.8,0.5,9.7,9.8,0,-0.2,-0.1,57.3
04/28/2023 10:15:13 am,20.85,-1.7,0.5,9.7,9.9,0,-0.2,-0.1,57.4
04/28/2023 10:15:13 am,20.9,-1.7,0.5,9.8,9.9,0,-0.1,0,57.4
04/28/2023 10:15:13 am,20.95,-1.6,0.6,9.7,9.9,0.00024,-0.1,0,57.4
04/28/2023 10:15:14 am,21,-1.6,0.6,9.8,9.9,0,0,0,57.4
04/28/2023 10:15:14 am,21.05,-1.6,0.6,9.7,9.9,-0.00098,0,0,57.4
04/28/2023 10:15:14 am,21.1,-1.7,0.7,9.7,9.9,0,0.1,0,57.4
04/28/2023 10:15:14 am,21.15,-1.7,0.7,9.7,9.9,0,0.1,-0.1,57.4
04/28/2023 10:15:14 am,21.2,-1.8,0.6,9.7,9.9,0,0.2,-0.1,57.4
04/28/2023 10:15:14 am,21.25,-1.9,0.7,9.6,9.8,0,0.2,-0.2,57.4
04/28/2023 10:15:14 am,21.3,-2,0.7,9.6,9.8,0.1,0.2,-0.2,57.4
04/28/2023 10:15:14 am,21.35,-2.2,0.6,9.6,9.8,0.1,0.2,-0.3,57.4
04/28/2023 10:15:14 am,21.4,-2.2,0.7,9.5,9.8,0.1,0.1,-0.3,57.4
04/28/2023 10:15:14 am,21.45,-2.3,0.6,9.5,9.8,0.1,0.1,-0.4,57.4
04/28/2023 10:15:14 am,21.5,-2.3,0.6,9.5,9.8,0.1,0,-0.4,57.4
04/28/2023 10:15:14 am,21.55,-2.4,0.7,9.4,9.7,0.1,0,-0.4,57.4
04/28/2023 10:15:14 am,21.6,-2.3,0.6,9.5,9.8,0.1,-0.1,-0.4,57.4
04/28/2023 10:15:14 am,21.65,-2.3,0.6,9.5,9.8,0.1,-0.1,-0.4,57.4
04/28/2023 10:15:14 am,21.7,-2.2,0.6,9.5,9.8,0.1,-0.2,-0.3,57.4
04/28/2023 10:15:14 am,21.75,-2.2,0.5,9.5,9.8,0.1,-0.2,-0.3,57.4
04/28/2023 10:15:14 am,21.8,-2.1,0.5,9.6,9.8,0,-0.2,-0.2,57.4
04/28/2023 10:15:14 am,21.85,-2,0.5,9.6,9.8,0,-0.2,-0.1,57.4
04/28/2023 10:15:14 am,21.9,-1.9,0.5,9.7,9.9,0,-0.2,-0.1,57.3
04/28/2023 10:15:14 am,21.95,-1.8,0.5,9.7,9.9,0,-0.1,-0.1,57.3
04/28/2023 10:15:15 am,22,-1.8,0.6,9.7,9.9,0,-0.1,0,57.4
04/28/2023 10:15:15 am,22.05,-1.7,0.6,9.7,9.9,0,0,0,57.4
04/28/2023 10:15:15 am,22.1,-1.7,0.6,9.7,9.9,0.00024,0,0,57.4
04/28/2023 10:15:15 am,22.15,-1.8,0.6,9.7,9.9,-0.00098,0.1,0,57.4
04/28/2023 10:15:15 am,22.2,-1.8,0.7,9.7,9.9,0,0.1,-0.1,57.4
04/28/2023 10:15:15 am,22.25,-1.9,0.6,9.7,9.9,0,0.2,-0.1,57.4
04/28/2023 10:15:15 am,22.3,-2,0.7,9.6,9.8,0,0.2,-0.2,57.4
04/28/2023 10:15:15 am,22.35,-2.1,0.7,9.6,9.8,0,0.2,-0.2,57.4
04/28/2023 10:15:15 am,22.4,-2.2,0.7,9.6,9.8,0.1,0.2,-0.3,57.4
04/28/2023 10:15:15 am,22.45,-2.3,0.7,9.5,9.8,0.1,0.1,-0.3,57.4
04/28/2023 10:15:15 am,22.5,-2.4,0.6,9.5,9.8,0.1,0.1,-0.4,57.4
04/28/2023 10:15:15 am,22.55,-2.4,0.6,9.4,9.7,0.1,0.1,-0.4,57.5
04/28/2023 10:15:15 am,22.6,-2.4,0.6,9.4,9.8,0.1,0,-0.4,57.4
04/28/2023 10:15:15 am,22.65,-2.4,0.6,9.4,9.8,0.1,-0.1,-0.4,57.5
04/28/2023 10:15:15 am,22.7,-2.4,0.6,9.4,9.8,0.1,-0.1,-0.4,57.4
04/28/2023 10:15:15 am,22.75,-2.4,0.5,9.5,9.8,0.1,-0.2,-0.3,57.4
04/28/2023 10:15:15 am,22.8,-2.3,0.5,9.5,9.8,0.1,-0.2,-0.3,57.4
04/28/2023 10:15:15 am,22.85,-2.2,0.5,9.5,9.8,0,-0.2,-0.2,57.4
04/28/2023 10:15:15 am,22.9,-2.1,0.6,9.6,9.8,0,-0.2,-0.2,57.4
04/28/2023 10:15:15 am,22.95,-2,0.6,9.6,9.9,0,-0.2,-0.1,57.4
04/28/2023 10:15:16 am,23,-2,0.5,9.6,9.9,0,-0.2,-0.1,57.4
04/28/2023 10:15:16 am,23.05,-1.9,0.6,9.7,9.9,0,-0.1,0,57.4
04/28/2023 10:15:16 am,23.1,-1.8,0.6,9.7,9.9,0,-0.1,0,57.5
04/28/2023 10:15:16 am,23.15,-1.8,0.6,9.7,9.9,-0.00098,0,0,57.4
04/28/2023 10:15:16 am,23.2,-1.8,0.6,9.7,9.9,0.00024,0,0,57.5
04/28/2023 10:15:16 am,23.25,-1.9,0.6,9.7,9.9,0,0.1,0,57.5
04/28/2023 10:15:16 am,23.3,-2,0.6,9.6,9.9,0,0.1,-0.1,57.5
04/28/2023 10:15:16 am,23.35,-2,0.7,9.6,9.9,0,0.2,-0.1,57.4
04/28/2023 10:15:16 am,23.4,-2.1,0.7,9.6,9.8,0,0.2,-0.2,57.4
04/28/2023 10:15:16 am,23.45,-2.2,0.7,9.6,9.8,0.1,0.2,-0.2,57.4
04/28/2023 10:15:16 am,23.5,-2.3,0.7,9.5,9.8,0.1,0.2,-0.3,57.4
04/28/2023 10:15:16 am,23.55,-2.4,0.6,9.4,9.8,0.1,0.1,-0.3,57.4
04/28/2023 10:15:16 am,23.6,-2.5,0.6,9.4,9.7,0.1,0.1,-0.4,57.4
04/28/2023 10:15:16 am,23.65,-2.5,0.5,9.4,9.8,0.1,0,-0.4,57.5
04/28/2023 10:15:16 am,23.7,-2.5,0.6,9.4,9.7,0.1,0,-0.4,57.5
04/28/2023 10:15:16 am,23.75,-2.5,0.6,9.4,9.8,0.1,-0.1,-0.4,57.5
04/28/2023 10:15:16 am,23.8,-2.5,0.5,9.4,9.8,0.1,-0.1,-0.3,57.5
04/28/2023 10:15:16 am,23.85,-2.4,0.5,9.5,9.8,0.1,-0.2,-0.3,57.5
04/28/2023 10:15:16 am,23.9,-2.4,0.5,9.5,9.8,0.1,-0.2,-0.3,57.5
04/28/2023 10:15:16 am,23.95,-2.3,0.5,9.6,9.8,0,-0.2,-0.2,57.5
04/28/2023 10:15:17 am,24,-2.2,0.5,9.6,9.8,0,-0.2,-0.1,57.4
04/28/2023 10:15:17 am,24.05,-2.1,0.5,9.7,9.9,0,-0.2,-0.1,57.5
04/28/2023 10:15:17 am,24.1,-2,0.5,9.7,9.9,0,-0.1,-0.1,57.5
04/28/2023 10:15:17 am,24.15,-2,0.5,9.7,9.9,0,-0.1,0,57.5
04/28/2023 10:15:17 am,24.2,-1.9,0.5,9.7,9.9,0.00024,0,0,57.5
04/28/2023 10:15:17 am,24.25,-1.9,0.6,9.7,9.9,0.00024,0,0,57.5
04/28/2023 10:15:17 am,24.3,-2,0.6,9.7,9.9,0.00024,0.1,0,57.5
04/28/2023 10:15:17 am,24.35,-2,0.6,9.7,9.9,0,0.1,-0.1,57.5
04/28/2023 10:15:17 am,24.4,-2.1,0.6,9.6,9.9,0,0.1,-0.1,57.5
04/28/2023 10:15:17 am,24.45,-2.2,0.6,9.6,9.9,0,0.2,-0.2,57.4
04/28/2023 10:15:17 am,24.5,-2.3,0.6,9.5,9.8,0,0.2,-0.2,57.4
04/28/2023 10:15:17 am,24.55,-2.4,0.7,9.5,9.8,0.1,0.2,-0.3,57.4
04/28/2023 10:15:17 am,24.6,-2.5,0.5,9.5,9.8,0.1,0.1,-0.3,57.4
04/28/2023 10:15:17 am,24.65,-2.5,0.6,9.4,9.8,0.1,0.1,-0.3,57.4
04/28/2023 10:15:17 am,24.7,-2.6,0.6,9.4,9.8,0.1,0.1,-0.4,57.4
04/28/2023 10:15:17 am,24.75,-2.6,0.5,9.4,9.8,0.1,0,-0.4,57.4
04/28/2023 10:15:17 am,24.8,-2.6,0.5,9.4,9.8,0.1,-0.1,-0.4,57.4
04/28/2023 10:15:17 am,24.85,-2.6,0.5,9.4,9.8,0.1,-0.1,-0.4,57.4
04/28/2023 10:15:17 am,24.9,-2.6,0.5,9.4,9.8,0.1,-0.2,-0.3,57.4
04/28/2023 10:15:17 am,24.95,-2.5,0.5,9.5,9.8,0.1,-0.2,-0.3,57.4
04/28/2023 10:15:18 am,25,-2.4,0.4,9.5,9.8,0.1,-0.2,-0.2,57.4
04/28/2023 10:15:18 am,25.05,-2.3,0.5,9.5,9.8,0,-0.2,-0.2,57.4
04/28/2023 10:15:18 am,25.1,-2.2,0.5,9.6,9.9,0,-0.2,-0.1,57.4
04/28/2023 10:15:18 am,25.15,-2.1,0.5,9.6,9.9,0,-0.2,-0.1,57.4
04/28/2023 10:15:18 am,25.2,-2.1,0.5,9.6,9.9,0,-0.1,0,57.4
04/28/2023 10:15:18 am,25.25,-2.1,0.5,9.7,9.9,0,-0.1,0,57.4
04/28/2023 10:15:18 am,25.3,-2,0.5,9.7,9.9,0,0,0,57.4
04/28/2023 10:15:18 am,25.35,-2.1,0.5,9.7,9.9,0,0,0,57.4
04/28/2023 10:15:18 am,25.4,-2.1,0.6,9.6,9.9,0,0.1,-0.1,57.4
04/28/2023 10:15:18 am,25.45,-2.2,0.6,9.6,9.9,0,0.1,-0.1,57.4
04/28/2023 10:15:18 am,25.5,-2.2,0.5,9.6,9.9,0,0.2,-0.1,57.3
04/28/2023 10:15:18 am,25.55,-2.3,0.6,9.6,9.9,0,0.2,-0.2,57.3
04/28/2023 10:15:18 am,25.6,-2.4,0.6,9.5,9.8,0.1,0.2,-0.2,57.3
04/28/2023 10:15:18 am,25.65,-2.5,0.5,9.5,9.8,0.1,0.2,-0.3,57.3
04/28/2023 10:15:18 am,25.7,-2.6,0.5,9.4,9.8,0.1,0.1,-0.3,57.3
04/28/2023 10:15:18 am,25.75,-2.7,0.5,9.4,9.7,0.1,0.1,-0.4,57.4
04/28/2023 10:15:18 am,25.8,-2.7,0.5,9.4,9.8,0.1,0,-0.4,57.4
04/28/2023 10:15:18 am,25.85,-2.7,0.5,9.4,9.8,0.1,0,-0.4,57.4
04/28/2023 10:15:18 am,25.9,-2.7,0.5,9.4,9.8,0.1,-0.1,-0.4,57.4
04/28/2023 10:15:18 am,25.95,-2.7,0.4,9.4,9.8,0.1,-0.1,-0.3,57.4
04/28/2023 10:15:19 am,26,-2.6,0.4,9.4,9.8,0.1,-0.2,-0.3,57.4
04/28/2023 10:15:19 am,26.05,-2.5,0.4,9.5,9.8,0.1,-0.2,-0.3,57.4
04/28/2023 10:15:19 am,26.1,-2.4,0.3,9.5,9.8,0,-0.2,-0.2,57.4
04/28/2023 10:15:19 am,26.15,-2.4,0.4,9.5,9.8,0,-0.2,-0.2,57.4
04/28/2023 10:15:19 am,26.2,-2.3,0.4,9.6,9.9,0,-0.2,-0.1,57.4
04/28/2023 10:15:19 am,26.25,-2.2,0.4,9.6,9.9,0,-0.1,-0.1,57.4
04/28/2023 10:15:19 am,26.3,-2.2,0.4,9.6,9.9,0,-0.1,0,57.3
04/28/2023 10:15:19 am,26.35,-2.1,0.4,9.7,9.9,0,0,0,57.3
04/28/2023 10:15:19 am,26.4,-2.1,0.5,9.7,9.9,0.00024,0,0,57.3
04/28/2023 10:15:19 am,26.45,-2.2,0.5,9.7,9.9,0,0.1,0,57.3
04/28/2023 10:15:19 am,26.5,-2.2,0.5,9.6,9.9,0,0.1,-0.1,57.3
04/28/2023 10:15:19 am,26.55,-2.3,0.5,9.6,9.9,0,0.1,-0.1,57.4
04/28/2023 10:15:19 am,26.6,-2.4,0.5,9.6,9.8,0,0.2,-0.2,57.4
04/28/2023 10:15:19 am,26.65,-2.5,0.5,9.5,9.8,0,0.2,-0.2,57.4
04/28/2023 10:15:19 am,26.7,-2.6,0.5,9.5,9.8,0.1,0.2,-0.2,57.4
04/28/2023 10:15:19 am,26.75,-2.6,0.5,9.4,9.8,0.1,0.1,-0.3,57.4
04/28/2023 10:15:19 am,26.8,-2.7,0.5,9.4,9.8,0.1,0.1,-0.3,57.4
04/28/2023 10:15:19 am,26.85,-2.7,0.4,9.3,9.7,0.1,0.1,-0.4,57.4
04/28/2023 10:15:19 am,26.9,-2.8,0.4,9.4,9.8,0.1,0,-0.4,57.4
04/28/2023 10:15:19 am,26.95,-2.8,0.4,9.4,9.8,0.1,0,-0.4,57.4
04/28/2023 10:15:20 am,27,-2.8,0.4,9.4,9.8,0.1,-0.1,-0.4,57.4
04/28/2023 10:15:20 am,27.05,-2.7,0.3,9.4,9.8,0.1,-0.1,-0.3,57.5
04/28/2023 10:15:20 am,27.1,-2.7,0.3,9.4,9.8,0.1,-0.2,-0.3,57.5
04/28/2023 10:15:20 am,27.15,-2.6,0.3,9.5,9.8,0.1,-0.2,-0.2,57.5
04/28/2023 10:15:20 am,27.2,-2.5,0.3,9.5,9.8,0,-0.2,-0.2,57.5
04/28/2023 10:15:20 am,27.25,-2.4,0.3,9.5,9.9,0,-0.2,-0.1,57.5
04/28/2023 10:15:20 am,27.3,-2.4,0.3,9.6,9.9,0,-0.2,-0.1,57.5
04/28/2023 10:15:20 am,27.35,-2.3,0.3,9.6,9.9,0,-0.1,-0.1,57.5
04/28/2023 10:15:20 am,27.4,-2.2,0.3,9.6,9.9,0,-0.1,0,57.5
04/28/2023 10:15:20 am,27.45,-2.2,0.4,9.6,9.9,0,0,0,57.5
04/28/2023 10:15:20 am,27.5,-2.2,0.4,9.6,9.9,0,0,0,57.5
04/28/2023 10:15:20 am,27.55,-2.3,0.4,9.6,9.9,0,0.1,-0.1,57.5
04/28/2023 10:15:20 am,27.6,-2.3,0.4,9.6,9.9,0,0.1,-0.1,57.4
04/28/2023 10:15:20 am,27.65,-2.4,0.4,9.6,9.9,0,0.2,-0.1,57.4
04/28/2023 10:15:20 am,27.7,-2.5,0.4,9.5,9.9,0,0.2,-0.2,57.4
04/28/2023 10:15:20 am,27.75,-2.6,0.4,9.5,9.8,0.1,0.2,-0.2,57.4
04/28/2023 10:15:20 am,27.8,-2.7,0.4,9.4,9.8,0.1,0.2,-0.3,57.3
04/28/2023 10:15:20 am,27.85,-2.8,0.4,9.4,9.8,0.1,0.1,-0.3,57.4
04/28/2023 10:15:20 am,27.9,-2.8,0.4,9.4,9.8,0.1,0.1,-0.3,57.4
04/28/2023 10:15:20 am,27.95,-2.8,0.3,9.3,9.8,0.1,0,-0.4,57.4
04/28/2023 10:15:21 am,28,-2.9,0.3,9.3,9.7,0.1,0,-0.4,57.4
04/28/2023 10:15:21 am,28.05,-2.9,0.3,9.3,9.8,0.1,-0.1,-0.4,57.4
04/28/2023 10:15:21 am,28.1,-2.8,0.3,9.4,9.8,0.1,-0.1,-0.3,57.4
04/28/2023 10:15:21 am,28.15,-2.8,0.3,9.4,9.8,0.1,-0.1,-0.3,57.4
04/28/2023 10:15:21 am,28.2,-2.8,0.3,9.4,9.8,0.1,-0.2,-0.3,57.4
04/28/2023 10:15:21 am,28.25,-2.7,0.2,9.4,9.8,0.1,-0.2,-0.2,57.4
04/28/2023 10:15:21 am,28.3,-2.6,0.2,9.5,9.8,0,-0.2,-0.2,57.4
04/28/2023 10:15:21 am,28.35,-2.5,0.2,9.5,9.9,0,-0.2,-0.1,57.4
04/28/2023 10:15:21 am,28.4,-2.4,0.2,9.6,9.9,0,-0.1,-0.1,57.4
04/28/2023 10:15:21 am,28.45,-2.4,0.2,9.6,9.9,0,-0.1,-0.1,57.4
04/28/2023 10:15:21 am,28.5,-2.4,0.3,9.6,9.9,0,-0.1,0,57.4
04/28/2023 10:15:21 am,28.55,-2.3,0.2,9.6,9.9,0,0,0,57.4
04/28/2023 10:15:21 am,28.6,-2.4,0.3,9.6,9.9,0,0,0,57.4
04/28/2023 10:15:21 am,28.65,-2.4,0.3,9.6,9.9,0,0.1,-0.1,57.5
04/28/2023 10:15:21 am,28.7,-2.4,0.3,9.6,9.9,0,0.1,-0.1,57.5
04/28/2023 10:15:21 am,28.75,-2.6,0.3,9.5,9.8,0,0.2,-0.1,57.4
04/28/2023 10:15:21 am,28.8,-2.6,0.3,9.5,9.8,0,0.2,-0.2,57.5
04/28/2023 10:15:21 am,28.85,-2.7,0.3,9.4,9.8,0.1,0.2,-0.2,57.5
04/28/2023 10:15:21 am,28.9,-2.8,0.3,9.4,9.8,0.1,0.2,-0.3,57.4
04/28/2023 10:15:21 am,28.95,-2.9,0.3,9.3,9.8,0.1,0.1,-0.3,57.5
04/28/2023 10:15:22 am,29,-2.9,0.3,9.3,9.8,0.1,0.1,-0.3,57.5
04/28/2023 10:15:22 am,29.05,-3,0.3,9.3,9.8,0.1,0,-0.4,57.4
04/28/2023 10:15:22 am,29.1,-3,0.3,9.3,9.8,0.1,0,-0.4,57.5
04/28/2023 10:15:22 am,29.15,-3,0.2,9.3,9.8,0.1,-0.1,-0.4,57.5
04/28/2023 10:15:22 am,29.2,-2.9,0.2,9.4,9.8,0.1,-0.1,-0.3,57.5
04/28/2023 10:15:22 am,29.25,-2.9,0.2,9.3,9.7,0.1,-0.1,-0.3,57.5
04/28/2023 10:15:22 am,29.3,-2.8,0.2,9.4,9.8,0.1,-0.2,-0.3,57.5
04/28/2023 10:15:22 am,29.35,-2.7,0.2,9.4,9.8,0.1,-0.2,-0.2,57.5
04/28/2023 10:15:22 am,29.4,-2.7,0.1,9.5,9.8,0,-0.2,-0.2,57.5
04/28/2023 10:15:22 am,29.45,-2.6,0.1,9.5,9.9,0,-0.2,-0.1,57.5
04/28/2023 10:15:22 am,29.5,-2.5,0.2,9.5,9.9,0,-0.1,-0.1,57.5
04/28/2023 10:15:22 am,29.55,-2.5,0.2,9.6,9.9,0,-0.1,0,57.5
04/28/2023 10:15:22 am,29.6,-2.5,0.2,9.6,9.9,0,0,0,57.5
04/28/2023 10:15:22 am,29.65,-2.5,0.2,9.6,9.9,0,0,0,57.5
04/28/2023 10:15:22 am,29.7,-2.5,0.2,9.6,9.9,0,0.1,0,57.5
04/28/2023 10:15:22 am,29.75,-2.5,0.2,9.6,9.9,0,0.1,-0.1,57.5
04/28/2023 10:15:22 am,29.8,-2.6,0.2,9.5,9.9,0,0.1,-0.1,57.5
04/28/2023 10:15:22 am,29.85,-2.7,0.2,9.5,9.9,0,0.2,-0.1,57.5
04/28/2023 10:15:22 am,29.9,-2.8,0.2,9.4,9.8,0,0.2,-0.2,57.5
04/28/2023 10:15:22 am,29.95,-2.8,0.2,9.4,9.8,0.1,0.2,-0.2,57.4
04/28/2023 10:15:23 am,30,-2.9,0.2,9.4,9.8,0.1,0.1,-0.3,57.5
04/28/2023 10:15:23 am,30.05,-3,0.2,9.3,9.8,0.1,0.1,-0.3,57.5
04/28/2023 10:15:23 am,30.1,-3,0.2,9.3,9.8,0.1,0.1,-0.4,57.5
04/28/2023 10:15:23 am,30.15,-3.1,0.2,9.3,9.8,0.1,0,-0.4,57.5
04/28/2023 10:15:23 am,30.2,-3.1,0.2,9.3,9.8,0.1,0,-0.4,57.5
04/28/2023 10:15:23 am,30.25,-3.1,0.1,9.3,9.8,0.1,-0.1,-0.4,57.5
04/28/2023 10:15:23 am,30.3,-3,0.1,9.3,9.8,0.1,-0.1,-0.3,57.5
04/28/2023 10:15:23 am,30.35,-3,0.1,9.3,9.8,0.1,-0.2,-0.3,57.5
04/28/2023 10:15:23 am,30.4,-2.9,0,9.4,9.8,0.1,-0.2,-0.2,57.5
04/28/2023 10:15:23 am,30.45,-2.8,0.1,9.4,9.8,0.1,-0.2,-0.2,57.5
04/28/2023 10:15:23 am,30.5,-2.7,0,9.5,9.9,0,-0.2,-0.1,57.5
04/28/2023 10:15:23 am,30.55,-2.7,0.1,9.5,9.9,0,-0.1,-0.1,57.5
04/28/2023 10:15:23 am,30.6,-2.6,0.1,9.5,9.9,0,-0.1,-0.1,57.5
04/28/2023 10:15:23 am,30.65,-2.6,0.1,9.6,9.9,0,-0.1,0,57.5
04/28/2023 10:15:23 am,30.7,-2.6,0.1,9.6,9.9,0,0,0,57.5
04/28/2023 10:15:23 am,30.75,-2.6,0.1,9.5,9.9,0,0,0,57.5
04/28/2023 10:15:23 am,30.8,-2.6,0.1,9.5,9.9,0,0.1,-0.1,57.5
04/28/2023 10:15:23 am,30.85,-2.6,0.1,9.5,9.9,0,0.1,-0.1,57.5
04/28/2023 10:15:23 am,30.9,-2.7,0.2,9.5,9.9,0,0.1,-0.1,57.5
04/28/2023 10:15:23 am,30.95,-2.8,0.2,9.5,9.9,0,0.2,-0.2,57.5
04/28/2023 10:15:24 am,31,-2.9,0.1,9.4,9.8,0.1,0.2,-0.2,57.5
04/28/2023 10:15:24 am,31.05,-3,0.2,9.3,9.8,0.1,0.2,-0.3,57.5
04/28/2023 10:15:24 am,31.1,-3,0.1,9.3,9.8,0.1,0.1,-0.3,57.5
04/28/2023 10:15:24 am,31.15,-3.1,0.1,9.3,9.8,0.1,0.1,-0.3,57.5
04/28/2023 10:15:24 am,31.2,-3.2,0.1,9.2,9.8,0.1,0.1,-0.4,57.5
04/28/2023 10:15:24 am,31.25,-3.2,0.1,9.2,9.8,0.1,0,-0.4,57.6
04/28/2023 10:15:24 am,31.3,-3.2,0,9.2,9.7,0.1,0,-0.4,57.5
04/28/2023 10:15:24 am,31.35,-3.2,0,9.2,9.8,0.1,-0.1,-0.3,57.5
04/28/2023 10:15:24 am,31.4,-3.1,0,9.3,9.8,0.1,-0.1,-0.3,57.5
04/28/2023 10:15:24 am,31.45,-3,0,9.3,9.8,0.1,-0.2,-0.3,57.5
04/28/2023 10:15:24 am,31.5,-3,-0.1,9.4,9.8,0.1,-0.2,-0.2,57.5
04/28/2023 10:15:24 am,31.55,-2.9,0,9.4,9.8,0.1,-0.2,-0.2,57.5
04/28/2023 10:15:24 am,31.6,-2.8,0,9.4,9.9,0,-0.2,-0.1,57.5
04/28/2023 10:15:24 am,31.65,-2.8,0,9.5,9.9,0,-0.1,-0.1,57.5
04/28/2023 10:15:24 am,31.7,-2.7,0,9.5,9.9,0,-0.1,-0.1,57.5
04/28/2023 10:15:24 am,31.75,-2.7,0,9.5,9.9,0,-0.1,0,57.5
04/28/2023 10:15:24 am,31.8,-2.7,0,9.5,9.9,0,0,0,57.5
04/28/2023 10:15:24 am,31.85,-2.7,0,9.5,9.9,0,0,0,57.5
04/28/2023 10:15:24 am,31.9,-2.7,0,9.5,9.9,0,0.1,-0.1,57.5
04/28/2023 10:15:24 am,31.95,-2.7,0.1,9.5,9.9,0,0.1,-0.1,57.5
04/28/2023 10:15:25 am,32,-2.8,0.1,9.5,9.9,0,0.2,-0.1,57.5
04/28/2023 10:15:25 am,32.05,-2.9,0.1,9.4,9.8,0,0.2,-0.2,57.5
04/28/2023 10:15:25 am,32.1,-3,0.1,9.4,9.8,0.1,0.2,-0.2,57.5
04/28/2023 10:15:25 am,32.15,-3.1,0,9.3,9.8,0.1,0.2,-0.3,57.5
04/28/2023 10:15:25 am,32.2,-3.1,0,9.3,9.8,0.1,0.1,-0.3,57.5
04/28/2023 10:15:25 am,32.25,-3.2,0,9.2,9.8,0.1,0.1,-0.3,57.5
04/28/2023 10:15:25 am,32.3,-3.2,0,9.2,9.8,0.1,0.1,-0.4,57.5
04/28/2023 10:15:25 am,32.35,-3.3,0,9.2,9.8,0.1,0,-0.4,57.5
04/28/2023 10:15:25 am,32.4,-3.2,0,9.2,9.8,0.1,0,-0.4,57.5
04/28/2023 10:15:25 am,32.45,-3.2,0,9.2,9.8,0.1,-0.1,-0.3,57.4
04/28/2023 10:15:25 am,32.5,-3.2,-0.1,9.3,9.8,0.1,-0.1,-0.3,57.5
04/28/2023 10:15:25 am,32.55,-3.1,-0.1,9.3,9.8,0.1,-0.2,-0.3,57.4
04/28/2023 10:15:25 am,32.6,-3.1,-0.1,9.3,9.8,0.1,-0.2,-0.2,57.4
04/28/2023 10:15:25 am,32.65,-3,-0.1,9.4,9.8,0,-0.2,-0.2,57.4
04/28/2023 10:15:25 am,32.7,-2.9,-0.1,9.4,9.9,0,-0.1,-0.1,57.4
04/28/2023 10:15:25 am,32.75,-2.8,-0.1,9.5,9.9,0,-0.1,-0.1,57.5
04/28/2023 10:15:25 am,32.8,-2.8,-0.1,9.5,9.9,0,-0.1,-0.1,57.4
04/28/2023 10:15:25 am,32.85,-2.8,-0.1,9.5,9.9,0,0,0,57.4
04/28/2023 10:15:25 am,32.9,-2.8,-0.1,9.5,9.9,0,0,0,57.4
04/28/2023 10:15:25 am,32.95,-2.8,0,9.5,9.9,0,0,0,57.4
04/28/2023 10:15:26 am,33,-2.8,0,9.5,9.9,0,0.1,-0.1,57.4
04/28/2023 10:15:26 am,33.05,-2.9,0,9.4,9.9,0,0.1,-0.1,57.4
04/28/2023 10:15:26 am,33.1,-2.9,0,9.4,9.9,0,0.1,-0.1,57.5
04/28/2023 10:15:26 am,33.15,-3,0,9.4,9.8,0.1,0.2,-0.2,57.4
04/28/2023 10:15:26 am,33.2,-3.1,0,9.3,9.8,0.1,0.2,-0.2,57.4
04/28/2023 10:15:26 am,33.25,-3.2,0,9.3,9.8,0.1,0.2,-0.3,57.4
04/28/2023 10:15:26 am,33.3,-3.2,0,9.2,9.8,0.1,0.1,-0.3,57.4
04/28/2023 10:15:26 am,33.35,-3.3,0,9.2,9.8,0.1,0.1,-0.3,57.4
04/28/2023 10:15:26 am,33.4,-3.3,-0.1,9.2,9.8,0.1,0.1,-0.4,57.5
04/28/2023 10:15:26 am,33.45,-3.4,-0.1,9.2,9.8,0.1,0,-0.4,57.5
04/28/2023 10:15:26 am,33.5,-3.4,-0.1,9.2,9.8,0.1,0,-0.3,57.5
04/28/2023 10:15:26 am,33.55,-3.3,-0.1,9.2,9.8,0.1,-0.1,-0.3,57.5
04/28/2023 10:15:26 am,33.6,-3.3,-0.1,9.2,9.8,0.1,-0.1,-0.3,57.5
04/28/2023 10:15:26 am,33.65,-3.2,-0.1,9.3,9.8,0.1,-0.1,-0.3,57.5
04/28/2023 10:15:26 am,33.7,-3.1,-0.2,9.3,9.8,0.1,-0.2,-0.2,57.5
04/28/2023 10:15:26 am,33.75,-3,-0.2,9.3,9.8,0.1,-0.2,-0.2,57.5
04/28/2023 10:15:26 am,33.8,-3,-0.2,9.4,9.9,0,-0.1,-0.1,57.5
04/28/2023 10:15:26 am,33.85,-2.9,-0.2,9.4,9.9,0,-0.1,-0.1,57.5
04/28/2023 10:15:26 am,33.9,-2.9,-0.1,9.4,9.9,0,-0.1,-0.1,57.6
04/28/2023 10:15:26 am,33.95,-2.9,-0.1,9.5,9.9,0,0,0,57.5
04/28/2023 10:15:27 am,34,-2.9,-0.1,9.4,9.9,0,0,0,57.5
04/28/2023 10:15:27 am,34.05,-2.9,-0.1,9.4,9.9,0,0,-0.1,57.5
04/28/2023 10:15:27 am,34.1,-2.9,0,9.4,9.9,0,0.1,-0.1,57.5
04/28/2023 10:15:27 am,34.15,-3,-0.1,9.4,9.9,0,0.1,-0.1,57.5
04/28/2023 10:15:27 am,34.2,-3,0,9.4,9.8,0,0.2,-0.1,57.5
04/28/2023 10:15:27 am,34.25,-3.1,-0.1,9.3,9.9,0.1,0.2,-0.2,57.5
04/28/2023 10:15:27 am,34.3,-3.2,0,9.3,9.8,0.1,0.2,-0.2,57.5
04/28/2023 10:15:27 am,34.35,-3.3,-0.1,9.2,9.8,0.1,0.1,-0.3,57.5
04/28/2023 10:15:27 am,34.4,-3.3,-0.1,9.2,9.8,0.1,0.1,-0.3,57.5
04/28/2023 10:15:27 am,34.45,-3.4,-0.1,9.2,9.8,0.1,0.1,-0.3,57.5
04/28/2023 10:15:27 am,34.5,-3.4,-0.1,9.2,9.8,0.1,0,-0.3,57.5
04/28/2023 10:15:27 am,34.55,-3.4,-0.1,9.2,9.8,0.1,0,-0.4,57.5
04/28/2023 10:15:27 am,34.6,-3.4,-0.1,9.2,9.8,0.1,-0.1,-0.3,57.5
04/28/2023 10:15:27 am,34.65,-3.4,-0.2,9.2,9.8,0.1,-0.1,-0.3,57.5
04/28/2023 10:15:27 am,34.7,-3.3,-0.2,9.2,9.8,0.1,-0.1,-0.3,57.5
04/28/2023 10:15:27 am,34.75,-3.3,-0.1,9.3,9.8,0.1,-0.1,-0.3,57.5
04/28/2023 10:15:27 am,34.8,-3.2,-0.2,9.3,9.8,0.1,-0.2,-0.2,57.5
04/28/2023 10:15:27 am,34.85,-3.1,-0.1,9.3,9.8,0.1,-0.2,-0.2,57.6
04/28/2023 10:15:27 am,34.9,-3.1,-0.2,9.4,9.9,0,-0.1,-0.1,57.5
04/28/2023 10:15:27 am,34.95,-3,-0.2,9.4,9.9,0,-0.1,-0.1,57.5
04/28/2023 10:15:28 am,35,-3,-0.1,9.4,9.9,0,-0.1,-0.1,57.5
04/28/2023 10:15:28 am,35.05,-3,-0.2,9.5,9.9,0,0,-0.1,57.5
04/28/2023 10:15:28 am,35.1,-3,-0.1,9.5,9.9,0,0,0,57.5
04/28/2023 10:15:28 am,35.15,-3,-0.1,9.4,9.9,0,0.1,-0.1,57.6
04/28/2023 10:15:28 am,35.2,-3,-0.1,9.4,9.9,0,0.1,-0.1,57.6
04/28/2023 10:15:28 am,35.25,-3.1,-0.1,9.4,9.9,0,0.1,-0.1,57.5
04/28/2023 10:15:28 am,35.3,-3.1,-0.1,9.3,9.8,0,0.1,-0.1,57.5
04/28/2023 10:15:28 am,35.35,-3.2,-0.1,9.3,9.8,0.1,0.2,-0.2,57.6
04/28/2023 10:15:28 am,35.4,-3.3,0,9.3,9.8,0.1,0.2,-0.2,57.6
04/28/2023 10:15:28 am,35.45,-3.3,-0.1,9.2,9.8,0.1,0.1,-0.3,57.6
04/28/2023 10:15:28 am,35.5,-3.4,-0.1,9.2,9.8,0.1,0.1,-0.3,57.5
04/28/2023 10:15:28 am,35.55,-3.5,-0.1,9.1,9.8,0.1,0.1,-0.3,57.5
04/28/2023 10:15:28 am,35.6,-3.5,-0.1,9.1,9.7,0.1,0,-0.3,57.5
04/28/2023 10:15:28 am,35.65,-3.5,-0.1,9.1,9.8,0.1,0,-0.4,57.5
04/28/2023 10:15:28 am,35.7,-3.5,-0.1,9.1,9.8,0.1,0,-0.3,57.5
04/28/2023 10:15:28 am,35.75,-3.4,-0.1,9.2,9.8,0.1,-0.1,-0.3,57.5
04/28/2023 10:15:28 am,35.8,-3.4,-0.2,9.2,9.8,0.1,-0.1,-0.3,57.5
04/28/2023 10:15:28 am,35.85,-3.4,-0.2,9.2,9.8,0.1,-0.1,-0.3,57.5
04/28/2023 10:15:28 am,35.9,-3.3,-0.2,9.3,9.8,0.1,-0.2,-0.2,57.5
04/28/2023 10:15:28 am,35.95,-3.2,-0.2,9.3,9.9,0.1,-0.1,-0.2,57.5
04/28/2023 10:15:29 am,36,-3.2,-0.2,9.3,9.8,0,-0.1,-0.1,57.5
04/28/2023 10:15:29 am,36.05,-3.1,-0.1,9.4,9.9,0,-0.1,-0.1,57.5
04/28/2023 10:15:29 am,36.1,-3.1,-0.2,9.4,9.9,0,-0.1,-0.1,57.5
04/28/2023 10:15:29 am,36.15,-3,-0.2,9.4,9.9,0,0,-0.1,57.5
04/28/2023 10:15:29 am,36.2,-3,-0.2,9.4,9.9,0,0,-0.1,57.5
04/28/2023 10:15:29 am,36.25,-3.1,-0.1,9.4,9.9,0,0.1,-0.1,57.5
04/28/2023 10:15:29 am,36.3,-3.1,-0.1,9.4,9.9,0,0.1,-0.1,57.5
04/28/2023 10:15:29 am,36.35,-3.1,-0.1,9.3,9.9,0,0.1,-0.1,57.6
04/28/2023 10:15:29 am,36.4,-3.2,-0.1,9.3,9.8,0,0.1,-0.1,57.5
04/28/2023 10:15:29 am,36.45,-3.3,-0.1,9.3,9.9,0.1,0.2,-0.2,57.5
04/28/2023 10:15:29 am,36.5,-3.3,-0.1,9.2,9.8,0.1,0.1,-0.2,57.5
04/28/2023 10:15:29 am,36.55,-3.4,-0.1,9.2,9.8,0.1,0.1,-0.3,57.5
04/28/2023 10:15:29 am,36.6,-3.5,-0.1,9.2,9.8,0.1,0.1,-0.3,57.6
04/28/2023 10:15:29 am,36.65,-3.5,-0.1,9.1,9.8,0.1,0.1,-0.3,57.6
04/28/2023 10:15:29 am,36.7,-3.6,-0.1,9.1,9.8,0.1,0,-0.3,57.5
04/28/2023 10:15:29 am,36.75,-3.6,-0.1,9.1,9.8,0.1,0,-0.3,57.5
04/28/2023 10:15:29 am,36.8,-3.6,-0.1,9.1,9.8,0.1,-0.1,-0.3,57.6
04/28/2023 10:15:29 am,36.85,-3.5,-0.2,9.1,9.8,0.1,-0.1,-0.3,57.5
04/28/2023 10:15:29 am,36.9,-3.5,-0.1,9.1,9.8,0.1,-0.1,-0.3,57.5
04/28/2023 10:15:29 am,36.95,-3.4,-0.1,9.2,9.8,0.1,-0.1,-0.2,57.5
04/28/2023 10:15:30 am,37,-3.4,-0.1,9.2,9.8,0.1,-0.1,-0.2,57.5
04/28/2023 10:15:30 am,37.05,-3.3,-0.2,9.3,9.8,0.1,-0.1,-0.2,57.5
04/28/2023 10:15:30 am,37.1,-3.3,-0.2,9.3,9.9,0,-0.1,-0.1,57.5
04/28/2023 10:15:30 am,37.15,-3.2,-0.1,9.4,9.9,0,-0.1,-0.1,57.5
04/28/2023 10:15:30 am,37.2,-3.1,-0.3,9.4,9.9,0,-0.1,-0.1,57.5
04/28/2023 10:15:30 am,37.25,-3.1,-0.1,9.4,9.9,0,0,-0.1,57.5
04/28/2023 10:15:30 am,37.3,-3.1,-0.1,9.4,9.9,0,0,-0.1,57.5
04/28/2023 10:15:30 am,37.35,-3.1,-0.2,9.4,9.9,0,0.1,-0.1,57.5
04/28/2023 10:15:30 am,37.4,-3.2,0,9.4,9.9,0,0.1,-0.1,57.5
04/28/2023 10:15:30 am,37.45,-3.2,-0.1,9.3,9.9,0,0.1,-0.1,57.5
04/28/2023 10:15:30 am,37.5,-3.3,-0.1,9.3,9.9,0.1,0.1,-0.2,57.6
04/28/2023 10:15:30 am,37.55,-3.3,0,9.2,9.8,0.1,0.1,-0.2,57.5
04/28/2023 10:15:30 am,37.6,-3.4,-0.1,9.2,9.8,0.1,0.1,-0.2,57.5
04/28/2023 10:15:30 am,37.65,-3.5,0,9.2,9.8,0.1,0.1,-0.3,57.5
04/28/2023 10:15:30 am,37.7,-3.5,-0.1,9.1,9.8,0.1,0.1,-0.3,57.5
04/28/2023 10:15:30 am,37.75,-3.6,-0.1,9.1,9.8,0.1,0.1,-0.3,57.5
04/28/2023 10:15:30 am,37.8,-3.6,-0.1,9.1,9.8,0.1,0,-0.3,57.5
04/28/2023 10:15:30 am,37.85,-3.6,-0.1,9.1,9.8,0.1,0,-0.3,57.5
04/28/2023 10:15:30 am,37.9,-3.6,-0.1,9.1,9.8,0.1,-0.1,-0.3,57.5
04/28/2023 10:15:30 am,37.95,-3.6,-0.1,9.1,9.8,0.1,-0.1,-0.3,57.5
04/28/2023 10:15:31 am,38,-3.5,-0.1,9.2,9.8,0.1,-0.1,-0.3,57.5
04/28/2023 10:15:31 am,38.05,-3.5,-0.1,9.2,9.8,0.1,-0.1,-0.2,57.5
04/28/2023 10:15:31 am,38.1,-3.4,-0.1,9.2,9.8,0.1,-0.1,-0.2,57.5
04/28/2023 10:15:31 am,38.15,-3.4,-0.1,9.3,9.8,0.1,-0.1,-0.2,57.6
04/28/2023 10:15:31 am,38.2,-3.3,-0.1,9.3,9.8,0.1,-0.1,-0.1,57.6
04/28/2023 10:15:31 am,38.25,-3.2,-0.2,9.3,9.9,0,-0.1,-0.1,57.6
04/28/2023 10:15:31 am,38.3,-3.2,-0.1,9.3,9.9,0,-0.1,-0.1,57.6
04/28/2023 10:15:31 am,38.35,-3.2,-0.1,9.3,9.9,0,0,-0.1,57.6
04/28/2023 10:15:31 am,38.4,-3.2,-0.1,9.3,9.9,0,0,-0.1,57.6
04/28/2023 10:15:31 am,38.45,-3.2,0,9.3,9.9,0,0,-0.1,57.6
04/28/2023 10:15:31 am,38.5,-3.2,0,9.3,9.9,0,0.1,-0.1,57.6
04/28/2023 10:15:31 am,38.55,-3.3,0,9.3,9.9,0,0.1,-0.1,57.6
04/28/2023 10:15:31 am,38.6,-3.3,0,9.3,9.8,0.1,0.1,-0.1,57.6
04/28/2023 10:15:31 am,38.65,-3.4,0,9.2,9.8,0.1,0.1,-0.2,57.6
04/28/2023 10:15:31 am,38.7,-3.5,0,9.2,9.8,0.1,0.1,-0.2,57.6
04/28/2023 10:15:31 am,38.75,-3.5,0,9.2,9.8,0.1,0.1,-0.3,57.6
04/28/2023 10:15:31 am,38.8,-3.6,0,9.1,9.8,0.1,0.1,-0.3,57.6
04/28/2023 10:15:31 am,38.85,-3.6,0,9.1,9.8,0.1,0.1,-0.3,57.6
04/28/2023 10:15:31 am,38.9,-3.7,0,9.1,9.8,0.1,0,-0.3,57.6
04/28/2023 10:15:31 am,38.95,-3.7,-0.1,9.1,9.8,0.1,0,-0.3,57.6
04/28/2023 10:15:32 am,39,-3.7,-0.1,9.1,9.8,0.1,0,-0.3,57.6
04/28/2023 10:15:32 am,39.05,-3.6,0,9.1,9.8,0.1,-0.1,-0.3,57.6
04/28/2023 10:15:32 am,39.1,-3.6,0,9.1,9.8,0.1,-0.1,-0.3,57.6
04/28/2023 10:15:32 am,39.15,-3.5,0,9.1,9.8,0.1,-0.1,-0.2,57.6
04/28/2023 10:15:32 am,39.2,-3.5,-0.1,9.2,9.8,0.1,-0.1,-0.2,57.6
04/28/2023 10:15:32 am,39.25,-3.4,-0.1,9.2,9.9,0.1,-0.1,-0.2,57.6
04/28/2023 10:15:32 am,39.3,-3.4,0,9.3,9.9,0.1,-0.1,-0.1,57.6
04/28/2023 10:15:32 am,39.35,-3.3,0,9.3,9.9,0,-0.1,-0.1,57.6
04/28/2023 10:15:32 am,39.4,-3.3,0,9.3,9.9,0,-0.1,-0.1,57.6
04/28/2023 10:15:32 am,39.45,-3.2,0,9.3,9.9,0,0,-0.1,57.6
04/28/2023 10:15:32 am,39.5,-3.2,0,9.3,9.9,0,0,-0.1,57.6
04/28/2023 10:15:32 am,39.55,-3.2,0,9.3,9.9,0,0,-0.1,57.6
04/28/2023 10:15:32 am,39.6,-3.3,0,9.3,9.9,0,0.1,-0.1,57.6
04/28/2023 10:15:32 am,39.65,-3.3,0.1,9.3,9.8,0,0.1,-0.1,57.6
04/28/2023 10:15:32 am,39.7,-3.4,0,9.3,9.9,0.1,0.1,-0.1,57.6
04/28/2023 10:15:32 am,39.75,-3.4,0.1,9.2,9.8,0.1,0.1,-0.2,57.6
04/28/2023 10:15:32 am,39.8,-3.5,0,9.2,9.8,0.1,0.1,-0.2,57.6
04/28/2023 10:15:32 am,39.85,-3.6,0.1,9.1,9.8,0.1,0.1,-0.3,57.6
04/28/2023 10:15:32 am,39.9,-3.6,0.1,9.1,9.8,0.1,0.1,-0.3,57.6
04/28/2023 10:15:32 am,39.95,-3.7,0,9.1,9.8,0.1,0.1,-0.3,57.6
04/28/2023 10:15:33 am,40,-3.7,0,9.1,9.8,0.1,0,-0.3,57.5
04/28/2023 10:15:33 am,40.05,-3.7,0,9.1,9.8,0.1,0,-0.3,57.5
04/28/2023 10:15:33 am,40.1,-3.7,0,9.1,9.8,0.1,0,-0.3,57.5
04/28/2023 10:15:33 am,40.15,-3.7,0,9.1,9.8,0.1,-0.1,-0.3,57.5
04/28/2023 10:15:33 am,40.2,-3.6,0,9.1,9.8,0.1,-0.1,-0.3,57.5
04/28/2023 10:15:33 am,40.25,-3.6,0,9.1,9.8,0.1,-0.1,-0.2,57.5
04/28/2023 10:15:33 am,40.3,-3.5,0,9.2,9.8,0.1,-0.1,-0.2,57.5
04/28/2023 10:15:33 am,40.35,-3.5,0,9.2,9.8,0.1,-0.1,-0.2,57.6
04/28/2023 10:15:33 am,40.4,-3.4,0,9.3,9.9,0.1,-0.1,-0.1,57.5
04/28/2023 10:15:33 am,40.45,-3.4,0,9.3,9.8,0,-0.1,-0.1,57.5
04/28/2023 10:15:33 am,40.5,-3.3,0.1,9.3,9.9,0,-0.1,-0.1,57.5
04/28/2023 10:15:33 am,40.55,-3.3,0.1,9.3,9.9,0,0,-0.1,57.6
04/28/2023 10:15:33 am,40.6,-3.3,0.1,9.3,9.9,0,0,-0.1,57.6
04/28/2023 10:15:33 am,40.65,-3.3,0.1,9.3,9.9,0,0,-0.1,57.6
04/28/2023 10:15:33 am,40.7,-3.3,0.1,9.3,9.8,0,0.1,-0.1,57.6
04/28/2023 10:15:33 am,40.75,-3.4,0.1,9.3,9.9,0,0.1,-0.1,57.6
04/28/2023 10:15:33 am,40.8,-3.4,0.1,9.2,9.8,0.1,0.1,-0.1,57.6
04/28/2023 10:15:33 am,40.85,-3.5,0.1,9.2,9.8,0.1,0.1,-0.2,57.6
04/28/2023 10:15:33 am,40.9,-3.5,0.1,9.2,9.8,0.1,0.1,-0.2,57.6
04/28/2023 10:15:33 am,40.95,-3.6,0.2,9.1,9.8,0.1,0.1,-0.2,57.6
04/28/2023 10:15:34 am,41,-3.6,0.1,9.1,9.8,0.1,0.1,-0.3,57.6
04/28/2023 10:15:34 am,41.05,-3.7,0.1,9,9.7,0.1,0.1,-0.3,57.6
04/28/2023 10:15:34 am,41.1,-3.8,0.2,9.1,9.8,0.1,0,-0.3,57.5
04/28/2023 10:15:34 am,41.15,-3.7,0,9,9.8,0.2,0,-0.3,57.6
04/28/2023 10:15:34 am,41.2,-3.7,0.1,9.1,9.8,0.1,0,-0.3,57.6
04/28/2023 10:15:34 am,41.25,-3.7,0.1,9.1,9.8,0.1,-0.1,-0.3,57.5
04/28/2023 10:15:34 am,41.3,-3.6,0.1,9.1,9.8,0.1,-0.1,-0.3,57.5
04/28/2023 10:15:34 am,41.35,-3.6,0.1,9.1,9.8,0.1,-0.1,-0.3,57.5
04/28/2023 10:15:34 am,41.4,-3.6,0.1,9.1,9.8,0.1,-0.1,-0.2,57.5
04/28/2023 10:15:34 am,41.45,-3.5,0.1,9.2,9.8,0.1,-0.1,-0.2,57.5
04/28/2023 10:15:34 am,41.5,-3.5,0.2,9.2,9.8,0.1,-0.1,-0.2,57.5
04/28/2023 10:15:34 am,41.55,-3.4,0.2,9.3,9.9,0.1,-0.1,-0.1,57.6
04/28/2023 10:15:34 am,41.6,-3.3,0.1,9.3,9.9,0,-0.1,-0.1,57.6
04/28/2023 10:15:34 am,41.65,-3.3,0.2,9.3,9.9,0,-0.1,-0.1,57.6
04/28/2023 10:15:34 am,41.7,-3.4,0.2,9.3,9.9,0,0,-0.1,57.6
04/28/2023 10:15:34 am,41.75,-3.3,0.1,9.3,9.8,0,0,-0.1,57.6
04/28/2023 10:15:34 am,41.8,-3.3,0.1,9.3,9.9,0,0,-0.1,57.6
04/28/2023 10:15:34 am,41.85,-3.4,0.3,9.3,9.9,0,0.1,-0.1,57.5
04/28/2023 10:15:34 am,41.9,-3.4,0.2,9.2,9.8,0.1,0.1,-0.1,57.5
04/28/2023 10:15:34 am,41.95,-3.5,0.2,9.2,9.9,0.1,0.1,-0.2,57.5
04/28/2023 10:15:35 am,42,-3.5,0.2,9.2,9.8,0.1,0.1,-0.2,57.5
04/28/2023 10:15:35 am,42.05,-3.6,0.3,9.1,9.8,0.1,0.1,-0.2,57.5
04/28/2023 10:15:35 am,42.1,-3.6,0.2,9.1,9.8,0.1,0.1,-0.3,57.5
04/28/2023 10:15:35 am,42.15,-3.7,0.2,9.1,9.8,0.1,0.1,-0.3,57.5
04/28/2023 10:15:35 am,42.2,-3.7,0.2,9.1,9.8,0.1,0,-0.3,57.6
04/28/2023 10:15:35 am,42.25,-3.7,0.2,9,9.8,0.1,0,-0.3,57.5
04/28/2023 10:15:35 am,42.3,-3.7,0.2,9,9.8,0.1,0,-0.3,57.5
04/28/2023 10:15:35 am,42.35,-3.7,0.2,9.1,9.8,0.1,-0.1,-0.3,57.6
04/28/2023 10:15:35 am,42.4,-3.7,0.2,9.1,9.8,0.1,-0.1,-0.3,57.5
04/28/2023 10:15:35 am,42.45,-3.7,0.2,9.1,9.8,0.1,-0.1,-0.3,57.5
04/28/2023 10:15:35 am,42.5,-3.6,0.2,9.1,9.8,0.1,-0.1,-0.2,57.5
04/28/2023 10:15:35 am,42.55,-3.5,0.2,9.2,9.8,0.1,-0.1,-0.2,57.5
04/28/2023 10:15:35 am,42.6,-3.5,0.2,9.2,9.8,0.1,-0.1,-0.2,57.5
04/28/2023 10:15:35 am,42.65,-3.4,0.2,9.2,9.8,0.1,-0.1,-0.1,57.5
04/28/2023 10:15:35 am,42.7,-3.4,0.2,9.2,9.8,0,-0.1,-0.1,57.5
04/28/2023 10:15:35 am,42.75,-3.4,0.2,9.3,9.9,0,-0.1,-0.1,57.5
04/28/2023 10:15:35 am,42.8,-3.4,0.3,9.3,9.9,0,0,-0.1,57.5
04/28/2023 10:15:35 am,42.85,-3.3,0.3,9.3,9.9,0,0,-0.1,57.5
04/28/2023 10:15:35 am,42.9,-3.4,0.3,9.3,9.9,0,0,-0.1,57.5
04/28/2023 10:15:35 am,42.95,-3.4,0.3,9.3,9.9,0,0.1,-0.1,57.5
04/28/2023 10:15:36 am,43,-3.5,0.3,9.2,9.8,0.1,0.1,-0.1,57.5
04/28/2023 10:15:36 am,43.05,-3.5,0.3,9.2,9.8,0.1,0.1,-0.2,57.5
04/28/2023 10:15:36 am,43.1,-3.5,0.3,9.2,9.8,0.1,0.1,-0.2,57.5
04/28/2023 10:15:36 am,43.15,-3.6,0.3,9.1,9.8,0.1,0.1,-0.2,57.5
04/28/2023 10:15:36 am,43.2,-3.7,0.3,9.1,9.8,0.1,0.1,-0.3,57.5
04/28/2023 10:15:36 am,43.25,-3.7,0.3,9.1,9.8,0.1,0.1,-0.3,57.5
04/28/2023 10:15:36 am,43.3,-3.7,0.3,9,9.8,0.1,0,-0.3,57.5
04/28/2023 10:15:36 am,43.35,-3.8,0.3,9,9.8,0.1,0,-0.3,57.5
04/28/2023 10:15:36 am,43.4,-3.8,0.3,9,9.8,0.1,0,-0.3,57.5
04/28/2023 10:15:36 am,43.45,-3.7,0.3,9,9.8,0.1,-0.1,-0.3,57.5
04/28/2023 10:15:36 am,43.5,-3.7,0.3,9.1,9.8,0.1,-0.1,-0.3,57.4
04/28/2023 10:15:36 am,43.55,-3.7,0.3,9.1,9.8,0.1,-0.1,-0.3,57.4
04/28/2023 10:15:36 am,43.6,-3.7,0.3,9.1,9.8,0.1,-0.1,-0.2,57.4
04/28/2023 10:15:36 am,43.65,-3.6,0.3,9.1,9.8,0.1,-0.1,-0.2,57.4
04/28/2023 10:15:36 am,43.7,-3.5,0.3,9.2,9.8,0.1,-0.1,-0.2,57.4
04/28/2023 10:15:36 am,43.75,-3.5,0.3,9.2,9.8,0.1,-0.1,-0.1,57.4
04/28/2023 10:15:36 am,43.8,-3.5,0.3,9.2,9.8,0.1,-0.1,-0.1,57.4
04/28/2023 10:15:36 am,43.85,-3.4,0.3,9.3,9.9,0,-0.1,-0.1,57.5
04/28/2023 10:15:36 am,43.9,-3.4,0.4,9.2,9.9,0,0,-0.1,57.5
04/28/2023 10:15:36 am,43.95,-3.4,0.3,9.3,9.9,0,0,-0.1,57.5
04/28/2023 10:15:37 am,44,-3.4,0.3,9.2,9.8,0,0,-0.1,57.5
04/28/2023 10:15:37 am,44.05,-3.4,0.4,9.2,9.9,0,0,-0.1,57.5
04/28/2023 10:15:37 am,44.1,-3.5,0.4,9.2,9.8,0.1,0.1,-0.1,57.5
04/28/2023 10:15:37 am,44.15,-3.5,0.4,9.2,9.8,0.1,0.1,-0.2,57.6
04/28/2023 10:15:37 am,44.2,-3.5,0.4,9.2,9.8,0.1,0.1,-0.2,57.6
04/28/2023 10:15:37 am,44.25,-3.6,0.4,9.1,9.8,0.1,0.1,-0.2,57.6
04/28/2023 10:15:37 am,44.3,-3.6,0.4,9.1,9.8,0.1,0.1,-0.2,57.5
04/28/2023 10:15:37 am,44.35,-3.7,0.4,9.1,9.8,0.1,0.1,-0.3,57.5
04/28/2023 10:15:37 am,44.4,-3.8,0.4,9,9.8,0.1,0,-0.3,57.5
04/28/2023 10:15:37 am,44.45,-3.7,0.4,9,9.8,0.1,0,-0.3,57.5
04/28/2023 10:15:37 am,44.5,-3.8,0.4,9,9.8,0.1,0,-0.3,57.5
04/28/2023 10:15:37 am,44.55,-3.8,0.4,9,9.8,0.1,0,-0.3,57.6
04/28/2023 10:15:37 am,44.6,-3.8,0.4,9,9.8,0.1,-0.1,-0.3,57.6
04/28/2023 10:15:37 am,44.65,-3.7,0.3,9.1,9.8,0.1,-0.1,-0.3,57.5
04/28/2023 10:15:37 am,44.7,-3.7,0.4,9.1,9.8,0.1,-0.1,-0.2,57.5
04/28/2023 10:15:37 am,44.75,-3.6,0.4,9.1,9.8,0.1,-0.1,-0.2,57.5
04/28/2023 10:15:37 am,44.8,-3.6,0.4,9.1,9.8,0.1,-0.1,-0.2,57.5
04/28/2023 10:15:37 am,44.85,-3.5,0.4,9.2,9.8,0.1,-0.1,-0.2,57.5
04/28/2023 10:15:37 am,44.9,-3.5,0.4,9.2,9.8,0.1,-0.1,-0.1,57.5
04/28/2023 10:15:37 am,44.95,-3.5,0.4,9.2,9.8,0,-0.1,-0.1,57.5
04/28/2023 10:15:38 am,45,-3.4,0.4,9.2,9.9,0,-0.1,-0.1,57.5
04/28/2023 10:15:38 am,45.05,-3.4,0.4,9.2,9.9,0,0,-0.1,57.5
04/28/2023 10:15:38 am,45.1,-3.4,0.5,9.2,9.9,0,0,-0.1,57.6
04/28/2023 10:15:38 am,45.15,-3.5,0.5,9.2,9.9,0,0,-0.1,57.6
04/28/2023 10:15:38 am,45.2,-3.5,0.5,9.2,9.8,0.1,0.1,-0.1,57.5
04/28/2023 10:15:38 am,45.25,-3.5,0.5,9.2,9.8,0.1,0.1,-0.2,57.5
04/28/2023 10:15:38 am,45.3,-3.6,0.5,9.2,9.8,0.1,0.1,-0.2,57.5
04/28/2023 10:15:38 am,45.35,-3.6,0.5,9.1,9.8,0.1,0.1,-0.2,57.5
04/28/2023 10:15:38 am,45.4,-3.7,0.5,9.1,9.8,0.1,0.1,-0.2,57.6
04/28/2023 10:15:38 am,45.45,-3.7,0.5,9.1,9.8,0.1,0.1,-0.3,57.6
04/28/2023 10:15:38 am,45.5,-3.7,0.5,9.1,9.8,0.1,0,-0.3,57.6
04/28/2023 10:15:38 am,45.55,-3.8,0.5,9,9.8,0.1,0,-0.3,57.5
04/28/2023 10:15:38 am,45.6,-3.8,0.5,9,9.8,0.1,0,-0.3,57.5
04/28/2023 10:15:38 am,45.65,-3.8,0.5,9,9.8,0.1,0,-0.3,57.5
04/28/2023 10:15:38 am,45.7,-3.8,0.5,9,9.8,0.1,-0.1,-0.3,57.5
04/28/2023 10:15:38 am,45.75,-3.8,0.4,9,9.8,0.1,-0.1,-0.3,57.5
04/28/2023 10:15:38 am,45.8,-3.7,0.4,9.1,9.8,0.1,-0.1,-0.2,57.6
04/28/2023 10:15:38 am,45.85,-3.7,0.5,9.1,9.8,0.1,-0.1,-0.2,57.5
04/28/2023 10:15:38 am,45.9,-3.6,0.4,9.1,9.8,0.1,-0.1,-0.2,57.5
04/28/2023 10:15:38 am,45.95,-3.6,0.5,9.2,9.8,0.1,-0.1,-0.2,57.5
04/28/2023 10:15:39 am,46,-3.5,0.5,9.2,9.8,0.1,-0.1,-0.1,57.5
04/28/2023 10:15:39 am,46.05,-3.5,0.5,9.2,9.8,0.1,-0.1,-0.1,57.5
04/28/2023 10:15:39 am,46.1,-3.5,0.5,9.2,9.8,0.1,-0.1,-0.1,57.5
04/28/2023 10:15:39 am,46.15,-3.5,0.5,9.2,9.8,0,0,-0.1,57.5
04/28/2023 10:15:39 am,46.2,-3.5,0.5,9.2,9.8,0,0,-0.1,57.5
04/28/2023 10:15:39 am,46.25,-3.5,0.5,9.2,9.8,0,0,-0.1,57.5
04/28/2023 10:15:39 am,46.3,-3.5,0.5,9.2,9.8,0.1,0,-0.1,57.5
04/28/2023 10:15:39 am,46.35,-3.5,0.5,9.2,9.9,0.1,0.1,-0.1,57.5
04/28/2023 10:15:39 am,46.4,-3.6,0.6,9.2,9.8,0.1,0.1,-0.2,57.5
04/28/2023 10:15:39 am,46.45,-3.6,0.6,9.1,9.8,0.1,0.1,-0.2,57.5
04/28/2023 10:15:39 am,46.5,-3.7,0.5,9.1,9.8,0.1,0.1,-0.2,57.5
04/28/2023 10:15:39 am,46.55,-3.7,0.5,9.1,9.8,0.1,0.1,-0.2,57.5
04/28/2023 10:15:39 am,46.6,-3.7,0.5,9.1,9.8,0.1,0,-0.3,57.6
04/28/2023 10:15:39 am,46.65,-3.8,0.5,9,9.8,0.1,0,-0.3,57.6
04/28/2023 10:15:39 am,46.7,-3.8,0.5,9,9.8,0.1,0,-0.3,57.5
04/28/2023 10:15:39 am,46.75,-3.8,0.6,9,9.8,0.1,0,-0.3,57.5
04/28/2023 10:15:39 am,46.8,-3.8,0.5,9,9.8,0.1,-0.1,-0.3,57.5
04/28/2023 10:15:39 am,46.85,-3.8,0.5,9,9.8,0.1,-0.1,-0.3,57.6
04/28/2023 10:15:39 am,46.9,-3.7,0.5,9,9.8,0.1,-0.1,-0.3,57.5
04/28/2023 10:15:39 am,46.95,-3.7,0.5,9.1,9.8,0.1,-0.1,-0.2,57.6
04/28/2023 10:15:40 am,47,-3.7,0.5,9.1,9.8,0.1,-0.1,-0.2,57.5
04/28/2023 10:15:40 am,47.05,-3.6,0.5,9.1,9.8,0.1,-0.1,-0.2,57.6
04/28/2023 10:15:40 am,47.1,-3.6,0.5,9.1,9.8,0.1,-0.1,-0.2,57.6
04/28/2023 10:15:40 am,47.15,-3.5,0.5,9.2,9.8,0.1,-0.1,-0.1,57.5
04/28/2023 10:15:40 am,47.2,-3.5,0.5,9.2,9.8,0.1,-0.1,-0.1,57.6
04/28/2023 10:15:40 am,47.25,-3.5,0.5,9.2,9.8,0.1,0,-0.1,57.5
04/28/2023 10:15:40 am,47.3,-3.5,0.6,9.2,9.8,0,0,-0.1,57.6
04/28/2023 10:15:40 am,47.35,-3.5,0.6,9.2,9.8,0,0,-0.1,57.5
04/28/2023 10:15:40 am,47.4,-3.5,0.6,9.2,9.8,0,0,-0.1,57.5
04/28/2023 10:15:40 am,47.45,-3.5,0.6,9.2,9.8,0.1,0,-0.1,57.5
04/28/2023 10:15:40 am,47.5,-3.6,0.6,9.2,9.9,0.1,0.1,-0.2,57.5
04/28/2023 10:15:40 am,47.55,-3.6,0.6,9.1,9.8,0.1,0.1,-0.2,57.5
04/28/2023 10:15:40 am,47.6,-3.7,0.6,9.1,9.8,0.1,0.1,-0.2,57.5
04/28/2023 10:15:40 am,47.65,-3.7,0.6,9.1,9.8,0.1,0.1,-0.2,57.5
04/28/2023 10:15:40 am,47.7,-3.7,0.6,9,9.8,0.1,0,-0.2,57.5
04/28/2023 10:15:40 am,47.75,-3.8,0.6,9,9.8,0.1,0,-0.3,57.5
04/28/2023 10:15:40 am,47.8,-3.8,0.6,9,9.8,0.1,0,-0.3,57.5
04/28/2023 10:15:40 am,47.85,-3.8,0.6,9,9.8,0.1,0,-0.3,57.5
04/28/2023 10:15:40 am,47.9,-3.8,0.6,9,9.8,0.1,0,-0.3,57.5
04/28/2023 10:15:40 am,47.95,-3.8,0.6,9,9.8,0.1,-0.1,-0.3,57.5
04/28/2023 10:15:41 am,48,-3.8,0.6,9,9.8,0.1,-0.1,-0.3,57.5
04/28/2023 10:15:41 am,48.05,-3.7,0.5,9.1,9.8,0.1,-0.1,-0.2,57.5
04/28/2023 10:15:41 am,48.1,-3.7,0.6,9.1,9.8,0.1,-0.1,-0.2,57.5
04/28/2023 10:15:41 am,48.15,-3.7,0.6,9.1,9.8,0.1,-0.1,-0.2,57.6
04/28/2023 10:15:41 am,48.2,-3.6,0.6,9.1,9.8,0.1,-0.1,-0.2,57.5
04/28/2023 10:15:41 am,48.25,-3.6,0.6,9.2,9.9,0.1,-0.1,-0.2,57.5
04/28/2023 10:15:41 am,48.3,-3.5,0.6,9.2,9.8,0.1,-0.1,-0.1,57.5
04/28/2023 10:15:41 am,48.35,-3.5,0.6,9.2,9.8,0.1,-0.1,-0.1,57.5
04/28/2023 10:15:41 am,48.4,-3.5,0.6,9.2,9.9,0,0,-0.1,57.5
04/28/2023 10:15:41 am,48.45,-3.5,0.6,9.2,9.9,0,0,-0.1,57.5
04/28/2023 10:15:41 am,48.5,-3.5,0.6,9.2,9.9,0.1,0,-0.1,57.5
04/28/2023 10:15:41 am,48.55,-3.5,0.6,9.2,9.8,0.1,0,-0.1,57.5
04/28/2023 10:15:41 am,48.6,-3.6,0.6,9.2,9.9,0.1,0,-0.2,57.5
04/28/2023 10:15:41 am,48.65,-3.6,0.6,9.1,9.8,0.1,0,-0.2,57.5
04/28/2023 10:15:41 am,48.7,-3.6,0.6,9.1,9.8,0.1,0.1,-0.2,57.5
04/28/2023 10:15:41 am,48.75,-3.7,0.6,9.1,9.8,0.1,0.1,-0.2,57.5
04/28/2023 10:15:41 am,48.8,-3.7,0.6,9.1,9.8,0.1,0,-0.2,57.5
04/28/2023 10:15:41 am,48.85,-3.7,0.6,9,9.8,0.1,0,-0.2,57.5
04/28/2023 10:15:41 am,48.9,-3.8,0.6,9,9.8,0.1,0,-0.3,57.5
04/28/2023 10:15:41 am,48.95,-3.8,0.6,9,9.8,0.1,0,-0.3,57.5
04/28/2023 10:15:42 am,49,-3.8,0.6,9,9.8,0.1,0,-0.3,57.5
04/28/2023 10:15:42 am,49.05,-3.8,0.6,9,9.8,0.1,0,-0.3,57.5
04/28/2023 10:15:42 am,49.1,-3.8,0.6,9,9.8,0.1,-0.1,-0.3,57.5
04/28/2023 10:15:42 am,49.15,-3.8,0.6,9,9.8,0.1,-0.1,-0.2,57.5
04/28/2023 10:15:42 am,49.2,-3.7,0.6,9.1,9.8,0.1,-0.1,-0.2,57.5
04/28/2023 10:15:42 am,49.25,-3.7,0.6,9.1,9.8,0.1,-0.1,-0.2,57.5
04/28/2023 10:15:42 am,49.3,-3.7,0.6,9.1,9.8,0.1,-0.1,-0.2,57.5
04/28/2023 10:15:42 am,49.35,-3.6,0.6,9.1,9.8,0.1,-0.1,-0.2,57.5
04/28/2023 10:15:42 am,49.4,-3.6,0.6,9.1,9.8,0.1,-0.1,-0.2,57.5
04/28/2023 10:15:42 am,49.45,-3.6,0.6,9.2,9.9,0.1,-0.1,-0.1,57.5
04/28/2023 10:15:42 am,49.5,-3.6,0.6,9.2,9.9,0.1,0,-0.1,57.5
04/28/2023 10:15:42 am,49.55,-3.5,0.6,9.2,9.9,0.1,0,-0.1,57.5
04/28/2023 10:15:42 am,49.6,-3.5,0.6,9.2,9.9,0.1,0,-0.1,57.5
04/28/2023 10:15:42 am,49.65,-3.6,0.6,9.2,9.9,0.1,0,-0.1,57.4
04/28/2023 10:15:42 am,49.7,-3.6,0.6,9.2,9.9,0.1,0,-0.2,57.4
04/28/2023 10:15:42 am,49.75,-3.6,0.6,9.1,9.8,0.1,0,-0.2,57.4
04/28/2023 10:15:42 am,49.8,-3.6,0.6,9.1,9.8,0.1,0,-0.2,57.5
04/28/2023 10:15:42 am,49.85,-3.7,0.6,9.1,9.8,0.1,0,-0.2,57.5
04/28/2023 10:15:42 am,49.9,-3.7,0.6,9.1,9.8,0.1,0,-0.2,57.5
04/28/2023 10:15:42 am,49.95,-3.7,0.6,9.1,9.8,0.1,0,-0.2,57.5
04/28/2023 10:15:43 am,50,-3.7,0.6,9.1,9.8,0.1,0,-0.2,57.5
04/28/2023 10:15:43 am,50.05,-3.8,0.6,9,9.8,0.1,0,-0.3,57.5
04/28/2023 10:15:43 am,50.1,-3.8,0.6,9,9.8,0.1,0,-0.3,57.5
04/28/2023 10:15:43 am,50.15,-3.8,0.6,9,9.8,0.1,0,-0.3,57.5
04/28/2023 10:15:43 am,50.2,-3.8,0.6,9,9.8,0.1,0,-0.3,57.5
04/28/2023 10:15:43 am,50.25,-3.8,0.6,9,9.8,0.1,-0.1,-0.2,57.5
04/28/2023 10:15:43 am,50.3,-3.7,0.6,9.1,9.8,0.1,-0.1,-0.2,57.5
04/28/2023 10:15:43 am,50.35,-3.7,0.5,9.1,9.8,0.1,-0.1,-0.2,57.5
04/28/2023 10:15:43 am,50.4,-3.7,0.6,9.1,9.8,0.1,-0.1,-0.2,57.5
04/28/2023 10:15:43 am,50.45,-3.7,0.6,9.1,9.8,0.1,-0.1,-0.2,57.5
04/28/2023 10:15:43 am,50.5,-3.6,0.6,9.1,9.8,0.1,-0.1,-0.2,57.5
04/28/2023 10:15:43 am,50.55,-3.6,0.6,9.1,9.8,0.1,-0.1,-0.2,57.5
04/28/2023 10:15:43 am,50.6,-3.6,0.6,9.1,9.8,0.1,-0.1,-0.2,57.5
04/28/2023 10:15:43 am,50.65,-3.6,0.6,9.2,9.9,0.1,0,-0.1,57.5
04/28/2023 10:15:43 am,50.7,-3.6,0.6,9.2,9.9,0.1,0,-0.1,57.5
04/28/2023 10:15:43 am,50.75,-3.6,0.6,9.2,9.9,0.1,0,-0.2,57.5
04/28/2023 10:15:43 am,50.8,-3.6,0.6,9.1,9.8,0.1,0,-0.2,57.5
04/28/2023 10:15:43 am,50.85,-3.6,0.6,9.1,9.8,0.1,0,-0.2,57.5
04/28/2023 10:15:43 am,50.9,-3.6,0.6,9.1,9.8,0.1,0,-0.2,57.5
04/28/2023 10:15:43 am,50.95,-3.6,0.6,9.1,9.8,0.1,0,-0.2,57.5
04/28/2023 10:15:44 am,51,-3.7,0.6,9.1,9.8,0.1,0,-0.2,57.5
04/28/2023 10:15:44 am,51.05,-3.7,0.6,9.1,9.8,0.1,0,-0.2,57.5
04/28/2023 10:15:44 am,51.1,-3.7,0.6,9.1,9.8,0.1,0,-0.2,57.5
04/28/2023 10:15:44 am,51.15,-3.7,0.6,9.1,9.8,0.1,0,-0.2,57.5
04/28/2023 10:15:44 am,51.2,-3.7,0.6,9,9.8,0.1,0,-0.2,57.5
04/28/2023 10:15:44 am,51.25,-3.7,0.5,9,9.8,0.1,0,-0.2,57.5
04/28/2023 10:15:44 am,51.3,-3.8,0.5,9,9.8,0.1,0,-0.2,57.5
04/28/2023 10:15:44 am,51.35,-3.8,0.5,9,9.8,0.1,0,-0.2,57.5
04/28/2023 10:15:44 am,51.4,-3.7,0.6,9.1,9.8,0.1,-0.1,-0.2,57.5
04/28/2023 10:15:44 am,51.45,-3.7,0.5,9.1,9.8,0.1,-0.1,-0.2,57.5
04/28/2023 10:15:44 am,51.5,-3.7,0.5,9.1,9.8,0.1,-0.1,-0.2,57.5
04/28/2023 10:15:44 am,51.55,-3.7,0.5,9.1,9.8,0.1,-0.1,-0.2,57.5
04/28/2023 10:15:44 am,51.6,-3.7,0.5,9.1,9.8,0.1,-0.1,-0.2,57.5
04/28/2023 10:15:44 am,51.65,-3.6,0.5,9.1,9.8,0.1,-0.1,-0.2,57.5
04/28/2023 10:15:44 am,51.7,-3.6,0.6,9.1,9.8,0.1,-0.1,-0.2,57.5
04/28/2023 10:15:44 am,51.75,-3.6,0.5,9.1,9.8,0.1,0,-0.2,57.5
04/28/2023 10:15:44 am,51.8,-3.6,0.5,9.1,9.8,0.1,0,-0.2,57.5
04/28/2023 10:15:44 am,51.85,-3.6,0.5,9.1,9.8,0.1,0,-0.2,57.5
04/28/2023 10:15:44 am,51.9,-3.6,0.6,9.1,9.8,0.1,0,-0.2,57.5
04/28/2023 10:15:44 am,51.95,-3.6,0.6,9.1,9.8,0.1,0,-0.2,57.5
04/28/2023 10:15:45 am,52,-3.6,0.5,9.1,9.8,0.1,0,-0.2,57.5
04/28/2023 10:15:45 am,52.05,-3.6,0.5,9.1,9.8,0.1,0,-0.2,57.5
04/28/2023 10:15:45 am,52.1,-3.7,0.5,9.1,9.8,0.1,0,-0.2,57.5
04/28/2023 10:15:45 am,52.15,-3.7,0.5,9.1,9.8,0.1,0,-0.2,57.6
04/28/2023 10:15:45 am,52.2,-3.7,0.5,9.1,9.8,0.1,0,-0.2,57.6
04/28/2023 10:15:45 am,52.25,-3.7,0.5,9.1,9.8,0.1,0,-0.2,57.6
04/28/2023 10:15:45 am,52.3,-3.7,0.5,9.1,9.8,0.1,0,-0.2,57.6
04/28/2023 10:15:45 am,52.35,-3.7,0.5,9.1,9.8,0.1,0,-0.2,57.6
04/28/2023 10:15:45 am,52.4,-3.7,0.5,9.1,9.8,0.1,0,-0.2,57.5
04/28/2023 10:15:45 am,52.45,-3.7,0.5,9.1,9.8,0.1,0,-0.2,57.5
04/28/2023 10:15:45 am,52.5,-3.7,0.5,9.1,9.8,0.1,0,-0.2,57.6
04/28/2023 10:15:45 am,52.55,-3.7,0.5,9.1,9.8,0.1,-0.1,-0.2,57.5
04/28/2023 10:15:45 am,52.6,-3.7,0.5,9.1,9.9,0.1,-0.1,-0.2,57.6
04/28/2023 10:15:45 am,52.65,-3.7,0.5,9.1,9.8,0.1,-0.1,-0.2,57.6
04/28/2023 10:15:45 am,52.7,-3.7,0.5,9.1,9.8,0.1,-0.1,-0.2,57.5
04/28/2023 10:15:45 am,52.75,-3.7,0.5,9.1,9.8,0.1,-0.1,-0.2,57.5
04/28/2023 10:15:45 am,52.8,-3.7,0.5,9.1,9.8,0.1,0,-0.2,57.5
04/28/2023 10:15:45 am,52.85,-3.6,0.5,9.1,9.8,0.1,0,-0.2,57.5
04/28/2023 10:15:45 am,52.9,-3.6,0.5,9.1,9.8,0.1,0,-0.2,57.5
04/28/2023 10:15:45 am,52.95,-3.6,0.5,9.1,9.8,0.1,0,-0.2,57.6
04/28/2023 10:15:46 am,53,-3.6,0.5,9.1,9.8,0.1,0,-0.2,57.6
04/28/2023 10:15:46 am,53.05,-3.6,0.5,9.1,9.8,0.1,0,-0.2,57.6
04/28/2023 10:15:46 am,53.1,-3.6,0.5,9.1,9.8,0.1,0,-0.2,57.6
04/28/2023 10:15:46 am,53.15,-3.6,0.5,9.1,9.8,0.1,0,-0.2,57.6
04/28/2023 10:15:46 am,53.2,-3.7,0.5,9.1,9.8,0.1,0,-0.2,57.5
04/28/2023 10:15:46 am,53.25,-3.7,0.4,9.1,9.8,0.1,0,-0.2,57.6
04/28/2023 10:15:46 am,53.3,-3.7,0.4,9.1,9.8,0.1,0,-0.2,57.6
04/28/2023 10:15:46 am,53.35,-3.7,0.4,9.1,9.8,0.1,0,-0.2,57.6
04/28/2023 10:15:46 am,53.4,-3.7,0.5,9.1,9.8,0.1,0,-0.2,57.6
04/28/2023 10:15:46 am,53.45,-3.7,0.5,9.1,9.8,0.1,0,-0.2,57.5
04/28/2023 10:15:46 am,53.5,-3.7,0.4,9.1,9.8,0.1,0,-0.2,57.5
