"Time (s)","Acceleration x (m/s^2)","Acceleration y (m/s^2)","Acceleration z (m/s^2)"
5.997973900E-2,2.297058105E-1,1.208374023E0,9.774673462E0
1.099797390E-1,8.757781982E-1,6.891326904E-1,1.019342041E1
1.599797390E-1,2.512512207E-1,1.074371338E0,1.000199890E1
2.099797390E-1,5.503540039E-1,4.163513184E-1,9.982849121E0
2.599797390E-1,1.818542480E-1,7.393798828E-1,9.743576050E0
3.099797390E-1,-1.124572754E-1,9.714813232E-1,9.501892090E0
3.599797390E-1,1.292114258E-1,6.173553467E-1,9.911071777E0
4.099797390E-1,8.757781982E-1,9.092712402E-1,1.000917053E1
4.599797390E-1,7.656860352E-2,1.040878296E0,9.908676147E0
5.099797390E-1,4.570312500E-1,1.380661011E0,1.016232300E1
5.599797390E-1,1.000198364E0,9.403839111E-1,9.389434814E0
6.099797390E-1,3.421783447E-1,1.351943970E0,1.086341858E1
6.599797390E-1,-6.700134277E-2,1.966903687E0,9.320037842E0
7.099797390E-1,-3.111267090E-2,1.103088379E0,9.200408936E0
7.599797390E-1,1.531372070E-1,1.490722656E0,9.530609131E0
8.099797390E-1,3.421783447E-1,1.201202393E0,1.000917053E1
8.599797390E-1,1.746826172E-1,1.292129517E0,1.027478027E1
9.099797390E-1,-3.062744141E-1,1.887939453E0,9.549758911E0
9.599797390E-1,9.451599121E-1,2.141571045E0,1.016949463E1
1.009979739E0,4.642028809E-1,1.954940796E0,1.096391296E1
1.059979739E0,9.331970215E-1,2.256439209E0,9.820144653E0
1.109979739E0,3.062744141E-1,2.751739502E0,9.597610474E0
1.159979739E0,3.493499756E-1,2.624923706E0,9.573684692E0
1.209979739E0,8.063812256E-1,2.723037720E0,1.016471863E1
1.259979739E0,8.422698975E-1,2.600997925E0,1.055235291E1
1.309979739E0,1.593612671E0,2.000396729E0,1.113619995E1
1.359979739E0,9.260253906E-1,4.187469482E-1,1.189710999E1
1.409979739E0,1.016952515E0,1.026519775E0,1.036810303E1
1.459979739E0,9.308013916E-1,1.299301147E0,9.698104858E0
1.509979739E0,9.092712402E-1,1.268188477E0,8.767303467E0
1.559979739E0,8.183441162E-1,1.344772339E0,8.109283447E0
1.609979739E0,3.732757568E-1,1.445266724E0,8.417953491E0
1.659979739E0,6.723785400E-1,1.801788330E0,8.099700928E0
1.709979739E0,2.201385498E-1,1.540985107E0,1.017428589E1
1.759979739E0,8.255310059E-1,2.275573730E0,1.027957153E1
1.809979739E0,3.038940430E-1,1.782653809E0,1.195214844E1
1.859979739E0,4.307098389E-1,2.108078003E0,1.216511536E1
1.909979739E0,2.297058105E-1,4.689941406E-1,1.307916260E1
1.959979739E0,-8.877410889E-1,7.657012939E-1,8.748153687E0
2.009979739E0,-9.332275391E-2,7.441711426E-1,9.815353394E0
2.059979739E0,-4.761657715E-1,1.292114258E-1,8.898910522E0
2.109979739E0,1.555328369E-1,9.020996094E-1,8.518447876E0
2.159979739E0,-5.312042236E-1,6.173553467E-1,9.047256470E0
2.209979739E0,-2.656097412E-1,1.184448242E0,8.956329346E0
2.259979739E0,-9.499511719E-1,1.488342285E0,8.827117920E0
2.309979739E0,-3.373870850E-1,1.653442383E0,1.089451599E1
2.359979739E0,-9.954071045E-1,1.287338257E0,1.094715881E1
2.409979739E0,-6.484527588E-1,1.052841187E0,1.208854675E1
2.459979739E0,-9.403839111E-1,1.062408447E0,1.162672424E1
2.509979739E0,5.192413330E-1,1.100769043E-1,1.166979980E1
2.559979739E0,-1.284942627E0,-1.435699463E-1,1.012641907E1
2.609979739E0,5.264282227E-2,5.144500732E-1,8.118850708E0
2.659979739E0,-2.273254395E-1,4.618072510E-1,8.994613647E0
2.709979739E0,-3.349914551E-1,1.122238159E0,7.532608032E0
2.759979739E0,-7.202453613E-1,1.158126831E0,7.881958008E0
2.809979739E0,2.464599609E-1,1.392623901E0,9.123840332E0
2.859979739E0,-2.727813721E-1,1.452438354E0,1.086102295E1
2.909979739E0,-2.584228516E-1,1.526626587E0,1.211486816E1
2.959979739E0,9.571838379E-2,1.651046753E0,1.226560974E1
3.009979739E0,-1.507415771E-1,4.498443604E-1,1.094477844E1
3.059979739E0,-1.466796875E0,-3.110656738E-1,1.184208679E1
3.109979739E0,-7.920227051E-1,4.115600586E-1,7.793426514E0
3.159979739E0,-1.478759766E0,8.613586426E-2,9.016159058E0
3.209979739E0,-6.053771973E-1,5.431671143E-1,8.379669189E0
3.259979739E0,-9.906311035E-1,4.905242920E-1,8.977874756E0
3.309979739E0,-6.508483887E-1,1.148559570E0,9.513870239E0
3.359979739E0,-9.092712402E-1,1.308868408E0,9.391830444E0
3.409979739E0,-4.833526611E-1,1.414154053E0,1.158364868E1
3.459979739E0,-5.981445312E-2,1.014556885E0,1.156211853E1
3.509979739E0,-4.115600586E-1,9.164581299E-1,1.214836121E1
3.559979739E0,2.392883301E-1,-1.435699463E-1,1.034417725E1
3.609979739E0,-9.236297607E-1,-2.895355225E-1,1.218185425E1
3.659979739E0,1.000198364E0,4.211425781E-1,8.293518066E0
3.709979739E0,-1.675415039E-2,4.977111816E-1,7.893920898E0
3.759979739E0,-7.202453613E-1,7.752685547E-1,8.099700928E0
3.809979739E0,-9.260253906E-1,1.445266724E0,8.286346436E0
3.859979739E0,0.000000000E0,1.713256836E0,9.111862183E0
3.909979739E0,-7.177734375E-2,1.607971191E0,1.003071594E1
3.959979739E0,9.809875488E-2,1.284942627E0,1.218664551E1
4.009979739E0,4.235229492E-1,1.500305176E0,1.163391113E1
4.059979739E0,-1.227523804E0,1.167694092E0,1.067677307E1
4.109979739E0,1.866455078E-1,2.632141113E-1,1.300019836E1
4.159979739E0,-1.378265381E0,1.026519775E0,6.649658203E0
4.209979739E0,-1.335189819E0,5.335998535E-1,9.580856323E0
4.259979739E0,-6.173553467E-1,5.072784424E-1,9.310470581E0
4.309979739E0,-1.040878296E0,1.057632446E0,7.738388062E0
4.359979739E0,-6.460571289E-1,1.296905518E0,8.271987915E0
4.409979739E0,-7.154541016E-1,1.344772339E0,9.444473267E0
4.459979739E0,-9.499511719E-1,1.560119629E0,1.007617188E1
4.509979739E0,-5.479583740E-1,1.036087036E0,1.243789673E1
4.559979739E0,-8.470611572E-1,1.160522461E0,1.243789673E1
4.609979739E0,9.332275391E-2,-7.824554443E-1,1.286141968E1
4.659979739E0,-3.110656738E-1,-1.579284668E-1,1.169132996E1
4.709979739E0,2.117645264E0,8.446655273E-1,7.039688110E0
4.759979739E0,-4.067840576E-1,5.958099365E-1,8.405990601E0
4.809979739E0,-5.264282227E-1,1.222732544E0,6.970291138E0
4.859979739E0,-8.709869385E-1,1.007385254E0,8.470596313E0
4.909979739E0,4.331054688E-1,1.438079834E0,9.729217529E0
4.959979739E0,-1.579284668E-1,1.263412476E0,1.129173279E1
5.009979739E0,-1.435699463E-1,7.346038818E-1,1.252163696E1
5.059979739E0,-4.809570312E-1,1.220336914E0,1.173200989E1
5.109979739E0,-2.392578125E-2,-1.179656982E0,1.489292908E1
5.159979739E0,-1.057632446E0,-7.656860352E-2,8.164306641E0
5.209979739E0,-2.895355225E-1,-5.743408203E-2,8.312667847E0
5.259979739E0,-5.718841553E-1,2.225341797E-1,8.109283447E0
5.309979739E0,-3.900299072E-1,9.188385010E-1,8.042282104E0
5.359979739E0,-7.226257324E-1,1.036087036E0,8.860626221E0
5.409979739E0,2.395629883E-3,1.311264038E0,1.036331177E1
5.459979739E0,-5.001068115E-1,1.380661011E0,1.046380615E1
5.509979739E0,-6.700134277E-2,5.814514160E-1,1.354098511E1
5.559979739E0,-5.288085938E-1,1.725219727E0,1.091366577E1
5.609979739E0,1.124633789E0,2.751770020E-1,1.189233398E1
5.659979739E0,-8.781585693E-1,-3.588867188E-2,1.066720581E1
5.709979739E0,6.293182373E-1,4.139556885E-1,7.941772461E0
5.759979739E0,-8.853149414E-2,8.542327881E-1,7.984848022E0
5.809979739E0,-6.676025391E-1,1.320831299E0,6.632904053E0
5.859979739E0,-6.484527588E-1,1.292129517E0,8.492126465E0
5.909979739E0,4.139556885E-1,1.844863892E0,9.896713257E0
5.959979739E0,-5.766754150E-1,8.853454590E-1,1.166261292E1
6.009979739E0,-1.627044678E-1,1.435852051E-2,1.584767151E1
6.059979739E0,9.451599121E-1,-1.531372070E-1,1.055712891E1
6.109979739E0,-2.021942139E0,-1.287338257E0,1.284706116E1
6.159979739E0,-4.283142090E-1,-2.153472900E-1,8.803192139E0
6.209979739E0,-1.268157959E-1,2.201385498E-1,7.939392090E0
6.259979739E0,-6.652069092E-1,5.072784424E-1,7.769500732E0
6.309979739E0,7.656860352E-2,1.287338257E0,7.860427856E0
6.359979739E0,-6.915283203E-1,1.624725342E0,1.002592468E1
6.409979739E0,-7.896423340E-2,1.385437012E0,1.051406860E1
6.459979739E0,1.962127686E-1,5.503540039E-1,1.170089722E1
6.509979739E0,-4.953155518E-1,-1.148529053E-1,1.361755371E1
6.559979739E0,1.052841187E0,3.780670166E-1,1.028195190E1
6.609979739E0,-3.445739746E-1,-6.173553467E-1,1.191146851E1
6.659979739E0,8.231353760E-1,1.842498779E-1,7.953735352E0
6.709979739E0,-2.991027832E-1,-1.052856445E-1,9.827316284E0
6.759979739E0,-5.144500732E-1,5.072784424E-1,7.941772461E0
6.809979739E0,-2.416687012E-1,1.383056641E0,7.427322388E0
6.859979739E0,-2.608184814E-1,1.241882324E0,8.425125122E0
6.909979739E0,2.464599609E-1,1.694122314E0,1.054995728E1
6.959979739E0,-6.006011963E-1,8.733825684E-1,1.256471252E1
7.009979739E0,7.800598145E-1,1.091125488E0,1.298345947E1
7.059979739E0,-1.378265381E0,1.100692749E0,9.233901978E0
7.109979739E0,4.331054688E-1,6.460571289E-2,1.190907288E1
7.159979739E0,-3.349914551E-1,-2.703857422E-1,8.891723633E0
7.209979739E0,-2.201385498E-1,5.072784424E-1,9.171691895E0
7.259979739E0,-1.866455078E-1,5.838470459E-1,8.858230591E0
7.309979739E0,-2.967071533E-1,1.385437012E0,8.420349121E0
7.359979739E0,-3.397827148E-1,1.505081177E0,8.571090698E0
7.409979739E0,-4.977111816E-1,1.158126831E0,1.130130005E1
7.459979739E0,-3.541412354E-1,9.930267334E-1,1.138505554E1
7.509979739E0,-6.221008301E-2,4.618072510E-1,1.254078674E1
7.559979739E0,-6.532440186E-1,3.780670166E-1,1.126062012E1
7.609979739E0,-4.187469482E-1,-1.038482666E0,1.307199097E1
7.659979739E0,-2.919311523E-1,-6.699829102E-1,9.418151855E0
7.709979739E0,1.476364136E0,2.153472900E-1,7.199996948E0
7.759979739E0,3.588867188E-2,8.805541992E-1,7.647460938E0
7.809979739E0,-8.135986328E-2,1.495513916E0,6.484542847E0
7.859979739E0,4.791259766E-3,1.500305176E0,9.209976196E0
7.909979739E0,4.570312500E-1,1.301696777E0,1.172721863E1
7.959979739E0,1.651000977E-1,1.375869751E0,1.212443542E1
8.009979739E0,3.182525635E-1,4.905242920E-1,1.367019653E1
8.059979739E0,-1.033706665E0,6.867370605E-1,1.060977173E1
8.109979739E0,-1.275375366E0,-3.780670166E-1,1.109072876E1
8.159979739E0,-1.450057983E0,-5.479583740E-1,6.953536987E0
8.209979739E0,3.732757568E-1,-4.833526611E-1,1.080598450E1
8.259979739E0,-1.316070557E-1,-3.254241943E-1,8.276779175E0
8.309979739E0,-3.086700439E-1,3.517456055E-1,8.161911011E0
8.359979739E0,-5.479583740E-1,7.154541016E-1,8.733810425E0
8.409979739E0,1.746826172E-1,1.105484009E0,1.109072876E1
8.459979739E0,-2.656097412E-1,6.532440186E-1,1.176789856E1
8.509979739E0,2.871398926E-1,9.571838379E-2,1.261975098E1
8.559979739E0,2.249298096E-1,-7.010955811E-1,1.043988037E1
8.609979739E0,-1.081558228E0,-1.299301147E0,1.129412842E1
8.659979739E0,9.044799805E-1,-6.795654297E-1,8.188232422E0
8.709979739E0,8.039855957E-1,-5.503845215E-2,8.985046387E0
8.759979739E0,-4.809570312E-1,3.828582764E-1,7.350753784E0
8.809979739E0,-2.751770020E-1,1.069595337E0,7.896316528E0
8.859979739E0,8.853149414E-2,9.164581299E-1,9.901504517E0
8.909979739E0,7.274169922E-1,1.024124146E0,1.127020264E1
8.959979739E0,1.124572754E-1,1.483612061E-1,1.399562073E1
9.009979739E0,7.896270752E-1,1.220397949E-1,1.419662476E1
9.059979739E0,-5.264282227E-1,-8.733825684E-1,9.772293091E0
9.109979739E0,-1.301696777E0,-1.529006958E0,1.123190308E1
9.159979739E0,-2.153015137E-2,-8.566284180E-1,9.042480469E0
9.209979739E0,-2.201385498E-1,9.809875488E-2,8.446670532E0
9.259979739E0,-1.435852051E-2,7.992095947E-1,6.606582642E0
9.309979739E0,1.028900146E-1,1.124633789E0,8.980270386E0
9.359979739E0,-1.818542480E-1,1.045669556E0,9.028121948E0
9.409979739E0,3.780670166E-1,9.619140625E-1,1.139941406E1
9.459979739E0,2.368927002E-1,3.014984131E-1,1.151904297E1
9.509979739E0,1.698913574E-1,-9.809875488E-2,1.356011963E1
9.559979739E0,1.653442383E0,-3.397827148E-1,9.889541626E0
9.609979739E0,-6.891326904E-1,-1.158126831E0,1.216511536E1
9.659979739E0,9.379882812E-1,1.866455078E-1,6.762115479E0
9.709979739E0,1.627044678E-1,2.656097412E-1,7.877166748E0
9.759979739E0,-6.173553467E-1,1.038482666E0,8.358123779E0
9.809979739E0,-9.331970215E-1,1.517044067E0,7.357925415E0
9.859979739E0,-2.919311523E-1,1.296905518E0,9.387039185E0
9.909979739E0,8.949127197E-1,9.547424316E-1,1.037049866E1
9.959979739E0,4.474639893E-1,-1.340026855E-1,1.439044189E1
1.000997974E1,-1.196441650E-1,6.580200195E-1,1.319403076E1
1.005997974E1,3.469543457E-1,-6.819610596E-1,1.303131104E1
1.010997974E1,-9.188385010E-1,-7.369842529E-1,9.690933228E0
1.015997974E1,-2.536315918E-1,-1.651000977E-1,7.668991089E0
1.020997974E1,-1.406982422E0,-5.886383057E-1,8.798416138E0
1.025997974E1,3.995971680E-1,8.159484863E-1,7.470397949E0
1.030997974E1,-1.289733887E0,6.436767578E-1,8.542373657E0
1.035997974E1,2.632141113E-1,7.369842529E-1,9.719650269E0
1.040997974E1,-5.264282227E-1,-3.182525635E-1,1.244746399E1
1.045997974E1,7.633056641E-1,-5.790557861E-1,1.275373840E1
1.050997974E1,-4.785614014E-1,-3.158569336E-1,1.360319519E1
1.055997974E1,7.848510742E-1,-1.818542480E-1,1.087059021E1
1.060997974E1,-9.619140625E-1,-8.111724854E-1,9.865615845E0
1.065997974E1,1.016952515E0,-1.675415039E-2,7.274185181E0
1.070997974E1,-4.402770996E-1,3.900299072E-1,8.405990601E0
1.075997974E1,-3.708801270E-1,1.222732544E0,5.802597046E0
1.080997974E1,-8.327026367E-1,1.349548340E0,7.357925415E0
1.085997974E1,8.901367188E-1,1.473983765E0,9.188446045E0
1.090997974E1,1.459655762E-1,5.981445312E-2,1.413201904E1
1.095997974E1,1.363983154E-1,-4.713897705E-1,1.357687378E1
1.100997974E1,-6.340942383E-1,4.791259766E-3,1.171525574E1
1.105997974E1,-8.805541992E-1,-1.196411133E0,1.433779907E1
1.110997974E1,-1.739578247E0,-9.571228027E-1,8.843872070E0
1.115997974E1,-5.024871826E-1,7.417297363E-2,8.310272217E0
1.120997974E1,7.656860352E-2,4.043884277E-1,6.240478516E0
1.125997974E1,-8.303070068E-1,8.159484863E-1,7.965713501E0
1.130997974E1,-9.954071045E-1,1.043273926E0,7.592422485E0
1.135997974E1,-5.407714844E-1,9.858398438E-1,1.004985046E1
1.140997974E1,-1.004943848E-1,9.571838379E-2,1.169851685E1
1.145997974E1,2.536315918E-1,-6.388854980E-1,1.356011963E1
1.150997974E1,9.308013916E-1,-1.363983154E-1,1.204307556E1
1.155997974E1,1.603240967E-1,-9.834442139E-1,1.358406067E1
1.160997974E1,2.297058105E-1,-6.771697998E-1,9.846466064E0
1.165997974E1,1.040878296E0,-2.392883301E-1,7.992034912E0
1.170997974E1,3.541412354E-1,5.383911133E-1,7.807785034E0
1.175997974E1,-8.183441162E-1,4.115600586E-1,6.812362671E0
1.180997974E1,-4.450683594E-1,6.747741699E-1,8.090133667E0
1.185997974E1,6.963043213E-1,1.131805420E0,8.961120605E0
1.190997974E1,-1.268157959E-1,1.579284668E-1,1.280160522E1
1.195997974E1,8.590240479E-1,2.395629883E-3,1.390708923E1
1.200997974E1,-1.653442383E0,4.259185791E-1,1.158126831E1
1.205997974E1,1.675415039E-2,-8.327026367E-1,1.346919250E1
1.210997974E1,-9.308013916E-1,-9.451599121E-1,9.793823242E0
1.215997974E1,-1.316070557E-1,-9.809875488E-2,7.831710815E0
1.220997974E1,2.297058105E-1,3.325958252E-1,6.738189697E0
1.225997974E1,-5.670928955E-1,8.542327881E-1,7.853240967E0
1.230997974E1,-8.949127197E-1,1.342376709E0,8.630905151E0
1.235997974E1,-1.483612061E-1,1.375869751E0,9.803390503E0
1.240997974E1,-1.198806763E0,4.426727295E-1,1.235653687E1
1.245997974E1,-1.914978027E-2,1.962127686E-1,1.287817383E1
1.250997974E1,-8.518524170E-1,5.981445312E-2,1.394297791E1
1.255997974E1,3.014984131E-1,-8.231353760E-1,1.222732544E1
1.260997974E1,-2.895355225E-1,-1.004989624E0,8.913269043E0
1.265997974E1,5.886383057E-1,-2.488555908E-1,7.104293823E0
1.270997974E1,-5.431671143E-1,1.316070557E-1,8.063812256E0
1.275997974E1,-6.436767578E-1,8.805541992E-1,6.845870972E0
1.280997974E1,-8.709869385E-1,9.954071045E-1,7.951354980E0
1.285997974E1,3.349914551E-1,9.260253906E-1,1.017428589E1
1.290997974E1,-7.944183350E-1,4.187469482E-1,1.374197388E1
1.295997974E1,-4.067840576E-1,6.460571289E-2,1.378744507E1
1.300997974E1,-2.098510742E0,4.594268799E-1,1.229672241E1
1.305997974E1,-9.499511719E-1,1.435699463E-1,1.002832031E1
1.310997974E1,-1.663009644E0,-8.853454590E-1,1.053799438E1
1.315997974E1,-9.044799805E-1,-3.589172363E-1,8.827117920E0
1.320997974E1,-5.072784424E-1,2.153472900E-1,6.515655518E0
1.325997974E1,-1.342376709E0,2.751770020E-1,7.185653687E0
1.330997974E1,-1.701293945E0,8.111724854E-1,7.769500732E0
1.335997974E1,-1.919036865E0,1.112655640E0,1.000917053E1
1.340997974E1,-1.799407959E0,9.212341309E-1,1.192822266E1
1.345997974E1,-1.074371338E0,6.245269775E-1,1.299302673E1
1.350997974E1,-2.050643921E0,3.421783447E-1,1.323469543E1
1.355997974E1,-5.981445312E-2,-4.019927979E-1,1.180857849E1
1.360997974E1,-2.337783813E0,-1.631912231E0,1.105004883E1
1.365997974E1,-2.129669189E-1,-4.474639893E-1,7.331604004E0
1.370997974E1,-3.876342773E-1,-6.460571289E-2,8.063812256E0
1.375997974E1,-8.422698975E-1,1.100769043E-1,8.178665161E0
1.380997974E1,-6.101684570E-1,8.877410889E-1,7.046859741E0
1.385997974E1,-8.925170898E-1,1.012161255E0,8.465805054E0
1.390997974E1,2.679901123E-1,1.205978394E0,9.887145996E0
1.395997974E1,-1.064804077E0,7.896270752E-1,1.280638123E1
1.400997974E1,-4.809570312E-1,8.135528564E-1,1.376351929E1
1.405997974E1,-1.423736572E0,3.349304199E-2,1.253599548E1
1.410997974E1,-1.586441040E0,-5.766754150E-1,1.359840393E1
1.415997974E1,-1.306488037E0,-8.135986328E-2,6.790832520E0
1.420997974E1,-1.057632446E0,-4.761657715E-1,9.695724487E0
1.425997974E1,-1.512268066E0,-9.809875488E-2,6.941574097E0
1.430997974E1,-1.476364136E0,8.901367188E-1,6.977478027E0
1.435997974E1,-1.284942627E0,1.040878296E0,7.774276733E0
1.440997974E1,-7.872314453E-1,1.392623901E0,9.903900146E0
1.445997974E1,-1.119842529E0,9.379882812E-1,1.214596558E1
1.450997974E1,4.547119141E-2,1.028915405E0,1.220339966E1
1.455997974E1,-3.661041260E-1,-9.092712402E-2,1.165065002E1
1.460997974E1,-2.053039551E0,-1.612762451E0,1.592901611E1
1.465997974E1,2.632141113E-2,-5.718841553E-1,9.298507690E0
1.470997974E1,1.064804077E0,-2.488555908E-1,7.680953979E0
1.475997974E1,-1.196289062E-2,3.421783447E-1,7.554138184E0
1.480997974E1,-9.810638428E-1,6.484527588E-1,7.602005005E0
1.485997974E1,-6.723785400E-1,8.925170898E-1,7.731216431E0
1.490997974E1,7.656860352E-2,1.294509888E0,9.669403076E0
1.495997974E1,-4.761657715E-1,4.522399902E-1,1.087538147E1
1.500997974E1,8.614196777E-1,1.019348145E0,1.199043274E1
1.505997974E1,-4.905242920E-1,4.665985107E-1,1.395014954E1
1.510997974E1,-5.886383057E-1,8.255310059E-1,9.056838989E0
1.515997974E1,-2.203796387E0,-6.101684570E-1,1.079402161E1
1.520997974E1,-3.302154541E-1,-5.335998535E-1,9.827316284E0
1.525997974E1,-3.014984131E-1,-3.589172363E-1,7.848464966E0
1.530997974E1,-3.469543457E-1,9.567260742E-3,7.099502563E0
1.535997974E1,-5.192413330E-1,7.171630859E-3,8.551940918E0
1.540997974E1,6.652069092E-1,9.116668701E-1,8.618942261E0
1.545997974E1,-8.709869385E-1,5.001068115E-1,1.244506836E1
1.550997974E1,2.273254395E-1,1.914215088E-1,1.167457581E1
1.555997974E1,-1.119842529E0,-4.594268799E-1,1.274896240E1
1.560997974E1,1.971679688E0,-9.906311035E-1,1.102851868E1
1.565997974E1,-1.529006958E0,-2.254043579E0,1.291645813E1
1.570997974E1,1.117446899E0,-7.561340332E-1,9.107086182E0
1.575997974E1,1.055236816E0,-9.567260742E-3,8.183456421E0
1.580997974E1,-3.206329346E-1,1.244201660E-1,7.984848022E0
1.585997974E1,7.417755127E-1,2.967071533E-1,8.020736694E0
1.590997974E1,-3.134613037E-1,1.866455078E-1,8.664413452E0
1.595997974E1,1.196441650E-1,6.245269775E-1,1.079881287E1
1.600997974E1,-5.120697021E-1,3.876342773E-1,1.257667542E1
1.605997974E1,1.746826172E-1,3.589172363E-1,1.452204895E1
1.610997974E1,-3.637084961E-1,-7.393798828E-1,1.040159607E1
1.615997974E1,-1.406982422E0,-1.004989624E0,1.120797729E1
1.620997974E1,6.700134277E-2,-6.795654297E-1,8.779266357E0
1.625997974E1,-4.043884277E-1,-6.556396484E-1,8.595016479E0
1.630997974E1,-6.316986084E-1,-9.571838379E-2,7.908279419E0
1.635997974E1,-2.871398926E-1,5.479583740E-1,7.348358154E0
1.640997974E1,5.503845215E-2,9.331970215E-1,8.623733521E0
1.645997974E1,-3.302154541E-1,5.766754150E-1,1.095195007E1
1.650997974E1,4.307556152E-2,3.995971680E-1,1.082991028E1
1.655997974E1,-1.244201660E-1,3.995971680E-1,1.230389404E1
1.660997974E1,1.741973877E0,-8.422698975E-1,1.294517517E1
1.665997974E1,-4.618072510E-1,-1.457229614E0,1.326101685E1
1.670997974E1,1.057632446E0,1.914978027E-2,6.235702515E0
1.675997974E1,2.201385498E-1,2.057800293E-1,9.133407593E0
1.680997974E1,5.981445312E-2,7.872314453E-1,7.070785522E0
1.685997974E1,-9.212341309E-1,7.704925537E-1,8.044662476E0
1.690997974E1,8.494567871E-1,1.430908203E0,9.104690552E0
1.695997974E1,0.000000000E0,5.240325928E-1,1.206700134E1
1.700997974E1,6.412811279E-1,3.373870850E-1,1.311744690E1
1.705997974E1,-6.556396484E-1,6.963043213E-1,1.193539429E1
1.710997974E1,1.182052612E0,-6.867370605E-1,1.289013672E1
1.715997974E1,-1.476364136E0,-6.484527588E-1,9.607177734E0
1.720997974E1,-3.349914551E-1,-3.349304199E-2,8.080566406E0
1.725997974E1,-1.045669556E0,-1.268157959E-1,8.379669189E0
1.730997974E1,-6.293182373E-1,6.245269775E-1,7.680953979E0
1.735997974E1,-9.930267334E-1,1.002593994E0,7.757537842E0
1.740997974E1,-5.264282227E-1,1.201202393E0,9.186050415E0
1.745997974E1,-4.139556885E-1,5.288085938E-1,1.160997009E1
1.750997974E1,2.703857422E-1,4.115600586E-1,1.154058838E1
1.755997974E1,-8.111724854E-1,8.087768555E-1,1.268196106E1
1.760997974E1,2.900100708E0,7.226257324E-1,1.026042175E1
1.765997974E1,-7.010955811E-1,-1.115051270E0,1.297627258E1
1.770997974E1,-2.608184814E-1,-4.355010986E-1,8.154739380E0
1.775997974E1,-3.828430176E-2,1.938171387E-1,9.272186279E0
1.780997974E1,-2.895355225E-1,1.009765625E0,7.202392578E0
1.785997974E1,-8.590240479E-1,1.320831299E0,7.247863770E0
1.790997974E1,-2.464599609E-1,1.363906860E0,8.822341919E0
1.795997974E1,4.163513184E-1,1.117446899E0,1.084187317E1
1.800997974E1,6.604156494E-1,6.364898682E-1,1.395733643E1
1.805997974E1,-1.435852051E-2,1.246658325E0,1.253359985E1
1.810997974E1,-1.914978027E-2,-3.517456055E-1,1.160279846E1
1.815997974E1,-7.680969238E-1,-3.062744141E-1,1.016949463E1
1.820997974E1,-2.153015137E-2,-1.387786865E-1,7.948959351E0
1.825997974E1,-2.871398926E-1,-3.278198242E-1,9.011367798E0
1.830997974E1,-2.081756592E-1,6.316986084E-1,6.254837036E0
1.835997974E1,-1.196411133E0,6.029968262E-1,9.248260498E0
1.840997974E1,2.656097412E-1,9.810638428E-1,9.305694580E0
1.845997974E1,-6.197357178E-1,4.546356201E-1,1.247138977E1
1.850997974E1,4.091796875E-1,6.340942383E-1,1.198086548E1
1.855997974E1,-6.747741699E-1,6.939239502E-1,1.222492981E1
1.860997974E1,1.464401245E0,-1.124572754E-1,1.168893433E1
1.865997974E1,-1.308868408E0,-1.079162598E0,1.217228699E1
1.870997974E1,2.043472290E0,1.076812744E-1,7.642669678E0
1.875997974E1,-1.268157959E-1,-1.363983154E-1,9.064010620E0
1.880997974E1,2.344970703E-1,7.585296631E-1,7.281356812E0
1.885997974E1,-7.322082520E-1,7.872314453E-1,8.207382202E0
1.890997974E1,7.513427734E-1,1.387832642E0,9.109481812E0
1.895997974E1,-1.794586182E-1,8.111724854E-1,1.138265991E1
1.900997974E1,5.838470459E-1,6.723785400E-1,1.303849792E1
1.905997974E1,-4.091796875E-1,9.786682129E-1,1.236849976E1
1.910997974E1,9.116668701E-1,-2.488555908E-1,1.076290894E1
1.915997974E1,-5.431671143E-1,-3.637084961E-1,8.965911865E0
1.920997974E1,6.963043213E-1,-2.344970703E-1,9.372680664E0
1.925997974E1,-3.182525635E-1,-2.344970703E-1,9.255432129E0
1.930997974E1,1.986083984E-1,1.234695435E0,7.147354126E0
1.935997974E1,-8.111724854E-1,1.107879639E0,8.506484985E0
1.940997974E1,1.674957275E-1,1.483551025E0,9.214767456E0
1.945997974E1,-2.871398926E-1,1.105484009E0,1.121994019E1
1.950997974E1,7.106628418E-1,5.718841553E-1,1.125344849E1
1.955997974E1,-8.638153076E-1,7.441711426E-1,1.139462280E1
1.960997974E1,9.403839111E-1,-6.029968262E-1,1.477088928E1
1.965997974E1,4.522399902E-1,-4.067840576E-1,1.001156616E1
1.970997974E1,2.045867920E0,-2.823486328E-1,8.542373657E0
1.975997974E1,-3.684997559E-1,-5.024719238E-2,8.082962036E0
1.980997974E1,2.392578125E-2,1.373474121E0,6.733398438E0
1.985997974E1,8.613586426E-2,1.272979736E0,8.405990601E0
1.990997974E1,6.556396484E-1,1.332809448E0,1.085383606E1
1.995997974E1,7.728881836E-1,1.251449585E0,1.099263000E1
2.000997974E1,8.997039795E-1,3.924255371E-1,1.379701233E1
2.005997974E1,-6.771697998E-1,1.098312378E0,9.774673462E0
2.010997974E1,-2.273254395E-1,-1.148529053E-1,1.313420105E1
2.015997974E1,-2.273254395E-1,-6.245269775E-1,9.640686035E0
2.020997974E1,1.962127686E-1,-2.105712891E-1,6.932006836E0
2.025997974E1,5.479583740E-1,1.196441650E-1,7.307678223E0
2.030997974E1,-4.905242920E-1,6.221008301E-2,1.034417725E1
2.035997974E1,-5.551300049E-1,5.790557861E-1,9.305694580E0
2.040997974E1,-3.684997559E-1,7.465667725E-1,1.023410034E1
2.045997974E1,5.001068115E-1,5.934143066E-1,1.106440735E1
2.050997974E1,9.236297607E-1,3.924255371E-1,1.368215942E1
2.055997974E1,1.198806763E0,5.024871826E-1,9.915863037E0
2.060997974E1,-6.460571289E-2,-4.761657715E-1,1.281117249E1
2.065997974E1,4.905242920E-1,-3.206329346E-1,8.975479126E0
2.070997974E1,8.925170898E-1,-5.359954834E-1,9.626327515E0
2.075997974E1,-2.536315918E-1,6.269226074E-1,7.604385376E0
2.080997974E1,-3.254241943E-1,1.363906860E0,7.209579468E0
2.085997974E1,-3.493499756E-1,1.201202393E0,8.437088013E0
2.090997974E1,-5.264282227E-2,1.313659668E0,9.987640381E0
2.095997974E1,1.004943848E-1,5.120697021E-1,1.207658386E1
2.100997974E1,-1.698913574E-1,7.585296631E-1,1.274896240E1
2.105997974E1,4.450683594E-1,-6.723785400E-1,1.156211853E1
2.110997974E1,-5.958099365E-1,-7.417755127E-1,1.171525574E1
2.115997974E1,4.378814697E-1,-1.459655762E-1,8.408386230E0
2.120997974E1,-1.483612061E-1,-2.632141113E-2,7.822143555E0
2.125997974E1,2.105712891E-1,5.527496338E-1,8.650054932E0
2.130997974E1,-8.470611572E-1,6.125640869E-1,8.236099243E0
2.135997974E1,3.661041260E-1,1.311264038E0,8.391632080E0
2.140997974E1,-4.498443604E-1,4.498443604E-1,1.184686279E1
2.145997974E1,1.016952515E0,3.732757568E-1,1.218424988E1
2.150997974E1,-5.670928955E-1,4.091796875E-1,1.295234680E1
2.155997974E1,1.804183960E0,5.623168945E-1,1.043988037E1
2.160997974E1,-1.387786865E-1,-8.350982666E-1,1.216511536E1
2.165997974E1,7.704925537E-1,-6.436767578E-1,9.157333374E0
2.170997974E1,3.972015381E-1,6.700134277E-2,9.142974854E0
2.175997974E1,5.742797852E-1,9.523468018E-1,6.190231323E0
2.180997974E1,-9.571838379E-2,9.571228027E-1,7.891525269E0
2.185997974E1,2.225341797E-1,1.043273926E0,8.530410767E0
2.190997974E1,1.698913574E-1,1.036087036E0,1.081077576E1
2.195997974E1,8.997039795E-1,1.938171387E-1,1.297149658E1
2.200997974E1,5.910339355E-1,8.781585693E-1,1.316531372E1
2.205997974E1,-5.981445312E-2,1.268157959E-1,1.041355896E1
2.210997974E1,-1.062408447E0,-6.340942383E-1,1.096630859E1
2.215997974E1,4.522399902E-1,-2.536315918E-1,9.815353394E0
2.220997974E1,4.378814697E-1,-2.416687012E-1,8.195419312E0
2.225997974E1,3.995971680E-1,3.684997559E-1,7.747955322E0
2.230997974E1,-4.689941406E-1,9.571228027E-1,8.236099243E0
2.235997974E1,1.172485352E-1,1.067199707E0,9.099899292E0
2.240997974E1,-2.679901123E-1,5.910339355E-1,1.078923035E1
2.245997974E1,4.594268799E-1,4.833526611E-1,1.096151733E1
2.250997974E1,-1.129409790E0,6.388854980E-1,1.229910278E1
2.255997974E1,3.036499023E0,8.375549316E-2,1.056671143E1
2.260997974E1,-3.613128662E-1,-1.907073975E0,1.484985352E1
2.265997974E1,4.857482910E-1,-8.829498291E-1,8.008773804E0
2.270997974E1,-1.148529053E-1,-9.809875488E-2,9.647857666E0
2.275997974E1,-4.187469482E-1,6.891326904E-1,7.209579468E0
2.280997974E1,-4.019927979E-1,1.205978394E0,7.585250854E0
2.285997974E1,-3.588867188E-2,7.704925537E-1,8.980270386E0
2.290997974E1,-2.010040283E-1,4.953155518E-1,1.198086548E1
2.295997974E1,3.924255371E-1,-4.307556152E-2,1.345484924E1
2.300997974E1,-3.325958252E-1,5.527496338E-1,1.197129822E1
2.305997974E1,2.249298096E-1,-2.871398926E-1,1.345962524E1
2.310997974E1,-1.210769653E0,-4.139556885E-1,9.477966309E0
2.315997974E1,-3.111267090E-2,-3.517456055E-1,9.439682007E0
2.320997974E1,8.566284180E-1,6.939697266E-2,8.133209229E0
2.325997974E1,-7.609100342E-1,7.082824707E-1,7.621139526E0
2.330997974E1,-4.019927979E-1,1.105484009E0,6.987045288E0
2.335997974E1,-2.632141113E-1,1.004989624E0,8.102096558E0
2.340997974E1,4.594268799E-1,4.785614014E-1,1.128216553E1
2.345997974E1,2.799530029E-1,-4.713897705E-1,1.321556091E1
2.350997974E1,2.488555908E-1,3.206329346E-1,1.203111267E1
2.355997974E1,1.057632446E0,-4.737854004E-1,1.284945679E1
2.360997974E1,-6.843414307E-1,-9.714813232E-1,1.201196289E1
2.365997974E1,9.236297607E-1,-2.488555908E-1,8.606979370E0
2.370997974E1,-1.986083984E-1,6.436767578E-1,8.281555176E0
2.375997974E1,-1.340026855E-1,1.366302490E0,6.128021240E0
2.380997974E1,-2.703857422E-1,1.268188477E0,7.836486816E0
2.385997974E1,5.335998535E-1,9.140625000E-1,9.537796021E0
2.390997974E1,6.508483887E-1,-1.172485352E-1,1.363191223E1
2.395997974E1,1.363906860E0,4.067840576E-1,1.258863831E1
2.400997974E1,-4.067993164E-2,7.250213623E-1,1.108116150E1
2.405997974E1,2.656097412E-1,-1.004943848E-1,1.358644104E1
2.410997974E1,-1.095916748E0,-2.871398926E-1,8.877365112E0
2.415997974E1,-5.599212646E-1,-9.571838379E-2,8.027923584E0
2.420997974E1,-5.575256348E-1,2.440643311E-1,8.020736694E0
2.425997974E1,-4.594268799E-1,1.067199707E0,7.106689453E0
2.430997974E1,-3.397827148E-1,1.210769653E0,8.372482300E0
2.435997974E1,2.799530029E-1,9.762725830E-1,1.009771729E1
2.440997974E1,5.862426758E-1,5.503540039E-1,1.170808411E1
2.445997974E1,6.700134277E-2,1.316070557E-1,1.357926941E1
2.450997974E1,4.259185791E-1,6.915283203E-1,1.069352722E1
2.455997974E1,8.470611572E-1,-1.220397949E-1,1.394058228E1
2.460997974E1,-1.914978027E-2,-3.110656738E-1,9.171691895E0
2.465997974E1,8.231353760E-1,-2.392578125E-2,7.879562378E0
2.470997974E1,2.703857422E-1,7.609100342E-1,7.360321045E0
2.475997974E1,-1.316070557E-1,1.483551025E0,6.604187012E0
2.480997974E1,7.417297363E-2,1.375869751E0,8.193023682E0
2.485997974E1,1.986083984E-1,1.359130859E0,1.024366760E1
2.490997974E1,3.565368652E-1,7.585296631E-1,1.378027344E1
2.495997974E1,2.105712891E-1,1.019348145E0,1.350749207E1
2.500997974E1,7.010955811E-1,-5.479583740E-1,1.176789856E1
2.505997974E1,-1.201202393E0,-4.809570312E-1,1.097109985E1
2.510997974E1,-5.024871826E-1,-2.081756592E-1,8.420349121E0
2.515997974E1,2.273254395E-1,-2.632141113E-2,9.305694580E0
2.520997974E1,-8.135986328E-2,7.178497314E-1,6.429519653E0
2.525997974E1,-6.269226074E-1,6.340942383E-1,7.788635254E0
2.530997974E1,4.881286621E-1,1.323226929E0,7.762313843E0
2.535997974E1,-3.565368652E-1,7.824554443E-1,1.116491699E1
2.540997974E1,8.997039795E-1,7.944183350E-1,1.200718689E1
2.545997974E1,-6.340942383E-1,6.364898682E-1,1.259342957E1
2.550997974E1,1.770690918E0,-3.828430176E-2,1.157168579E1
2.555997974E1,-9.451599121E-1,-8.494567871E-1,1.425643921E1
2.560997974E1,5.694885254E-1,2.703857422E-1,7.793426514E0
2.565997974E1,5.144500732E-1,5.694885254E-1,8.752944946E0
2.570997974E1,-1.172485352E-1,1.115051270E0,6.738189697E0
2.575997974E1,-7.369842529E-1,1.313659668E0,8.248062134E0
2.580997974E1,5.599212646E-1,1.706085205E0,9.162124634E0
2.585997974E1,4.474639893E-1,1.538589478E0,1.100459290E1
2.590997974E1,1.000198364E0,1.402191162E0,1.274896240E1
2.595997974E1,-6.053771973E-1,1.653442383E0,1.210768127E1
2.600997974E1,1.387786865E-1,6.532440186E-1,1.152622986E1
2.605997974E1,-4.378814697E-1,6.269226074E-1,1.015036011E1
2.610997974E1,1.340026855E-1,4.833526611E-1,8.908477783E0
2.615997974E1,1.071990967E0,7.106628418E-1,7.068405151E0
2.620997974E1,-4.785614014E-1,1.198806763E0,7.295715332E0
2.625997974E1,1.124572754E-1,1.433303833E0,9.104690552E0
2.630997974E1,-2.201385498E-1,1.658233643E0,9.260223389E0
2.635997974E1,-7.417297363E-2,1.521835327E0,1.041595459E1
2.640997974E1,3.517456055E-1,8.422698975E-1,1.283749390E1
2.645997974E1,-7.369842529E-1,1.292129517E0,1.214118958E1
2.650997974E1,1.397415161E0,2.081756592E-1,1.445982361E1
2.655997974E1,-4.594268799E-1,-2.871398926E-1,1.059780884E1
2.660997974E1,4.067840576E-1,2.177429199E-1,7.688140869E0
2.665997974E1,-6.269226074E-1,9.930267334E-1,7.896316528E0
2.670997974E1,-3.924255371E-1,1.579269409E0,7.264602661E0
2.675997974E1,-3.995971680E-1,1.619934082E0,8.731414795E0
2.680997974E1,-2.057800293E-1,1.897506714E0,9.698104858E0
2.685997974E1,-1.316070557E-1,1.787445068E0,1.044706726E1
2.690997974E1,1.292114258E-1,9.954071045E-1,1.245225525E1
2.695997974E1,-1.356735229E0,1.466796875E0,1.057388306E1
2.700997974E1,1.986083984E-1,1.086334229E0,1.236132812E1
2.705997974E1,-2.751770020E-1,-3.230285645E-1,1.133480835E1
2.710997974E1,2.536315918E-1,3.182525635E-1,8.461029053E0
2.715997974E1,6.364898682E-1,8.925170898E-1,5.709274292E0
2.720997974E1,-8.542327881E-1,1.026519775E0,9.296112061E0
2.725997974E1,5.958099365E-1,1.426116943E0,8.908477783E0
2.730997974E1,-2.775726318E-1,1.447662354E0,1.017906189E1
2.735997974E1,1.770629883E-1,1.186843872E0,1.044946289E1
2.740997974E1,2.584228516E-1,4.905242920E-1,1.345962524E1
2.745997974E1,-3.565368652E-1,1.067199707E0,1.197367859E1
2.750997974E1,1.990829468E0,9.643096924E-1,1.245225525E1
2.755997974E1,-4.618072510E-1,3.589172363E-1,9.078369141E0
2.760997974E1,6.293182373E-1,-5.503845215E-2,9.781860352E0
2.765997974E1,-5.670928955E-1,5.886383057E-1,7.573287964E0
2.770997974E1,0.000000000E0,1.610366821E0,7.018142700E0
2.775997974E1,-7.202453613E-1,1.411758423E0,7.925033569E0
2.780997974E1,-5.264282227E-2,1.897506714E0,9.616760254E0
2.785997974E1,7.322082520E-1,1.445266724E0,1.163629150E1
2.790997974E1,8.494567871E-1,7.082824707E-1,1.420379639E1
2.795997974E1,-4.618072510E-1,1.603195190E0,1.034895325E1
2.800997974E1,-6.245269775E-1,6.149597168E-1,1.261016846E1
2.805997974E1,-5.670928955E-1,9.567260742E-3,8.015960693E0
2.810997974E1,-6.939697266E-2,-3.182525635E-1,1.004507446E1
2.815997974E1,-2.847442627E-1,4.881286621E-1,8.183456421E0
2.820997974E1,-3.014984131E-1,1.361511230E0,8.133209229E0
2.825997974E1,1.890258789E-1,1.440475464E0,8.123626709E0
2.830997974E1,-7.130584717E-1,1.112655640E0,9.942184448E0
2.835997974E1,8.135986328E-2,6.771697998E-1,1.207418823E1
2.840997974E1,-4.163513184E-1,4.977111816E-1,1.209811401E1
2.845997974E1,-5.048828125E-1,1.433303833E0,1.107398987E1
2.850997974E1,6.221313477E-1,1.340026855E-1,1.270588684E1
2.855997974E1,-8.255310059E-1,-4.474639893E-1,9.923034668E0
2.860997974E1,6.676025391E-1,-8.853149414E-2,8.843872070E0
2.865997974E1,-4.259185791E-1,8.446655273E-1,7.341186523E0
2.870997974E1,-5.168457031E-1,1.634292603E0,5.929412842E0
2.875997974E1,-1.531372070E-1,1.481155396E0,7.465606689E0
2.880997974E1,7.298126221E-1,1.201202393E0,1.077726746E1
2.885997974E1,5.407714844E-1,9.619140625E-1,1.288534546E1
2.890997974E1,-4.791259766E-3,8.661956787E-1,1.446940613E1
2.895997974E1,7.776641846E-1,8.590240479E-1,1.090647888E1
2.900997974E1,-8.111724854E-1,-4.737854004E-1,1.455314636E1
2.905997974E1,-3.373870850E-1,2.392578125E-2,9.061614990E0
2.910997974E1,-4.761657715E-1,1.914215088E-1,8.480163574E0
2.915997974E1,-1.675415039E-2,8.590240479E-1,6.513259888E0
2.920997974E1,-6.006011963E-1,8.087768555E-1,8.595016479E0
2.925997974E1,4.785614014E-1,1.158126831E0,7.487136841E0
2.930997974E1,-4.355010986E-1,9.116668701E-1,9.442077637E0
2.935997974E1,5.288085938E-1,1.012161255E0,1.078205872E1
2.940997974E1,-3.828582764E-1,7.680969238E-1,1.260060120E1
2.945997974E1,7.561340332E-1,8.063812256E-1,1.005224609E1
2.950997974E1,-4.355010986E-1,-2.727813721E-1,1.388793945E1
2.955997974E1,6.221313477E-1,2.871704102E-2,9.253051758E0
2.960997974E1,-1.746826172E-1,9.567260742E-3,9.489929199E0
2.965997974E1,-5.240325928E-1,8.207397461E-1,8.346160889E0
2.970997974E1,2.584228516E-1,1.545761108E0,7.482360840E0
2.975997974E1,5.264282227E-1,1.208374023E0,9.181259155E0
2.980997974E1,5.982055664E-1,1.409378052E0,1.025325012E1
2.985997974E1,6.963043213E-1,1.198806763E0,1.075573730E1
2.990997974E1,4.402770996E-1,9.571228027E-1,1.215792847E1
2.995997974E1,6.676025391E-1,4.689941406E-1,9.262619019E0
3.000997974E1,-1.495513916E0,-1.280166626E0,1.493600464E1
3.005997974E1,-4.953155518E-1,-2.368927002E-1,1.026281738E1
3.010997974E1,-1.794586182E-1,4.474639893E-1,6.910476685E0
3.015997974E1,-1.698913574E-1,7.537384033E-1,7.592422485E0
3.020997974E1,-5.096740723E-1,7.968139648E-1,8.642868042E0
3.025997974E1,-4.881286621E-1,1.012161255E0,9.083160400E0
3.030997974E1,-5.981445312E-2,1.177261353E0,9.808181763E0
3.035997974E1,-1.363983154E-1,7.058868408E-1,1.083709717E1
3.040997974E1,-1.074371338E0,2.105712891E-1,1.236610413E1
3.045997974E1,7.177734375E-2,1.141372681E0,1.102372742E1
3.050997974E1,9.547424316E-1,-9.567260742E-3,1.242831421E1
3.055997974E1,-7.776641846E-1,-6.316986084E-1,1.056909180E1
3.060997974E1,8.829498291E-1,1.435852051E-2,9.939788818E0
3.065997974E1,-6.053771973E-1,3.493499756E-1,8.738586426E0
3.070997974E1,3.588867188E-2,1.471588135E0,6.841079712E0
3.075997974E1,2.201385498E-1,1.241882324E0,8.606979370E0
3.080997974E1,8.613586426E-2,1.270584106E0,9.937393188E0
3.085997974E1,5.838470459E-1,9.738769531E-1,1.164347839E1
3.090997974E1,1.340026855E-1,5.742797852E-1,1.344049072E1
3.095997974E1,8.661956787E-1,-2.679901123E-1,1.019581604E1
3.100997974E1,-8.733825684E-1,-7.274169922E-1,1.358166504E1
3.105997974E1,-2.871704102E-2,-2.153015137E-2,8.903686523E0
3.110997974E1,5.383911133E-1,9.809875488E-2,8.872589111E0
3.115997974E1,-4.426727295E-1,4.570312500E-1,7.465606689E0
3.120997974E1,-3.421783447E-1,1.284942627E0,7.042083740E0
3.125997974E1,-7.202453613E-1,1.390228271E0,7.929809570E0
3.130997974E1,7.656860352E-2,1.040878296E0,1.116012573E1
3.135997974E1,5.383911133E-1,5.240325928E-1,1.224645996E1
3.140997974E1,-9.690856934E-1,3.924255371E-1,1.346919250E1
3.145997974E1,2.124832153E0,4.139556885E-1,1.033221436E1
3.150997974E1,-1.395019531E0,-8.997039795E-1,1.337826538E1
3.155997974E1,9.212341309E-1,-6.700134277E-2,9.482757568E0
3.160997974E1,-2.249298096E-1,1.698913574E-1,8.621337891E0
3.165997974E1,-7.896423340E-2,1.158126831E0,7.185653687E0
3.170997974E1,-2.177429199E-1,1.220336914E0,7.688140869E0
3.175997974E1,5.814514160E-1,1.488342285E0,8.573486328E0
3.180997974E1,-1.411743164E-1,1.311264038E0,1.010249329E1
3.185997974E1,5.001068115E-1,9.619140625E-1,1.200958252E1
3.190997974E1,-1.435699463E-1,8.614196777E-1,1.362712097E1
3.195997974E1,5.407714844E-1,-3.684997559E-1,1.121516418E1
3.200997974E1,-9.331970215E-1,-1.842498779E-1,1.001396179E1
3.205997974E1,1.292114258E-1,-7.609100342E-1,1.061456299E1
3.210997974E1,-7.489471436E-1,-5.455627441E-1,9.923034668E0
3.215997974E1,-1.770629883E-1,8.039855957E-1,6.946365356E0
3.220997974E1,-4.091796875E-1,1.119842529E0,7.917846680E0
3.225997974E1,-5.790557861E-1,1.308868408E0,8.609375000E0
3.230997974E1,-4.426727295E-1,1.146163940E0,1.142573547E1
3.235997974E1,2.823486328E-1,7.465667725E-1,1.105004883E1
3.240997974E1,-1.275375366E0,3.086700439E-1,1.315095520E1
3.245997974E1,1.103088379E0,5.623168945E-1,1.031546021E1
3.250997974E1,-1.098312378E0,-5.503845215E-2,1.168655396E1
3.255997974E1,1.069595337E0,4.019927979E-1,9.724426270E0
3.260997974E1,-1.203582764E0,3.111267090E-2,9.789031982E0
3.265997974E1,-2.368927002E-1,1.363906860E0,6.735794067E0
3.270997974E1,-6.173553467E-1,1.548156738E0,7.637893677E0
3.275997974E1,1.004989624E0,1.572082520E0,9.207580566E0
3.280997974E1,-4.857482910E-1,1.098312378E0,1.127737427E1
3.285997974E1,3.780670166E-1,9.164581299E-1,1.238285828E1
3.290997974E1,-8.015899658E-1,1.074371338E0,1.368695068E1
3.295997974E1,6.747741699E-1,3.349304199E-2,1.135873413E1
3.300997974E1,-1.576873779E0,-5.455627441E-1,1.046620178E1
3.305997974E1,-2.225341797E-1,-1.172485352E-1,9.217147827E0
3.310997974E1,-2.847442627E-1,-4.791259766E-3,7.791030884E0
3.315997974E1,-1.031311035E0,6.795654297E-1,7.556533813E0
3.320997974E1,-1.890258789E-1,1.555328369E0,7.570892334E0
3.325997974E1,-4.402770996E-1,1.471588135E0,8.762512207E0
3.330997974E1,-5.407714844E-1,1.399795532E0,1.107876587E1
3.335997974E1,6.628112793E-1,9.260253906E-1,1.105484009E1
3.340997974E1,-1.217941284E0,3.086700439E-1,1.321556091E1
3.345997974E1,2.273178101E0,7.369842529E-1,9.741180420E0
3.350997974E1,-4.665985107E-1,-6.986999512E-1,1.179182434E1
3.355997974E1,-8.398742676E-1,-4.929199219E-1,1.074377441E1
3.360997974E1,-1.722869873E-1,3.589172363E-1,8.987442017E0
3.365997974E1,-6.891326904E-1,1.572082520E0,6.443878174E0
3.370997974E1,-4.665985107E-1,1.830505371E0,8.147567749E0
3.375997974E1,-3.349914551E-1,1.533798218E0,9.186050415E0
3.380997974E1,1.818542480E-1,1.619934082E0,1.079881287E1
3.385997974E1,4.259185791E-1,1.100692749E0,1.322991943E1
3.390997974E1,-3.254241943E-1,1.316055298E0,1.262692261E1
3.395997974E1,1.076766968E0,-3.637084961E-1,1.381376648E1
3.400997974E1,-2.031509399E0,-8.613586426E-2,8.587844849E0
3.405997974E1,-4.791259766E-3,-1.962127686E-1,1.009053040E1
3.410997974E1,-8.087768555E-1,1.698913574E-1,7.848464966E0
3.415997974E1,-3.111267090E-2,1.495513916E0,6.759719849E0
3.420997974E1,-1.170089722E0,1.179656982E0,7.810180664E0
3.425997974E1,-2.727813721E-1,1.725219727E0,8.891723633E0
3.430997974E1,-1.182052612E0,1.052841187E0,1.129173279E1
3.435997974E1,4.115600586E-1,8.661956787E-1,1.167936707E1
3.440997974E1,-1.189239502E0,6.173553467E-1,1.366302490E1
3.445997974E1,1.835296631E0,5.742797852E-1,1.197607422E1
3.450997974E1,-1.009765625E0,-6.843414307E-1,1.216751099E1
3.455997974E1,9.786682129E-1,7.171630859E-3,8.654846191E0
3.460997974E1,2.392883301E-1,5.862426758E-1,7.448852539E0
3.465997974E1,-1.698913574E-1,1.406982422E0,6.197418213E0
3.470997974E1,-7.968139648E-1,1.316055298E0,7.319641113E0
3.475997974E1,4.713897705E-1,1.744369507E0,9.087936401E0
3.480997974E1,3.972015381E-1,1.684539795E0,1.214356995E1
3.485997974E1,2.057800293E-1,8.087768555E-1,1.347637939E1
3.490997974E1,-5.503540039E-1,1.320831299E0,1.196650696E1
3.495997974E1,-3.708801270E-1,-4.426727295E-1,1.508195496E1
3.500997974E1,-9.116668701E-1,-2.727813721E-1,1.010968018E1
3.505997974E1,1.292114258E-1,3.421783447E-1,8.312667847E0
3.510997974E1,-5.742797852E-1,7.680969238E-1,7.566101074E0
3.515997974E1,-4.067840576E-1,1.158126831E0,7.996810913E0
3.520997974E1,-8.566284180E-1,1.186843872E0,8.080566406E0
3.525997974E1,-8.877410889E-1,1.426116943E0,9.008972168E0
3.530997974E1,-6.699829102E-1,9.906311035E-1,1.048535156E1
3.535997974E1,-4.115600586E-1,6.795654297E-1,1.197846985E1
3.540997974E1,-1.050445557E0,3.325958252E-1,1.025564575E1
3.545997974E1,-1.227523804E0,-1.091125488E0,1.585723877E1
3.550997974E1,-4.211425781E-1,2.632141113E-2,9.784255981E0
3.555997974E1,7.274169922E-1,5.527496338E-1,7.934600830E0
3.560997974E1,-5.958099365E-1,7.489471436E-1,7.580459595E0
3.565997974E1,-6.532440186E-1,1.091125488E0,7.345962524E0
3.570997974E1,-6.436767578E-1,8.446655273E-1,7.960922241E0
3.575997974E1,1.722869873E-1,1.737182617E0,9.810577393E0
3.580997974E1,5.838470459E-1,2.017150879E0,1.113140869E1
3.585997974E1,-9.236297607E-1,1.246658325E0,1.372763062E1
3.590997974E1,-1.572082520E0,8.111724854E-1,1.234936523E1
3.595997974E1,-2.256439209E0,-8.159484863E-1,1.517767334E1
3.600997974E1,-2.041076660E0,-4.211425781E-1,8.295913696E0
3.605997974E1,-1.521835327E0,-5.503540039E-1,8.489730835E0
3.610997974E1,-5.503540039E-1,1.842498779E-1,6.735794067E0
3.615997974E1,-1.852050781E0,7.202453613E-1,6.786041260E0
3.620997974E1,-6.532440186E-1,1.141372681E0,7.511077881E0
3.625997974E1,-1.426116943E0,1.189239502E0,1.044706726E1
3.630997974E1,-3.445739746E-1,1.478759766E0,1.180857849E1
3.635997974E1,-3.876342773E-1,9.188385010E-1,1.244746399E1
3.640997974E1,-1.670196533E0,6.652069092E-1,1.191386414E1
3.645997974E1,-1.914215088E-1,-7.489471436E-1,1.447418213E1
3.650997974E1,-1.880752563E0,-3.014984131E-1,8.609375000E0
3.655997974E1,2.632141113E-1,4.067993164E-2,7.762313843E0
3.660997974E1,1.076812744E-1,-1.770629883E-1,9.836898804E0
3.665997974E1,-7.896270752E-1,3.613128662E-1,8.542373657E0
3.670997974E1,-8.733825684E-1,7.130584717E-1,8.147567749E0
3.675997974E1,-3.517456055E-1,1.100692749E0,9.415756226E0
3.680997974E1,1.507415771E-1,1.373474121E0,9.903900146E0
3.685997974E1,-2.368927002E-1,9.690856934E-1,1.208375549E1
3.690997974E1,3.349304199E-2,7.393798828E-1,1.301695251E1
3.695997974E1,-2.210968018E0,8.829498291E-1,9.521041870E0
3.700997974E1,-6.460571289E-1,-1.004943848E-1,1.142094421E1
3.705997974E1,-8.183441162E-1,-1.119842529E0,1.060260010E1
3.710997974E1,7.417297363E-2,-3.972015381E-1,9.604797363E0
3.715997974E1,-6.939239502E-1,3.828430176E-2,8.157135010E0
3.720997974E1,-4.570312500E-1,9.403839111E-1,7.578063965E0
3.725997974E1,-3.110656738E-1,1.342376709E0,7.700103760E0
3.730997974E1,-6.388854980E-1,1.533798218E0,1.010009766E1
3.735997974E1,-2.201385498E-1,1.160522461E0,1.090887451E1
3.740997974E1,4.785156250E-2,2.799530029E-1,1.369651794E1
3.745997974E1,-1.148529053E-1,1.215560913E0,1.170329285E1
3.750997974E1,9.044799805E-1,-9.092712402E-2,1.196411133E1
3.755997974E1,-3.134613037E-1,-7.178497314E-1,1.005224609E1
3.760997974E1,7.034912109E-1,-1.938171387E-1,8.128417969E0
3.765997974E1,-1.411743164E-1,6.699829102E-1,8.224136353E0
3.770997974E1,-2.703857422E-1,1.366302490E0,7.341186523E0
3.775997974E1,-1.387786865E-1,1.241882324E0,7.932205200E0
3.780997974E1,4.307556152E-2,1.567306519E0,1.043031311E1
3.785997974E1,-1.986083984E-1,1.289733887E0,1.170808411E1
3.790997974E1,8.853149414E-2,1.000198364E0,1.387597656E1
3.795997974E1,-1.631912231E0,1.643875122E0,1.034178162E1
3.800997974E1,-3.230285645E-1,1.292114258E-1,1.301695251E1
3.805997974E1,-8.733825684E-1,-7.154541016E-1,1.087777710E1
3.810997974E1,-1.172485352E-1,4.713897705E-1,8.262420654E0
3.815997974E1,2.273254395E-1,1.031311035E0,5.673385620E0
3.820997974E1,-8.111724854E-1,8.566284180E-1,7.812561035E0
3.825997974E1,-5.407714844E-1,1.385437012E0,8.781661987E0
3.830997974E1,-1.088729858E0,1.354339600E0,1.048535156E1
3.835997974E1,-1.124572754E-1,1.832901001E0,9.645462036E0
3.840997974E1,-7.202453613E-1,4.570312500E-1,1.361276245E1
3.845997974E1,-7.130584717E-1,1.134201050E0,1.237089539E1
3.850997974E1,3.517456055E-1,-4.139556885E-1,1.447178650E1
3.855997974E1,4.857482910E-1,-1.028900146E-1,9.205184937E0
3.860997974E1,6.197357178E-1,-8.853149414E-2,8.468200684E0
3.865997974E1,-8.303070068E-1,3.804626465E-1,9.004196167E0
3.870997974E1,-1.052856445E-1,1.624725342E0,6.343368530E0
3.875997974E1,-1.160522461E0,1.272979736E0,7.779067993E0
3.880997974E1,5.790557861E-1,1.617553711E0,9.856033325E0
3.885997974E1,-1.698913574E-1,1.385437012E0,1.174397278E1
3.890997974E1,7.322082520E-1,9.140625000E-1,1.373719788E1
3.895997974E1,-2.088928223E0,1.708480835E0,1.114816284E1
3.900997974E1,9.567260742E-3,8.590240479E-1,1.211724854E1
3.905997974E1,-1.344772339E0,-5.886383057E-1,9.800994873E0
3.910997974E1,-3.278198242E-1,-3.254241943E-1,8.822341919E0
3.915997974E1,-8.805541992E-1,-7.656860352E-2,8.963516235E0
3.920997974E1,-4.498443604E-1,1.040878296E0,7.386642456E0
3.925997974E1,-9.355926514E-1,1.311264038E0,7.932205200E0
3.930997974E1,-5.312042236E-1,1.237091064E0,8.999404907E0
3.935997974E1,-7.752685547E-1,9.140625000E-1,1.104287720E1
3.940997974E1,-8.135528564E-1,4.283142090E-1,1.216032410E1
3.945997974E1,-1.663009644E0,1.079162598E0,1.159800720E1
3.950997974E1,-6.053771973E-1,-7.298126221E-1,1.504367065E1
3.955997974E1,-2.177429199E-1,-2.679901123E-1,1.106919861E1
3.960997974E1,6.986999512E-1,5.024871826E-1,8.126022339E0
3.965997974E1,-1.081558228E0,7.322082520E-1,7.575683594E0
3.970997974E1,-1.301696777E0,1.354339600E0,5.807388306E0
3.975997974E1,-1.368698120E0,1.509872437E0,7.166503906E0
3.980997974E1,-1.227523804E0,1.270584106E0,9.334396362E0
3.985997974E1,-8.733825684E-1,1.129409790E0,1.218904114E1
3.990997974E1,-3.254241943E-1,8.087768555E-1,1.358883667E1
3.995997974E1,-2.569885254E0,1.124633789E0,1.123908997E1
4.000997974E1,-8.375549316E-2,4.115600586E-1,1.404586792E1
4.005997974E1,-1.198806763E0,2.991027832E-1,8.556732178E0
4.010997974E1,-1.316070557E-1,2.153472900E-1,9.769897461E0
4.015997974E1,1.435852051E-2,1.172485352E0,6.960723877E0
4.020997974E1,-6.819610596E-1,1.897506714E0,6.941574097E0
4.025997974E1,-8.997039795E-1,1.763504028E0,8.197814941E0
4.030997974E1,-8.925170898E-1,1.677368164E0,1.026760864E1
4.035997974E1,-1.000198364E0,1.385437012E0,1.076770020E1
4.040997974E1,-5.814514160E-1,1.002593994E0,1.217707825E1
4.045997974E1,-1.100692749E0,4.235229492E-1,1.092323303E1
4.050997974E1,-1.256225586E0,-9.978027344E-1,1.510589600E1
4.055997974E1,1.914978027E-2,-1.220397949E-1,9.734008789E0
4.060997974E1,1.050445557E0,2.297058105E-1,7.743179321E0
4.065997974E1,-4.761657715E-1,8.183441162E-1,7.944168091E0
4.070997974E1,-4.426727295E-1,1.292129517E0,7.401000977E0
4.075997974E1,-6.963043213E-1,1.481155396E0,7.649856567E0
4.080997974E1,-2.871704102E-2,1.615158081E0,9.970886230E0
4.085997974E1,-2.895355225E-1,1.301696777E0,1.178465271E1
4.090997974E1,9.092712402E-2,6.006011963E-1,1.399801636E1
4.095997974E1,-9.954071045E-1,1.275375366E0,1.043031311E1
4.100997974E1,-9.140625000E-1,5.264282227E-2,1.473260498E1
4.105997974E1,-1.172485352E-1,1.770629883E-1,8.109283447E0
4.110997974E1,-1.842498779E-1,-9.571838379E-2,9.674179077E0
4.115997974E1,-2.751770020E-1,5.718841553E-1,7.027725220E0
4.120997974E1,-1.134201050E0,1.318450928E0,7.704895020E0
4.125997974E1,-9.930267334E-1,1.402191162E0,7.362716675E0
4.130997974E1,-1.210769653E0,1.495513916E0,1.041835022E1
4.135997974E1,-7.489471436E-1,1.466796875E0,1.079402161E1
4.140997974E1,-6.149597168E-1,5.431671143E-1,1.303610229E1
4.145997974E1,-4.187469482E-1,1.416549683E0,1.210768127E1
4.150997974E1,8.398742676E-1,7.872314453E-1,1.153579712E1
4.155997974E1,-1.095916748E0,-7.082824707E-1,1.165783691E1
4.160997974E1,2.201385498E-1,-7.417297363E-2,8.386840820E0
4.165997974E1,-4.761657715E-1,7.537384033E-1,7.441680908E0
4.170997974E1,-6.436767578E-1,1.564910889E0,7.410568237E0
4.175997974E1,-1.115051270E0,1.339981079E0,8.422729492E0
4.180997974E1,-4.498443604E-1,1.545761108E0,9.410964966E0
4.185997974E1,-4.331054688E-1,9.571228027E-1,1.129412842E1
4.190997974E1,-4.307556152E-2,5.192413330E-1,1.359362793E1
4.195997974E1,-3.876342773E-1,-5.479583740E-1,1.110031128E1
4.200997974E1,-8.470611572E-1,-2.679901123E-1,1.454357910E1
4.205997974E1,9.068756104E-1,4.450683594E-1,9.678970337E0
4.210997974E1,-5.024871826E-1,2.488555908E-1,8.394027710E0
4.215997974E1,-5.024719238E-2,5.479583740E-1,6.130416870E0
4.220997974E1,-1.055236816E0,8.015899658E-1,8.372482300E0
4.225997974E1,-3.637084961E-1,1.201202393E0,7.487136841E0
4.230997974E1,-7.226257324E-1,1.146163940E0,9.480361938E0
4.235997974E1,-5.264282227E-2,9.403839111E-1,1.063848877E1
4.240997974E1,-7.896423340E-2,1.268157959E-1,1.371804810E1
4.245997974E1,5.718841553E-1,3.732757568E-1,1.090887451E1
4.250997974E1,2.153015137E-2,1.172485352E-1,1.270828247E1
4.255997974E1,1.383056641E0,-3.086700439E-1,1.011685181E1
4.260997974E1,-8.542327881E-1,-6.221313477E-1,1.118884277E1
4.265997974E1,4.355010986E-1,9.571228027E-1,7.147354126E0
4.270997974E1,1.483612061E-1,1.505081177E0,7.125823975E0
4.275997974E1,-4.067993164E-2,1.270584106E0,9.073577881E0
4.280997974E1,3.302154541E-1,1.749160767E0,8.882156372E0
4.285997974E1,-6.819610596E-1,1.131805420E0,1.064328003E1
4.290997974E1,7.585296631E-1,7.202453613E-1,1.366062927E1
4.295997974E1,-1.330413818E0,4.737854004E-1,9.767501831E0
4.300997974E1,-1.411743164E-1,4.522399902E-1,1.366780090E1
4.305997974E1,3.828582764E-1,1.722869873E-1,9.669403076E0
4.310997974E1,-3.995971680E-1,2.033843994E-1,7.925033569E0
4.315997974E1,5.192413330E-1,4.402770996E-1,7.164108276E0
4.320997974E1,-1.280166626E0,2.297058105E-1,1.008575439E1
4.325997974E1,-3.421783447E-1,1.399795532E0,7.735992432E0
4.330997974E1,-6.771697998E-1,1.476364136E0,8.645263672E0
4.335997974E1,-2.799530029E-1,1.081558228E0,1.098306274E1
4.340997974E1,-1.280166626E0,3.804626465E-1,1.381616211E1
4.345997974E1,2.153533936E0,-5.001068115E-1,1.043988037E1
4.350997974E1,-2.076965332E0,-1.605590820E0,1.589552307E1
4.355997974E1,1.770690918E0,-6.939697266E-2,8.255233765E0
4.360997974E1,-1.052856445E-1,-6.699829102E-1,9.035293579E0
4.365997974E1,-5.096740723E-1,2.967071533E-1,7.987243652E0
4.370997974E1,-3.972015381E-1,8.398742676E-1,6.922439575E0
4.375997974E1,-5.647125244E-1,9.212341309E-1,8.468200684E0
4.380997974E1,6.939697266E-2,1.158126831E0,1.025802612E1
4.385997974E1,-3.493499756E-1,5.072784424E-1,1.223928833E1
4.390997974E1,-1.332809448E0,4.905242920E-1,1.349073792E1
4.395997974E1,5.838470459E-1,-5.479583740E-1,1.341894531E1
4.400997974E1,-1.421340942E0,-7.010955811E-1,1.035374451E1
4.405997974E1,-2.584228516E-1,-4.091796875E-1,1.016709900E1
4.410997974E1,2.632141113E-2,-5.024719238E-2,6.747756958E0
4.415997974E1,-6.149597168E-1,3.397827148E-1,7.771881104E0
4.420997974E1,-1.172485352E0,6.125640869E-1,8.281555176E0
4.425997974E1,-7.106628418E-1,1.170089722E0,9.607177734E0
4.430997974E1,-6.819610596E-1,4.689941406E-1,1.110508728E1
4.435997974E1,-9.260253906E-1,-1.962127686E-1,1.260060120E1
4.440997974E1,-1.584045410E0,7.848510742E-1,1.157408142E1
4.445997974E1,1.182052612E0,8.661956787E-1,1.266999817E1
4.450997974E1,-7.728881836E-1,-8.829498291E-1,1.014556885E1
4.455997974E1,-9.284210205E-1,-8.973083496E-1,9.688537598E0
4.460997974E1,-2.201385498E-1,1.651000977E-1,7.506286621E0
4.465997974E1,-9.882354736E-1,8.231353760E-1,7.712066650E0
4.470997974E1,-5.743408203E-2,1.438079834E0,7.513458252E0
4.475997974E1,-8.973083496E-1,1.261016846E0,9.908676147E0
4.480997974E1,-2.488555908E-1,1.040878296E0,1.113859558E1
4.485997974E1,-6.436767578E-1,1.746826172E-1,1.442633057E1
4.490997974E1,-1.631912231E0,1.124633789E0,9.877578735E0
4.495997974E1,-8.350982666E-1,-7.896423340E-2,1.401237488E1
4.500997974E1,-5.551300049E-1,-8.135528564E-1,1.062173462E1
4.505997974E1,-3.302154541E-1,-3.469543457E-1,8.482559204E0
4.510997974E1,-8.374938965E-1,-5.264282227E-2,5.934204102E0
4.515997974E1,-1.198806763E0,6.173553467E-1,8.315063477E0
4.520997974E1,-3.038940430E-1,1.184448242E0,7.611572266E0
4.525997974E1,-9.020996094E-1,5.359954834E-1,1.049731445E1
4.530997974E1,-1.962127686E-1,-8.853149414E-2,1.088255310E1
4.535997974E1,-1.512268066E0,-4.307098389E-1,1.358644104E1
4.540997974E1,1.024124146E0,9.571838379E-2,1.018145752E1
4.545997974E1,1.914978027E-2,-5.958099365E-1,1.300978088E1
4.550997974E1,-6.245269775E-1,-3.325958252E-1,1.028195190E1
4.555997974E1,-4.331054688E-1,7.656860352E-2,9.245864868E0
4.560997974E1,-3.038940430E-1,9.116668701E-1,7.405792236E0
4.565997974E1,-5.359954834E-1,1.150955200E0,6.819549561E0
4.570997974E1,-8.087768555E-1,1.158126831E0,8.248062134E0
4.575997974E1,-3.349304199E-2,1.928619385E0,8.867797852E0
4.580997974E1,-1.148559570E0,1.129409790E0,1.155255127E1
4.585997974E1,8.853149414E-2,4.953155518E-1,1.498864746E1
4.590997974E1,-2.153533936E0,1.349548340E0,8.482559204E0
4.595997974E1,-6.747741699E-1,2.847442627E-1,1.120320129E1
4.600997974E1,-3.445739746E-1,-1.134201050E0,1.323709106E1
4.605997974E1,7.704925537E-1,-1.698913574E-1,7.805389404E0
4.610997974E1,-4.259185791E-1,-1.914978027E-2,8.781661987E0
4.615997974E1,-6.747741699E-1,6.364898682E-1,9.322433472E0
4.620997974E1,-7.441711426E-1,1.182052612E0,9.327224731E0
4.625997974E1,-2.560272217E-1,1.265808105E0,9.585647583E0
4.630997974E1,-4.187469482E-1,6.221008301E-2,1.274896240E1
4.635997974E1,-1.313659668E0,1.866455078E-1,1.529971313E1
4.640997974E1,1.100692749E0,7.920227051E-1,1.117687988E1
4.645997974E1,-2.072189331E0,-1.574478149E0,1.120797729E1
4.650997974E1,-4.522399902E-1,-6.723785400E-1,9.516250610E0
4.655997974E1,7.656860352E-2,3.613128662E-1,7.350753784E0
4.660997974E1,-3.565368652E-1,1.564910889E0,6.546768188E0
4.665997974E1,-6.436767578E-1,1.478759766E0,7.491928101E0
4.670997974E1,-7.656860352E-2,1.505081177E0,9.064010620E0
4.675997974E1,-4.307098389E-1,1.631912231E0,1.031306458E1
4.680997974E1,-4.378814697E-1,6.628112793E-1,1.358166504E1
4.685997974E1,-1.507476807E0,1.409378052E0,1.284228516E1
4.690997974E1,-1.962127686E-1,4.689941406E-1,1.307199097E1
4.695997974E1,-1.105484009E0,-8.135528564E-1,1.003311157E1
4.700997974E1,-9.331970215E-1,-3.445739746E-1,9.899108887E0
4.705997974E1,-1.179656982E0,2.177429199E-1,7.920242310E0
4.710997974E1,-1.127014160E0,1.435699463E0,6.798004150E0
4.715997974E1,-9.475555420E-1,1.873580933E0,7.137786865E0
4.720997974E1,-6.460571289E-1,2.120040894E0,9.255432129E0
4.725997974E1,-1.239486694E0,8.446655273E-1,1.137547302E1
4.730997974E1,-4.139556885E-1,8.015899658E-1,1.233978271E1
4.735997974E1,-1.021728516E0,1.024124146E0,1.067916870E1
4.740997974E1,-1.292114258E-1,-9.068756104E-1,1.241874695E1
4.745997974E1,-1.117446899E0,-1.055236816E0,1.178704834E1
4.750997974E1,6.484527588E-1,-1.675415039E-2,8.757736206E0
4.755997974E1,-8.135528564E-1,6.915283203E-1,7.597213745E0
4.760997974E1,-7.130584717E-1,1.459625244E0,6.218948364E0
4.765997974E1,-1.196411133E0,1.481155396E0,7.496719360E0
4.770997974E1,-6.221008301E-2,1.655838013E0,9.308074951E0
4.775997974E1,-1.007385254E0,6.628112793E-1,1.290689087E1
4.780997974E1,2.273254395E-1,6.843414307E-1,1.429951477E1
4.785997974E1,-8.279113770E-1,7.896423340E-2,1.238285828E1
4.790997974E1,-1.423736572E0,-1.220397949E-1,1.203828430E1
4.795997974E1,-7.513427734E-1,1.914978027E-2,8.982650757E0
4.800997974E1,-8.614196777E-1,-7.171630859E-3,8.403594971E0
4.805997974E1,-8.303070068E-1,7.226257324E-1,6.946365356E0
4.810997974E1,-1.196411133E0,1.383056641E0,7.001403809E0
4.815997974E1,-8.063812256E-1,1.902297974E0,7.893920898E0
4.820997974E1,-1.411758423E0,1.251449585E0,1.002832031E1
4.825997974E1,-2.440643311E-1,1.282546997E0,1.117926025E1
4.830997974E1,-7.106628418E-1,4.546356201E-1,1.365344238E1
4.835997974E1,-6.652069092E-1,1.550552368E0,1.181097412E1
4.840997974E1,2.084152222E0,9.068756104E-1,1.015036011E1
4.845997974E1,-1.792221069E0,-1.670196533E0,1.351226807E1
4.850997974E1,-1.363983154E-1,-6.700134277E-2,7.786239624E0
4.855997974E1,3.158569336E-1,1.040878296E0,7.987243652E0
4.860997974E1,-4.498443604E-1,1.330413818E0,6.407974243E0
4.865997974E1,-8.039855957E-1,1.615158081E0,7.372283936E0
4.870997974E1,-9.809875488E-2,1.545761108E0,9.075973511E0
4.875997974E1,-7.177734375E-2,1.495513916E0,1.050927734E1
4.880997974E1,-2.440643311E-1,3.134613037E-1,1.412483215E1
4.885997974E1,-1.519439697E0,1.160522461E0,1.145443726E1
4.890997974E1,5.838470459E-1,1.435699463E-1,1.408894348E1
4.895997974E1,-6.556396484E-1,-6.029968262E-1,1.064805603E1
4.900997974E1,-8.303070068E-1,-2.775726318E-1,9.209976196E0
4.905997974E1,-1.292114258E-1,1.675415039E-2,6.752548218E0
4.910997974E1,-3.038940430E-1,3.924255371E-1,7.836486816E0
4.915997974E1,-8.350982666E-1,4.881286621E-1,8.482559204E0
4.920997974E1,-1.229904175E0,1.445266724E0,9.305694580E0
4.925997974E1,-7.537384033E-1,8.015899658E-1,1.021017456E1
4.930997974E1,-1.277770996E0,4.331054688E-1,1.218664551E1
4.935997974E1,-1.296905518E0,1.052841187E0,1.234217834E1
4.940997974E1,2.443069458E0,-2.010040283E-1,1.291406250E1
4.945997974E1,-1.753936768E0,-2.581863403E0,1.478047180E1
4.950997974E1,-4.791259766E-3,-1.387786865E-1,8.453842163E0
4.955997974E1,-1.428512573E0,3.110656738E-1,7.556533813E0
4.960997974E1,-8.661956787E-1,1.036087036E0,6.719039917E0
4.965997974E1,-1.012161255E0,1.112655640E0,8.542373657E0
4.970997974E1,-4.331054688E-1,1.268188477E0,9.990036011E0
4.975997974E1,-1.569686890E0,7.920227051E-1,1.125584412E1
4.980997974E1,-6.819610596E-1,5.623168945E-1,1.262214661E1
4.985997974E1,-2.323425293E0,6.891326904E-1,1.159800720E1
4.990997974E1,-1.014556885E0,-7.704925537E-1,1.236132812E1
4.995997974E1,-2.670394897E0,-1.684539795E0,9.832107544E0
5.000997974E1,-1.471588135E0,-1.328018188E0,9.719650269E0
5.005997974E1,-1.560119629E0,-9.738769531E-1,8.654846191E0
5.010997974E1,-1.698898315E0,-1.196289062E-2,7.381851196E0
5.015997974E1,-1.737182617E0,7.177734375E-2,7.465606689E0
5.020997974E1,-7.489471436E-1,3.732757568E-1,9.856033325E0
5.025997974E1,-4.642028809E-1,6.484527588E-1,1.104527283E1
5.030997974E1,-2.799530029E-1,1.012161255E0,1.101655579E1
5.035997974E1,3.589172363E-1,3.421783447E-1,1.215792847E1
5.040997974E1,-8.255310059E-1,2.536315918E-1,1.271784973E1
5.045997974E1,4.785156250E-2,2.919311523E-1,1.078923035E1
5.050997974E1,-1.375869751E0,-7.609100342E-1,1.024366760E1
5.055997974E1,-1.124633789E0,-2.775726318E-1,9.207580566E0
5.060997974E1,-6.699829102E-1,7.489471436E-1,7.434494019E0
5.065997974E1,-7.896423340E-2,1.282546997E0,7.802993774E0
5.070997974E1,-5.407714844E-1,7.034912109E-1,8.903686523E0
5.075997974E1,-2.105712891E-1,7.130584717E-1,1.080358887E1
5.080997974E1,3.278198242E-1,1.323226929E0,9.781860352E0
5.085997974E1,-1.603240967E-1,7.561340332E-1,1.262692261E1
5.090997974E1,2.273254395E-1,3.828582764E-1,1.290689087E1
5.095997974E1,-1.409378052E0,5.910339355E-1,9.568893433E0
5.100997974E1,3.828582764E-1,1.698913574E-1,9.879959106E0
5.105997974E1,-1.627044678E-1,-8.949127197E-1,1.004985046E1
5.110997974E1,-3.038940430E-1,-5.240325928E-1,9.219543457E0
5.115997974E1,-3.110656738E-1,3.254241943E-1,8.374877930E0
5.120997974E1,-9.738769531E-1,1.213165283E0,7.645065308E0
5.125997974E1,-1.002593994E0,1.471588135E0,8.848663330E0
5.130997974E1,-8.613586426E-2,1.572082520E0,1.109552002E1
5.135997974E1,-2.679901123E-1,5.958099365E-1,1.165783691E1
5.140997974E1,4.791259766E-3,4.331054688E-1,1.296910095E1
5.145997974E1,1.418945312E0,-7.177734375E-2,1.091845703E1
5.150997974E1,-1.182052612E0,-9.475555420E-1,1.319403076E1
5.155997974E1,5.264282227E-1,7.896423340E-2,7.944168091E0
5.160997974E1,5.072784424E-1,6.316986084E-1,8.087738037E0
5.165997974E1,-6.006011963E-1,1.131805420E0,7.446456909E0
5.170997974E1,-4.331054688E-1,1.584045410E0,6.439086914E0
5.175997974E1,-2.799530029E-1,1.765899658E0,8.640487671E0
5.180997974E1,9.236297607E-1,2.285140991E0,1.019104004E1
5.185997974E1,-1.004943848E-1,1.186843872E0,1.340698242E1
5.190997974E1,2.703857422E-1,1.514663696E0,1.314138794E1
5.195997974E1,3.373870850E-1,8.159484863E-1,1.010488892E1
5.200997974E1,-1.325622559E0,-3.780670166E-1,1.115773010E1
5.205997974E1,-2.847442627E-1,-5.024719238E-2,8.822341919E0
5.210997974E1,-1.658233643E0,8.135986328E-2,9.238693237E0
5.215997974E1,2.703857422E-1,1.083953857E0,8.248062134E0
5.220997974E1,-7.417755127E-1,1.665405273E0,7.712066650E0
5.225997974E1,2.871704102E-2,2.237289429E0,8.788833618E0
5.230997974E1,-7.680969238E-1,1.265808105E0,1.085145569E1
5.235997974E1,3.445739746E-1,9.236297607E-1,1.182054138E1
5.240997974E1,-1.064804077E0,8.542327881E-1,1.188754272E1
5.245997974E1,8.398742676E-1,3.111267090E-2,1.174157715E1
5.250997974E1,-1.143768311E0,-1.282546997E0,1.299542236E1
5.255997974E1,1.239486694E0,2.775726318E-1,7.032501221E0
5.260997974E1,-1.722869873E-1,4.426727295E-1,8.865402222E0
5.265997974E1,-4.307098389E-1,8.901367188E-1,7.831710815E0
5.270997974E1,-1.019348145E0,1.146163940E0,8.841476440E0
5.275997974E1,6.316986084E-1,1.591232300E0,9.822540283E0
5.280997974E1,4.737854004E-1,1.105484009E0,1.200000000E1
5.285997974E1,7.010955811E-1,1.124633789E0,1.187557983E1
5.290997974E1,-2.608184814E-1,1.935791016E0,1.061935425E1
5.295997974E1,1.299301147E0,1.196289062E-2,1.307678223E1
5.300997974E1,-1.469192505E0,-6.412811279E-1,9.961318970E0
5.305997974E1,-3.278198242E-1,3.373870850E-1,9.116653442E0
5.310997974E1,-3.995971680E-1,6.652069092E-1,8.195419312E0
5.315997974E1,-1.818542480E-1,1.366302490E0,7.767105103E0
5.320997974E1,3.111267090E-2,1.696517944E0,7.846069336E0
5.325997974E1,-3.780670166E-1,1.847259521E0,9.164505005E0
5.330997974E1,3.254241943E-1,1.414154053E0,1.125105286E1
5.335997974E1,3.397827148E-1,8.518524170E-1,1.196411133E1
5.340997974E1,-4.547119141E-2,1.397415161E0,9.939788818E0
5.345997974E1,-3.302154541E-1,-1.311264038E0,1.626640320E1
5.350997974E1,2.488555908E-1,-2.368927002E-1,9.305694580E0
5.355997974E1,1.694122314E0,2.608184814E-1,8.236099243E0
5.360997974E1,-1.651000977E-1,6.891326904E-1,8.831909180E0
5.365997974E1,-2.584228516E-1,1.526626587E0,7.233505249E0
5.370997974E1,-2.799530029E-1,1.584045410E0,8.721832275E0
5.375997974E1,7.872314453E-1,1.823333740E0,9.401397705E0
5.380997974E1,3.278198242E-1,1.213165283E0,1.180857849E1
5.385997974E1,1.225128174E0,9.499511719E-1,1.304327393E1
5.390997974E1,-9.810638428E-1,4.761657715E-1,1.015274048E1
5.395997974E1,2.416687012E-1,-2.895355225E-1,1.325863647E1
5.400997974E1,-3.876342773E-1,-3.804626465E-1,8.898910522E0
5.405997974E1,6.101684570E-1,1.674957275E-1,8.796020508E0
5.410997974E1,-2.488555908E-1,5.407714844E-1,8.008773804E0
5.415997974E1,-3.493499756E-1,1.428512573E0,7.317245483E0
5.420997974E1,6.819610596E-1,1.536193848E0,8.293518066E0
5.425997974E1,-1.770629883E-1,1.143768311E0,1.078923035E1
5.430997974E1,7.202453613E-1,9.212341309E-1,1.164108276E1
5.435997974E1,-4.791259766E-3,3.613128662E-1,1.394776917E1
5.440997974E1,2.466995239E0,-2.249298096E-1,1.019581604E1
5.445997974E1,-2.129669189E-1,-1.239486694E0,1.393101501E1
5.450997974E1,8.853454590E-1,-3.158569336E-1,8.183456421E0
5.455997974E1,1.459655762E-1,-1.722869873E-1,8.709869385E0
5.460997974E1,-6.077728271E-1,6.125640869E-1,7.037292480E0
5.465997974E1,-3.972015381E-1,1.287338257E0,7.783859253E0
5.470997974E1,5.575256348E-1,1.387832642E0,8.676376343E0
5.475997974E1,1.100769043E-1,9.284210205E-1,1.125822449E1
5.480997974E1,1.122238159E0,5.599212646E-1,1.364147949E1
5.485997974E1,6.628112793E-1,7.585296631E-1,1.274656677E1
5.490997974E1,4.737854004E-1,-1.272979736E0,1.500300598E1
5.495997974E1,-1.043273926E0,-6.723785400E-1,9.578475952E0
5.500997974E1,-2.440643311E-1,-1.076812744E-1,8.729019165E0
5.505997974E1,-4.881286621E-1,5.455627441E-1,7.121032715E0
5.510997974E1,-3.995971680E-1,1.215560913E0,7.317245483E0
5.515997974E1,-6.986999512E-1,1.328018188E0,7.491928101E0
5.520997974E1,1.890258789E-1,1.406982422E0,9.585647583E0
5.525997974E1,1.962127686E-1,6.939239502E-1,1.154776001E1
5.530997974E1,7.130584717E-1,4.067840576E-1,1.228236389E1
5.535997974E1,4.331054688E-1,-4.665985107E-1,1.108595276E1
5.540997974E1,-1.201202393E0,-1.387832642E0,1.451965332E1
5.545997974E1,1.840087891E0,-1.962127686E-1,8.860626221E0
5.550997974E1,1.098312378E0,-9.092712402E-2,9.633499146E0
5.555997974E1,-1.938171387E-1,7.417755127E-1,7.424926758E0
5.560997974E1,-2.584228516E-1,1.459625244E0,6.235702515E0
5.565997974E1,3.588867188E-2,1.064804077E0,9.061614990E0
5.570997974E1,5.670928955E-1,1.524230957E0,9.951751709E0
5.575997974E1,-1.363983154E-1,7.322082520E-1,1.213639832E1
5.580997974E1,1.064804077E0,2.010040283E-1,1.373240662E1
5.585997974E1,6.245269775E-1,-4.785614014E-1,1.053320312E1
5.590997974E1,-8.015899658E-1,-1.280166626E0,1.287577820E1
5.595997974E1,-1.603240967E-1,-4.809570312E-1,8.958724976E0
5.600997974E1,-4.067840576E-1,2.321014404E-1,7.448852539E0
5.605997974E1,-1.579284668E-1,8.685913086E-1,7.391433716E0
5.610997974E1,-3.780670166E-1,9.667053223E-1,8.819946289E0
5.615997974E1,-4.642028809E-1,1.153335571E0,9.174087524E0
5.620997974E1,-3.517456055E-1,4.426727295E-1,1.143769836E1
5.625997974E1,4.139556885E-1,-1.292114258E-1,1.131805420E1
5.630997974E1,-8.183441162E-1,-1.866455078E-1,1.294277954E1
5.635997974E1,5.934143066E-1,-7.226257324E-1,1.107637024E1
5.640997974E1,-9.308013916E-1,-1.313659668E0,1.203828430E1
5.645997974E1,2.079360962E0,-4.331054688E-1,7.664215088E0
5.650997974E1,1.890258789E-1,-2.057800293E-1,1.026998901E1
5.655997974E1,-4.067993164E-2,4.115600586E-1,6.912872314E0
5.660997974E1,-1.603240967E-1,8.949127197E-1,7.259826660E0
5.665997974E1,4.547119141E-2,8.207397461E-1,9.494720459E0
5.670997974E1,2.632141113E-2,1.103088379E0,1.058584595E1
5.675997974E1,8.422698975E-1,2.440643311E-1,1.236849976E1
5.680997974E1,1.172485352E-1,2.727813721E-1,1.273220825E1
5.685997974E1,1.899902344E0,-9.882354736E-1,1.233261108E1
5.690997974E1,-1.378265381E0,-1.146163940E0,9.678970337E0
5.695997974E1,-2.395629883E-3,-3.182525635E-1,8.750549316E0
5.700997974E1,-7.130584717E-1,-5.264282227E-1,9.626327515E0
5.705997974E1,1.603240967E-1,6.460571289E-1,7.896316528E0
5.710997974E1,-4.522399902E-1,1.036087036E0,7.716857910E0
5.715997974E1,-1.363983154E-1,7.441711426E-1,9.757934570E0
5.720997974E1,-3.158569336E-1,2.871398926E-1,1.105963135E1
5.725997974E1,3.661041260E-1,2.632141113E-2,1.102851868E1
5.730997974E1,-2.488555908E-1,-1.268157959E-1,1.230628967E1
5.735997974E1,2.184646606E0,-8.949127197E-1,1.064567566E1
5.740997974E1,-2.306686401E0,-2.184646606E0,1.506761169E1
5.745997974E1,1.658233643E0,1.148529053E-1,8.322235107E0
5.750997974E1,7.250213623E-1,4.450683594E-1,7.355529785E0
5.755997974E1,-6.125640869E-1,8.159484863E-1,7.324432373E0
5.760997974E1,-4.785156250E-2,9.930267334E-1,7.424926758E0
5.765997974E1,1.004943848E-1,9.858398438E-1,9.717254639E0
5.770997974E1,4.570312500E-1,9.690856934E-1,1.040878296E1
5.775997974E1,2.703857422E-1,3.086700439E-1,1.332324219E1
5.780997974E1,3.780670166E-1,8.638153076E-1,1.210768127E1
5.785997974E1,7.130584717E-1,-5.024871826E-1,1.037527466E1
5.790997974E1,-9.523468018E-1,-1.249053955E0,1.158364868E1
5.795997974E1,5.647125244E-1,-4.474639893E-1,8.989837646E0
5.800997974E1,1.060012817E0,2.512512207E-1,8.578262329E0
5.805997974E1,-3.613128662E-1,7.154541016E-1,7.934600830E0
5.810997974E1,-2.249298096E-1,1.342376709E0,7.731216431E0
5.815997974E1,3.373870850E-1,1.263412476E0,9.238693237E0
5.820997974E1,-2.033843994E-1,4.737854004E-1,1.191386414E1
5.825997974E1,6.867370605E-1,2.727813721E-1,1.108833313E1
5.830997974E1,-7.680969238E-1,5.814514160E-1,1.166500854E1
5.835997974E1,2.356933594E0,-3.445739746E-1,1.052363586E1
5.840997974E1,-1.478759766E0,-1.634292603E0,1.397409058E1
5.845997974E1,1.445266724E0,2.395629883E-3,8.204986572E0
5.850997974E1,5.742797852E-1,6.508483887E-1,8.171493530E0
5.855997974E1,-4.929199219E-1,9.499511719E-1,7.384246826E0
5.860997974E1,-4.809570312E-1,1.021728516E0,8.147567749E0
5.865997974E1,-1.675415039E-2,1.167694092E0,9.052047729E0
5.870997974E1,4.737854004E-1,9.762725830E-1,1.039442444E1
5.875997974E1,1.531372070E-1,1.962127686E-1,1.321795654E1
5.880997974E1,-5.958099365E-1,1.249053955E0,1.123908997E1
5.885997974E1,1.313659668E0,-5.982055664E-1,1.381376648E1
5.890997974E1,-8.805541992E-1,-8.709869385E-1,1.055474854E1
5.895997974E1,-1.148529053E-1,1.603240967E-1,8.405990601E0
5.900997974E1,4.618072510E-1,5.814514160E-1,7.802993774E0
5.905997974E1,-3.493499756E-1,7.800598145E-1,7.838882446E0
5.910997974E1,-4.307098389E-1,9.643096924E-1,8.456237793E0
5.915997974E1,-6.221008301E-2,1.024124146E0,9.152542114E0
5.920997974E1,-2.488555908E-1,3.708801270E-1,1.178225708E1
5.925997974E1,1.962127686E-1,1.962127686E-1,1.209571838E1
5.930997974E1,-5.264282227E-1,8.398742676E-1,1.184686279E1
5.935997974E1,1.117446899E0,-5.814514160E-1,1.256710815E1
5.940997974E1,-5.742797852E-1,-1.339981079E0,1.244985962E1
5.945997974E1,1.651046753E0,2.656097412E-1,7.802993774E0
5.950997974E1,3.828430176E-2,4.857482910E-1,8.171493530E0
5.955997974E1,-1.531372070E-1,9.475555420E-1,7.070785522E0
5.960997974E1,-4.450683594E-1,8.446655273E-1,8.257629395E0
5.965997974E1,7.704925537E-1,1.119842529E0,9.384643555E0
5.970997974E1,4.809570312E-1,7.393798828E-1,1.134915161E1
5.975997974E1,1.421340942E0,8.135986328E-2,1.304806519E1
5.980997974E1,-6.125640869E-1,7.680969238E-1,1.189710999E1
5.985997974E1,4.522399902E-1,-7.776641846E-1,1.498385620E1
5.990997974E1,-1.033706665E0,-6.891326904E-1,9.332015991E0
5.995997974E1,4.791259766E-3,-7.417297363E-2,8.006378174E0
6.000997974E1,-2.081756592E-1,3.756713867E-1,7.697708130E0
6.005997974E1,-5.024871826E-1,5.958099365E-1,7.523040771E0
6.010997974E1,-6.795654297E-1,9.571228027E-1,8.379669189E0
6.015997974E1,-3.302154541E-1,8.398742676E-1,9.497116089E0
6.020997974E1,3.613128662E-1,5.024871826E-1,1.185165405E1
6.025997974E1,1.172485352E-1,-1.316070557E-1,1.251206970E1
6.030997974E1,2.656097412E-1,9.044799805E-1,1.122473145E1
6.035997974E1,8.901367188E-1,-1.986083984E-1,1.275613403E1
6.040997974E1,-3.589172363E-1,-4.642028809E-1,9.958923340E0
6.045997974E1,6.269226074E-1,-2.273254395E-1,8.879760742E0
6.050997974E1,1.746826172E-1,7.752685547E-1,8.303100586E0
6.055997974E1,-2.943115234E-1,1.325622559E0,6.702301025E0
6.060997974E1,-4.235229492E-1,1.222732544E0,8.489730835E0
6.065997974E1,5.288085938E-1,1.598403931E0,9.583251953E0
6.070997974E1,3.708801270E-1,7.226257324E-1,1.225842285E1
6.075997974E1,8.327026367E-1,2.584228516E-1,1.372283936E1
6.080997974E1,-8.590240479E-1,1.591232300E0,1.070788574E1
6.085997974E1,3.708801270E-1,3.373870850E-1,1.269392395E1
6.090997974E1,-1.067199707E0,-5.647125244E-1,9.621536255E0
6.095997974E1,-2.632141113E-2,8.375549316E-2,7.307678223E0
6.100997974E1,-5.982055664E-1,4.689941406E-1,7.843673706E0
6.105997974E1,-4.283142090E-1,1.028915405E0,7.159332275E0
6.110997974E1,-8.853454590E-1,1.409378052E0,8.494522095E0
6.115997974E1,-5.743408203E-2,1.091125488E0,1.110031128E1
6.120997974E1,1.674957275E-1,9.690856934E-1,1.212921143E1
6.125997974E1,-1.866455078E-1,7.609100342E-1,1.262931824E1
6.130997974E1,4.019927979E-1,1.045669556E0,1.112663269E1
6.135997974E1,3.637084961E-1,-5.288085938E-1,1.351466370E1
6.140997974E1,1.459655762E-1,-1.962127686E-1,1.002352905E1
6.145997974E1,8.925170898E-1,3.182525635E-1,7.925033569E0
6.150997974E1,-4.977111816E-1,9.475555420E-1,8.465805054E0
6.155997974E1,-4.043884277E-1,1.440475464E0,5.833694458E0
6.160997974E1,-2.847442627E-1,1.732406616E0,8.451446533E0
6.165997974E1,1.842498779E-1,1.617553711E0,1.051406860E1
6.170997974E1,1.028900146E-1,1.316055298E0,1.222492981E1
6.175997974E1,7.896423340E-2,9.379882812E-1,1.365823364E1
6.180997974E1,1.744369507E0,-9.332275391E-2,1.046859741E1
6.185997974E1,-1.476364136E0,-9.475555420E-1,1.201914978E1
6.190997974E1,1.794586182E-1,3.038940430E-1,8.652450562E0
6.195997974E1,-5.264282227E-1,2.967071533E-1,8.226531982E0
6.200997974E1,-4.163513184E-1,8.327026367E-1,7.743179321E0
6.205997974E1,-9.690856934E-1,9.810638428E-1,8.451446533E0
6.210997974E1,2.560272217E-1,1.686935425E0,8.834304810E0
6.215997974E1,-5.192413330E-1,1.215560913E0,1.116969299E1
6.220997974E1,3.804626465E-1,1.165298462E0,1.184925842E1
6.225997974E1,-3.325958252E-1,6.125640869E-1,1.276092529E1
6.230997974E1,1.579269409E0,7.178497314E-1,9.334396362E0
6.235997974E1,-4.642028809E-1,-7.848510742E-1,1.301695251E1
6.240997974E1,3.110656738E-1,-1.196289062E-2,9.035293579E0
6.245997974E1,1.651000977E-1,2.201385498E-1,9.382263184E0
6.250997974E1,-2.321014404E-1,1.196411133E0,7.779067993E0
6.255997974E1,-3.924255371E-1,1.816146851E0,7.489532471E0
6.260997974E1,4.307556152E-2,1.533798218E0,9.140579224E0
6.265997974E1,5.790557861E-1,1.976470947E0,1.000199890E1
6.270997974E1,4.067840576E-1,9.523468018E-1,1.247378540E1
6.275997974E1,4.378814697E-1,1.282546997E0,1.189710999E1
6.280997974E1,1.167694092E0,5.216369629E-1,9.958923340E0
6.285997974E1,-1.555328369E0,-1.304092407E0,1.327059937E1
6.290997974E1,-6.460571289E-2,-2.177429199E-1,9.183654785E0
6.295997974E1,-6.412811279E-1,2.536315918E-1,8.307876587E0
6.300997974E1,6.460571289E-2,1.069595337E0,7.444076538E0
6.305997974E1,-9.236297607E-1,1.304092407E0,8.209777832E0
6.310997974E1,-3.349304199E-2,2.105682373E0,8.219345093E0
6.315997974E1,-2.775726318E-1,1.497909546E0,1.078923035E1
6.320997974E1,6.101684570E-1,9.212341309E-1,1.230868530E1
6.325997974E1,-3.852386475E-1,5.120697021E-1,1.314376831E1
6.330997974E1,1.600799561E0,9.499511719E-1,9.695724487E0
6.335997974E1,-1.074371338E0,-1.052841187E0,1.362234497E1
6.340997974E1,7.178497314E-1,3.349304199E-2,8.944366455E0
6.345997974E1,2.871398926E-1,4.331054688E-1,8.566299438E0
6.350997974E1,-6.986999512E-1,1.234695435E0,7.621139526E0
6.355997974E1,-1.914978027E-2,1.720443726E0,7.247863770E0
6.360997974E1,1.052856445E-1,1.703689575E0,9.035293579E0
6.365997974E1,5.934143066E-1,1.636688232E0,1.042552185E1
6.370997974E1,3.325958252E-1,1.158126831E0,1.241635132E1
6.375997974E1,4.547119141E-2,1.074371338E0,1.365823364E1
6.380997974E1,-1.153335571E0,1.007385254E0,9.107086182E0
6.385997974E1,-8.207397461E-1,-6.077728271E-1,1.135154724E1
6.390997974E1,9.571838379E-2,-2.703857422E-1,9.635894775E0
6.395997974E1,-3.828582764E-1,1.411743164E-1,8.968292236E0
6.400997974E1,-4.378814697E-1,8.757781982E-1,8.382064819E0
6.405997974E1,-4.737854004E-1,1.653442383E0,7.518249512E0
6.410997974E1,-5.718841553E-1,1.864013672E0,8.961120605E0
6.415997974E1,-2.991027832E-1,1.806579590E0,1.062173462E1
6.420997974E1,-7.872314453E-1,1.356735229E0,1.128694153E1
6.425997974E1,-7.322082520E-1,1.663009644E0,1.211964417E1
6.430997974E1,2.100891113E0,7.369842529E-1,1.253599548E1
6.435997974E1,-1.182052612E0,-1.342376709E0,1.279441833E1
6.440997974E1,1.517044067E0,-1.244201660E-1,8.669189453E0
6.445997974E1,-5.527496338E-1,-2.632141113E-2,8.664413452E0
6.450997974E1,-2.679901123E-1,1.205978394E0,6.532409668E0
6.455997974E1,-7.561340332E-1,1.698898315E0,7.326828003E0
6.460997974E1,5.742797852E-1,2.103286743E0,8.537597656E0
6.465997974E1,3.804626465E-1,1.213165283E0,1.196890259E1
6.470997974E1,9.451599121E-1,9.020996094E-1,1.411526489E1
6.475997974E1,-3.732757568E-1,1.591232300E0,1.186839294E1
6.480997974E1,2.871398926E-1,4.067993164E-2,1.247618103E1
6.485997974E1,-9.547424316E-1,-2.895355225E-1,9.300903320E0
6.490997974E1,4.067840576E-1,2.297058105E-1,8.348556519E0
6.495997974E1,4.547119141E-2,3.373870850E-1,8.066207886E0
6.500997974E1,-1.674957275E-1,1.155731201E0,8.013565063E0
6.505997974E1,-5.694885254E-1,1.617553711E0,7.602005005E0
6.510997974E1,-1.651000977E-1,1.526626587E0,1.007139587E1
6.515997974E1,2.895355225E-1,1.007385254E0,1.190429688E1
6.520997974E1,1.531372070E-1,4.426727295E-1,1.272741699E1
6.525997974E1,-5.503540039E-1,1.342376709E0,1.091845703E1
6.530997974E1,1.131805420E0,1.890258789E-1,1.255992126E1
6.535997974E1,-5.527496338E-1,-9.188385010E-1,1.128933716E1
6.540997974E1,1.462020874E0,-4.785156250E-2,8.879760742E0
6.545997974E1,1.196441650E-1,4.713897705E-1,7.602005005E0
6.550997974E1,-7.656860352E-2,1.399795532E0,6.699905396E0
6.555997974E1,-9.044799805E-1,1.325622559E0,7.422531128E0
6.560997974E1,3.876342773E-1,1.502685547E0,1.061216736E1
6.565997974E1,4.067840576E-1,6.915283203E-1,1.333041382E1
6.570997974E1,1.153335571E0,7.704925537E-1,1.345962524E1
6.575997974E1,-1.095916748E0,7.609100342E-1,1.006181335E1
6.580997974E1,8.207397461E-1,-1.674957275E-1,1.337588501E1
6.585997974E1,-4.618072510E-1,-2.297058105E-1,8.630905151E0
6.590997974E1,1.196289062E-2,3.780670166E-1,8.267196655E0
6.595997974E1,-4.067840576E-1,4.546356201E-1,8.549560547E0
6.600997974E1,-1.148529053E-1,1.483551025E0,7.616348267E0
6.605997974E1,-3.876342773E-1,1.768295288E0,8.456237793E0
6.610997974E1,1.459655762E-1,1.722839355E0,9.894317627E0
6.615997974E1,3.588867188E-2,6.532440186E-1,1.144726562E1
6.620997974E1,3.421783447E-1,3.038940430E-1,1.176789856E1
6.625997974E1,1.100769043E-1,9.403839111E-1,1.073420715E1
6.630997974E1,9.690856934E-1,-8.542327881E-1,1.551026917E1
6.635997974E1,-6.700134277E-2,-7.178497314E-1,1.131805420E1
6.640997974E1,5.623168945E-1,4.331054688E-1,7.891525269E0
6.645997974E1,8.853149414E-2,1.308868408E0,6.503692627E0
6.650997974E1,-5.264282227E-1,1.562515259E0,6.479766846E0
6.655997974E1,-2.297058105E-1,1.368698120E0,8.178665161E0
6.660997974E1,1.081558228E0,1.083953857E0,1.075813293E1
6.665997974E1,2.416687012E-1,1.220397949E-1,1.404826355E1
6.670997974E1,6.484527588E-1,5.766754150E-1,1.324427795E1
6.675997974E1,-1.722869873E-1,2.608184814E-1,1.033459473E1
6.680997974E1,2.416687012E-1,-7.250213623E-1,1.324905396E1
6.685997974E1,4.689941406E-1,-3.062744141E-1,9.442077637E0
6.690997974E1,-3.900299072E-1,1.579284668E-1,8.209777832E0
6.695997974E1,-3.421783447E-1,6.723785400E-1,7.381851196E0
6.700997974E1,-5.670928955E-1,1.311264038E0,7.049255371E0
6.705997974E1,-6.173553467E-1,1.430908203E0,7.869995117E0
6.710997974E1,-2.512512207E-1,1.323226929E0,1.076770020E1
6.715997974E1,5.168457031E-1,6.388854980E-1,1.247618103E1
6.720997974E1,-1.076812744E-1,6.029968262E-1,1.362712097E1
6.725997974E1,2.065002441E0,4.187469482E-1,1.021734619E1
6.730997974E1,-3.086700439E-1,-1.091125488E0,1.431864929E1
6.735997974E1,1.414154053E0,3.086700439E-1,8.480163574E0
6.740997974E1,5.024871826E-1,2.536315918E-1,8.133209229E0
6.745997974E1,-4.522399902E-1,8.135528564E-1,7.003799438E0
6.750997974E1,-4.402770996E-1,1.428512573E0,6.424728394E0
6.755997974E1,-1.746826172E-1,1.493118286E0,8.724227905E0
6.760997974E1,4.689941406E-1,1.495513916E0,1.018385315E1
6.765997974E1,-1.675415039E-2,7.872314453E-1,1.387597656E1
6.770997974E1,2.919311523E-1,1.354339600E0,1.347398376E1
6.775997974E1,1.093521118E0,-2.967071533E-1,1.223449707E1
6.780997974E1,-1.055236816E0,-6.939239502E-1,1.086581421E1
6.785997974E1,-1.962127686E-1,1.986083984E-1,8.123626709E0
6.790997974E1,-3.278198242E-1,-1.172485352E-1,9.540191650E0
6.795997974E1,1.722869873E-1,9.092712402E-1,7.125823975E0
6.800997974E1,-6.006011963E-1,1.756332397E0,7.446456909E0
6.805997974E1,-1.770629883E-1,1.902297974E0,8.669189453E0
6.810997974E1,-4.642028809E-1,1.440475464E0,1.085145569E1
6.815997974E1,5.575256348E-1,8.829498291E-1,1.209332275E1
6.820997974E1,-7.154541016E-1,9.116668701E-1,1.298823547E1
6.825997974E1,2.711074829E0,3.062744141E-1,1.043750000E1
6.830997974E1,-9.930267334E-1,-1.567306519E0,1.438085938E1
6.835997974E1,9.284210205E-1,4.187469482E-1,8.394027710E0
6.840997974E1,6.029968262E-1,7.202453613E-1,7.745559692E0
6.845997974E1,-2.799530029E-1,1.253845215E0,7.357925415E0
6.850997974E1,-8.733825684E-1,1.476364136E0,7.333999634E0
6.855997974E1,2.464599609E-1,1.969299316E0,8.286346436E0
6.860997974E1,6.532440186E-1,1.722839355E0,1.084666443E1
6.865997974E1,3.900299072E-1,1.150955200E0,1.308874512E1
6.870997974E1,-7.171630859E-3,1.904693604E0,1.277767944E1
6.875997974E1,1.162918091E0,2.679901123E-1,1.198086548E1
6.880997974E1,-8.638153076E-1,-2.153472900E-1,1.033459473E1
6.885997974E1,5.981445312E-2,6.795654297E-1,8.209777832E0
6.890997974E1,-2.727813721E-1,7.106628418E-1,7.463211060E0
6.895997974E1,-3.397827148E-1,1.112655640E0,7.692932129E0
6.900997974E1,-7.417755127E-1,1.292129517E0,8.231307983E0
6.905997974E1,-1.268157959E-1,1.852050781E0,8.499313354E0
6.910997974E1,-1.028900146E-1,1.663009644E0,1.131565857E1
6.915997974E1,6.604156494E-1,1.418945312E0,1.185165405E1
6.920997974E1,-1.914215088E-1,1.684539795E0,1.288534546E1
6.925997974E1,1.119842529E0,-8.135986328E-2,1.314855957E1
6.930997974E1,-9.571228027E-1,-7.824554443E-1,1.252642822E1
6.935997974E1,1.177261353E0,6.245269775E-1,8.496917725E0
6.940997974E1,-2.775726318E-1,8.853454590E-1,7.980056763E0
6.945997974E1,-4.307556152E-2,1.512268066E0,7.221542358E0
6.950997974E1,-8.087768555E-1,1.337585449E0,8.063812256E0
6.955997974E1,9.116668701E-1,2.005187988E0,9.841674805E0
6.960997974E1,2.679901123E-1,1.670196533E0,1.130609131E1
6.965997974E1,1.026519775E0,1.014556885E0,1.361755371E1
6.970997974E1,-5.599212646E-1,1.998001099E0,1.127020264E1
6.975997974E1,-7.680969238E-1,3.302154541E-1,1.275135803E1
6.980997974E1,-2.584228516E-1,-2.679901123E-1,9.403793335E0
6.985997974E1,-1.531372070E-1,2.943115234E-1,8.413162231E0
6.990997974E1,-2.010040283E-1,8.422698975E-1,6.570693970E0
6.995997974E1,-5.527496338E-1,1.220336914E0,8.047058105E0
7.000997974E1,-1.938171387E-1,1.612762451E0,7.628311157E0
7.005997974E1,-2.129669189E-1,1.519439697E0,1.092323303E1
7.010997974E1,3.302154541E-1,1.184448242E0,1.198565674E1
7.015997974E1,4.689941406E-1,7.489471436E-1,1.310787964E1
7.020997974E1,5.072784424E-1,8.542327881E-1,1.198326111E1
7.025997974E1,-2.081756592E-1,-1.220397949E-1,1.209811401E1
7.030997974E1,1.148529053E-1,-1.698913574E-1,8.913269043E0
7.035997974E1,1.631912231E0,4.331054688E-1,8.164306641E0
7.040997974E1,-5.240325928E-1,4.642028809E-1,8.453842163E0
7.045997974E1,-4.067993164E-2,1.217941284E0,8.133209229E0
7.050997974E1,-1.770629883E-1,1.261016846E0,8.819946289E0
7.055997974E1,4.043884277E-1,1.663009644E0,1.019581604E1
7.060997974E1,3.661041260E-1,1.167694092E0,1.215553284E1
7.065997974E1,7.680969238E-1,1.179656982E0,1.272024536E1
7.070997974E1,-3.038940430E-1,1.402191162E0,1.016232300E1
7.075997974E1,2.153015137E-2,-6.460571289E-2,1.303849792E1
7.080997974E1,-4.761657715E-1,-8.853149414E-2,9.300903320E0
7.085997974E1,-6.221008301E-2,1.746826172E-1,8.243270874E0
7.090997974E1,-5.982055664E-1,5.551300049E-1,7.441680908E0
7.095997974E1,-1.842498779E-1,1.203582764E0,7.874786377E0
7.100997974E1,-5.694885254E-1,1.452438354E0,9.238693237E0
7.105997974E1,1.148529053E-1,1.540985107E0,1.068156433E1
7.110997974E1,-1.052856445E-1,1.117446899E0,1.193778992E1
7.115997974E1,3.780670166E-1,8.781585693E-1,1.216989136E1
7.120997974E1,-1.770629883E-1,1.050445557E0,1.123429871E1
7.125997974E1,3.565368652E-1,-3.349304199E-2,1.242114258E1
7.130997974E1,3.373870850E-1,-3.661041260E-1,1.038006592E1
7.135997974E1,1.294509888E0,3.014984131E-1,8.614166260E0
7.140997974E1,-1.028900146E-1,7.704925537E-1,7.936996460E0
7.145997974E1,-2.799530029E-1,1.244262695E0,7.245468140E0
7.150997974E1,1.340026855E-1,1.526626587E0,8.039886475E0
7.155997974E1,3.732757568E-1,1.741973877E0,9.757934570E0
7.160997974E1,1.603240967E-1,1.215560913E0,1.238285828E1
7.165997974E1,6.340942383E-1,1.004989624E0,1.299542236E1
7.170997974E1,-6.652069092E-1,2.002792358E0,1.050210571E1
7.175997974E1,2.344970703E-1,5.335998535E-1,1.314376831E1
7.180997974E1,-1.241882324E0,1.196289062E-2,8.908477783E0
7.185997974E1,-9.567260742E-3,4.115600586E-1,8.870193481E0
7.190997974E1,-1.555328369E-1,8.446655273E-1,8.542373657E0
7.195997974E1,-4.791259766E-3,1.354339600E0,7.925033569E0
7.200997974E1,-8.997039795E-1,1.249053955E0,9.305694580E0
7.205997974E1,-1.435699463E-1,1.847259521E0,9.001800537E0
7.210997974E1,-5.288085938E-1,1.421340942E0,1.151666260E1
7.215997974E1,5.623168945E-1,1.450057983E0,1.146162415E1
7.220997974E1,-4.570312500E-1,1.318450928E0,1.148794556E1
7.225997974E1,1.914978027E-2,-4.809570312E-1,1.423011780E1
7.230997974E1,-3.278198242E-1,-3.637084961E-1,1.062173462E1
7.235997974E1,1.342376709E0,5.288085938E-1,7.441680908E0
7.240997974E1,-3.110656738E-1,6.628112793E-1,9.516250610E0
7.245997974E1,-7.058868408E-1,1.308868408E0,7.360321045E0
7.250997974E1,-2.871398926E-1,1.636688232E0,8.157135010E0
7.255997974E1,7.417297363E-2,1.897506714E0,9.468399048E0
7.260997974E1,1.052856445E-1,1.842468262E0,1.083709717E1
7.265997974E1,1.052856445E-1,1.174880981E0,1.204067993E1
7.270997974E1,-8.901367188E-1,1.808975220E0,1.149272156E1
7.275997974E1,7.920227051E-1,8.685913086E-1,1.344287109E1
7.280997974E1,-2.167892456E0,2.847442627E-1,8.726623535E0
7.285997974E1,-5.359954834E-1,5.982055664E-1,8.757736206E0
7.290997974E1,-3.541412354E-1,3.206329346E-1,9.327224731E0
7.295997974E1,-6.867370605E-1,8.015899658E-1,7.934600830E0
7.300997974E1,-6.245269775E-1,1.241882324E0,7.960922241E0
7.305997974E1,-2.560272217E-1,1.792221069E0,8.836700439E0
7.310997974E1,-5.934143066E-1,1.593612671E0,1.106919861E1
7.315997974E1,-2.632141113E-2,1.466796875E0,1.186601257E1
7.320997974E1,-1.064804077E0,1.198806763E0,1.149990845E1
7.325997974E1,1.277770996E0,5.240325928E-1,9.384643555E0
7.330997974E1,-2.146362305E0,-1.000198364E0,1.435693359E1
7.335997974E1,2.608184814E-1,6.149597168E-1,8.350952148E0
7.340997974E1,9.212341309E-1,7.537384033E-1,8.571090698E0
7.345997974E1,-1.122238159E0,6.125640869E-1,9.279373169E0
7.350997974E1,-9.714813232E-1,1.217941284E0,8.085342407E0
7.355997974E1,-5.168457031E-1,1.411758423E0,8.829513550E0
7.360997974E1,-4.307556152E-2,1.619934082E0,1.031066895E1
7.365997974E1,-7.298126221E-1,1.567306519E0,1.088017273E1
7.370997974E1,-8.566284180E-1,1.280166626E0,1.140658569E1
7.375997974E1,-1.555328369E0,1.328018188E0,1.013121033E1
7.380997974E1,-1.808975220E0,-1.627044678E-1,1.352902222E1
7.385997974E1,-9.284210205E-1,2.010040283E-1,8.882156372E0
7.390997974E1,-1.531402588E0,-5.527496338E-1,1.076052856E1
7.395997974E1,-9.667053223E-1,1.244201660E-1,9.207580566E0
7.400997974E1,-1.081558228E0,3.732757568E-1,7.843673706E0
7.405997974E1,-1.067199707E0,5.096740723E-1,9.001800537E0
7.410997974E1,-7.058868408E-1,8.877410889E-1,1.001635742E1
7.415997974E1,-9.212341309E-1,1.016952515E0,1.004267883E1
7.420997974E1,-2.392883301E-1,1.067199707E0,1.105963135E1
7.425997974E1,-6.986999512E-1,1.009765625E0,1.059303284E1
7.430997974E1,2.081756592E-1,1.004989624E0,9.870391846E0
7.435997974E1,-2.392883301E-1,-3.661041260E-1,1.151426697E1
7.440997974E1,-1.316070557E-1,-3.756713867E-1,1.176312256E1
7.445997974E1,1.172485352E-1,6.269226074E-1,8.080566406E0
7.450997974E1,1.435699463E0,4.235229492E-1,9.272186279E0
7.455997974E1,4.642028809E-1,-1.507415771E-1,1.116012573E1
7.460997974E1,7.202453613E-1,2.416687012E-1,9.623931885E0
7.465997974E1,7.322082520E-1,4.115600586E-1,9.533004761E0
7.470997974E1,2.679901123E-1,2.225341797E-1,9.884750366E0
7.475997974E1,5.168457031E-1,4.283142090E-1,1.023170471E1
7.480997974E1,3.565368652E-1,4.881286621E-1,9.650253296E0
7.485997974E1,8.350982666E-1,3.900299072E-1,9.958923340E0
7.490997974E1,1.318450928E0,4.905242920E-1,1.014317322E1
7.495997974E1,2.404785156E0,2.464599609E-1,1.017906189E1
7.500997974E1,1.031311035E0,5.503540039E-1,9.808181763E0
7.505997974E1,1.028915405E0,6.029968262E-1,1.002352905E1
7.510997974E1,1.057632446E0,7.513427734E-1,9.554534912E0
7.515997974E1,8.327026367E-1,9.331970215E-1,1.027717590E1
7.520997974E1,9.667053223E-1,1.028915405E0,9.894317627E0
7.525997974E1,3.852386475E-1,8.733825684E-1,1.058584595E1
7.530997974E1,6.101684570E-1,1.280166626E0,9.836898804E0
7.535997974E1,3.589172363E-1,1.086334229E0,9.990036011E0
7.540997974E1,5.264282227E-2,9.762725830E-1,1.037049866E1
7.545997974E1,2.919311523E-1,1.227523804E0,9.997207642E0
7.550997974E1,2.727813721E-1,1.062408447E0,1.045184326E1
