"Time (s)","Gyroscope x (rad/s)","Gyroscope y (rad/s)","Gyroscope z (rad/s)"
5.997973900E-2,-2.313232422E-1,4.974365234E-3,1.593322754E-1
1.099797390E-1,-6.822204590E-2,-1.239166260E-1,5.303955078E-2
1.599797390E-1,-1.696319580E-1,3.953094482E-1,-1.161651611E-1
2.099797390E-1,6.860351562E-2,3.305053711E-2,-3.002929688E-2
2.599797390E-1,5.149841309E-2,4.521179199E-1,2.799987793E-2
3.099797390E-1,4.470825195E-3,8.865356445E-2,1.823425293E-2
3.599797390E-1,-3.096008301E-2,-4.452362061E-1,1.538391113E-1
4.099797390E-1,1.046447754E-1,-5.350341797E-1,-1.231384277E-2
4.599797390E-1,1.057434082E-2,-2.076110840E-1,-1.536560059E-2
5.099797390E-1,-8.361816406E-3,-2.057800293E-1,7.319641113E-2
5.599797390E-1,-1.720733643E-1,3.366699219E-1,9.886169434E-2
6.099797390E-1,-1.814270020E-2,3.806457520E-1,5.609130859E-2
6.599797390E-1,-1.952819824E-1,1.277313232E-1,-1.167602539E-1
7.099797390E-1,-1.800079346E-1,4.118041992E-1,9.335327148E-2
7.599797390E-1,-7.554626465E-2,-4.831237793E-1,-2.206268311E-1
8.099797390E-1,-2.759094238E-1,-4.617462158E-1,1.342926025E-1
8.599797390E-1,6.912231445E-3,-2.131195068E-1,2.155303955E-1
9.099797390E-1,5.821228027E-2,-2.679443359E-2,2.925109863E-1
9.599797390E-1,6.372070312E-2,1.582794189E-1,3.755798340E-1
1.009979739E0,-9.143066406E-2,3.855895996E-2,8.236694336E-2
1.059979739E0,4.094696045E-1,-2.424316406E-1,1.617736816E-1
1.109979739E0,3.178405762E-1,1.594543457E-2,1.373291016E-1
1.159979739E0,3.990783691E-1,-1.422424316E-1,8.236694336E-2
1.209979739E0,3.465576172E-1,-2.283782959E-1,2.432250977E-2
1.259979739E0,2.584838867E-2,-7.858276367E-3,-1.902770996E-2
1.309979739E0,-8.410644531E-2,1.521759033E-1,-2.817077637E-1
1.359979739E0,-3.950347900E-1,3.323822021E-1,-3.458404541E-1
1.409979739E0,8.937072754E-2,2.346496582E-1,-3.552246094E-2
1.459979739E0,-1.977233887E-1,1.466827393E-1,-2.371063232E-1
1.509979739E0,2.292633057E-1,-2.705383301E-1,-1.693115234E-1
1.559979739E0,4.539489746E-2,2.084350586E-2,-2.456665039E-1
1.609979739E0,3.134155273E-2,4.026336670E-1,-9.843444824E-2
1.659979739E0,1.199188232E-1,2.260894775E-1,-4.774475098E-2
1.709979739E0,1.412963867E-1,-6.027221680E-3,4.180908203E-3
1.759979739E0,1.423645020E-2,2.523651123E-1,1.538391113E-1
1.809979739E0,1.938323975E-1,-4.512023926E-2,8.480834961E-2
1.859979739E0,-1.958923340E-1,4.563903809E-1,7.685852051E-2
1.909979739E0,-3.027954102E-1,-4.593048096E-1,-1.283874512E-1
1.959979739E0,1.761169434E-1,3.085632324E-1,3.004455566E-1
2.009979739E0,-9.209899902E-1,1.234741211E-1,2.861022949E-2
2.059979739E0,-6.150817871E-2,-1.288146973E-1,1.654357910E-1
2.109979739E0,-4.854431152E-1,1.869964600E-1,1.335144043E-2
2.159979739E0,1.131896973E-1,-1.947021484E-2,1.074066162E-1
2.209979739E0,1.522979736E-1,2.083740234E-1,1.394653320E-2
2.259979739E0,1.425170898E-1,4.918212891E-1,2.310180664E-2
2.309979739E0,2.793579102E-1,-1.519775391E-2,-4.379272461E-3
2.359979739E0,1.785583496E-1,-1.288146973E-1,-1.760253906E-1
2.409979739E0,-1.354217529E-1,1.118621826E-1,-1.564788818E-1
2.459979739E0,1.162567139E-1,-4.573059082E-2,-1.906890869E-1
2.509979739E0,-4.762878418E-1,6.420898438E-2,-2.884216309E-1
2.559979739E0,3.378295898E-2,2.254791260E-1,-1.289825439E-1
2.609979739E0,1.425170898E-1,-3.169708252E-1,-8.317565918E-2
2.659979739E0,7.775878906E-2,-1.935577393E-1,-4.652404785E-2
2.709979739E0,1.602325439E-1,1.833343506E-1,-3.613281250E-2
2.759979739E0,7.472229004E-2,4.956054688E-2,-9.843444824E-2
2.809979739E0,1.290740967E-1,-2.503662109E-1,6.159973145E-2
2.859979739E0,-1.692199707E-2,1.185760498E-1,-9.843444824E-2
2.909979739E0,3.386077881E-1,4.161071777E-2,1.519927979E-1
2.959979739E0,7.522583008E-3,2.303771973E-1,7.441711426E-2
3.009979739E0,-3.144073486E-1,-2.589263916E-1,-1.357116699E-1
3.059979739E0,2.217102051E-2,3.372650146E-1,-3.735351562E-2
3.109979739E0,-5.715789795E-1,6.481933594E-2,1.025238037E-1
3.159979739E0,-4.272460938E-4,-3.597259521E-1,1.440582275E-1
3.209979739E0,-3.498382568E-1,-4.206848145E-2,2.338562012E-1
3.259979739E0,1.974945068E-1,-1.801300049E-1,2.662353516E-1
3.309979739E0,2.584838867E-2,1.907348633E-3,1.587219238E-1
3.359979739E0,2.176513672E-1,1.088104248E-1,2.668457031E-1
3.409979739E0,2.549285889E-1,7.948303223E-2,1.074066162E-1
3.459979739E0,2.653045654E-1,1.405792236E-1,-8.439636230E-2
3.509979739E0,8.570861816E-2,2.248687744E-1,-1.454925537E-1
3.559979739E0,-4.274139404E-1,1.033020020E-1,-5.492706299E-1
3.609979739E0,-1.977233887E-1,6.873016357E-1,-9.355163574E-2
3.659979739E0,3.257904053E-1,-1.153564453E-2,-8.988952637E-2
3.709979739E0,-4.196166992E-2,-2.662506104E-1,-2.780456543E-1
3.759979739E0,1.034240723E-1,-2.033386230E-1,-1.283874512E-1
3.809979739E0,-2.178955078E-2,1.350402832E-2,-7.156372070E-2
3.859979739E0,2.872924805E-1,-5.062866211E-2,4.205322266E-2
3.909979739E0,1.309204102E-1,-1.641845703E-2,-6.668090820E-2
3.959979739E0,4.681243896E-1,-1.850128174E-1,1.214599609E-1
4.009979739E0,1.131896973E-1,1.149139404E-1,7.380676270E-2
4.059979739E0,-6.394958496E-2,2.236480713E-1,2.796630859E-1
4.109979739E0,-1.342010498E-1,-3.084106445E-1,-1.283874512E-1
4.159979739E0,-1.842956543E-1,4.386749268E-1,9.947204590E-2
4.209979739E0,-5.953979492E-1,-8.667449951E-1,-7.585144043E-2
4.259979739E0,-1.653442383E-1,-6.588745117E-2,1.752166748E-1
4.309979739E0,-1.342010498E-1,3.305053711E-2,1.581115723E-1
4.359979739E0,2.371978760E-1,-3.194122314E-1,1.416168213E-1
4.409979739E0,-4.255676270E-2,-7.139587402E-2,2.432250977E-2
4.459979739E0,1.296997070E-1,9.719848633E-2,1.410064697E-1
4.509979739E0,6.494140625E-2,-1.025543213E-1,-5.690002441E-2
4.559979739E0,4.051208496E-2,2.541961670E-1,7.380676270E-2
4.609979739E0,-7.084197998E-1,-3.774414062E-1,-2.505493164E-1
4.659979739E0,3.190612793E-1,3.836975098E-1,4.476623535E-1
4.709979739E0,-1.280822754E-1,-1.318664551E-1,6.526184082E-2
4.759979739E0,-1.806182861E-1,-2.393798828E-1,-2.194061279E-1
4.809979739E0,-8.410644531E-2,2.401428223E-1,-3.247070312E-2
4.859979739E0,6.250000000E-2,-3.658294678E-1,9.152221680E-2
4.909979739E0,1.999359131E-1,-7.858276367E-3,2.338562012E-1
4.959979739E0,-8.776855469E-2,1.088104248E-1,1.104583740E-1
5.009979739E0,3.605957031E-1,-9.704589844E-2,4.012298584E-1
5.059979739E0,7.472229004E-2,5.235900879E-1,2.027130127E-1
5.109979739E0,-3.504333496E-1,-7.708435059E-1,-1.631927490E-1
5.159979739E0,-5.050659180E-2,8.504028320E-1,3.175506592E-1
5.209979739E0,-5.147705078E-1,-2.461090088E-1,9.886169434E-2
5.259979739E0,-1.448059082E-2,-1.373596191E-1,2.906646729E-1
5.309979739E0,-5.050659180E-2,3.123474121E-2,1.837615967E-1
5.359979739E0,2.280426025E-1,-2.057800293E-1,2.008666992E-1
5.409979739E0,2.256011963E-1,1.595001221E-1,4.815673828E-2
5.459979739E0,3.551025391E-1,8.865356445E-2,3.105163574E-2
5.509979739E0,1.119689941E-1,-1.630249023E-1,-2.627716064E-1
5.559979739E0,3.367767334E-1,6.720275879E-1,-5.323791504E-2
5.609979739E0,-6.467132568E-1,-5.985717773E-1,-7.245941162E-1
5.659979739E0,6.555175781E-2,3.891906738E-1,-1.515960693E-1
5.709979739E0,-2.716369629E-1,-3.175659180E-1,-2.529907227E-1
5.759979739E0,-1.867370605E-1,2.694702148E-1,-2.542114258E-1
5.809979739E0,-1.244201660E-1,8.131408691E-2,-2.132873535E-1
5.859979739E0,2.445373535E-1,-3.786621094E-1,-8.378601074E-2
5.909979739E0,4.522399902E-1,-2.173919678E-1,1.202392578E-1
5.959979739E0,-2.789306641E-2,9.048461914E-2,5.731201172E-2
6.009979739E0,2.756958008E-1,6.665039062E-2,2.540130615E-1
6.059979739E0,-3.272247314E-1,2.896270752E-1,1.507720947E-1
6.109979739E0,-3.076782227E-1,2.969512939E-1,-1.332702637E-1
6.159979739E0,-2.875213623E-1,-7.872009277E-2,3.053283691E-1
6.209979739E0,-4.457397461E-1,1.717224121E-1,8.358764648E-2
6.259979739E0,1.089324951E-1,-3.615570068E-1,3.774108887E-1
6.309979739E0,9.120178223E-2,-1.037750244E-1,1.666564941E-1
6.359979739E0,3.233337402E-1,-7.444763184E-2,2.063751221E-1
6.409979739E0,3.935852051E-1,-4.817199707E-2,-5.752563477E-2
6.459979739E0,3.233337402E-1,-2.290039062E-1,-1.815185547E-1
6.509979739E0,-5.233764648E-2,1.613464355E-1,-3.800659180E-1
6.559979739E0,3.508300781E-1,3.305053711E-2,-6.301879883E-2
6.609979739E0,-5.025482178E-1,4.270629883E-1,-6.836547852E-1
6.659979739E0,3.744506836E-2,7.826232910E-2,-1.265411377E-1
6.709979739E0,-4.109191895E-1,-3.572845459E-1,-4.991760254E-1
6.759979739E0,2.775268555E-1,1.130828857E-1,1.348876953E-1
6.809979739E0,6.555175781E-2,1.711120605E-1,1.823425293E-2
6.859979739E0,4.265747070E-1,-3.548278809E-1,2.161407471E-1
6.909979739E0,1.911926270E-2,7.826232910E-2,6.587219238E-2
6.959979739E0,1.767272949E-1,-5.490112305E-2,2.692871094E-1
7.009979739E0,1.620635986E-1,3.745422363E-1,2.802886963E-1
7.059979739E0,8.204650879E-2,7.068481445E-1,3.566436768E-1
7.109979739E0,-4.530792236E-1,-4.452362061E-1,-1.841735840E-2
7.159979739E0,-3.052368164E-1,2.163238525E-1,1.159667969E-1
7.209979739E0,-7.273406982E-1,1.509552002E-1,-4.896545410E-2
7.259979739E0,-1.647949219E-3,-2.913055420E-1,2.033081055E-1
7.309979739E0,-4.623413086E-2,-9.689331055E-3,6.953430176E-2
7.359979739E0,2.885131836E-1,-1.789093018E-1,1.128997803E-1
7.409979739E0,1.748962402E-1,-2.772521973E-1,-3.753662109E-3
7.459979739E0,3.306732178E-1,-1.226959229E-1,-8.988952637E-2
7.509979739E0,2.217102051E-2,-2.210540771E-1,-2.731628418E-1
7.559979739E0,5.577087402E-2,2.193756104E-1,-2.462768555E-1
7.609979739E0,-7.646179199E-1,1.686706543E-1,-5.175018311E-1
7.659979739E0,2.262115479E-1,1.613464355E-1,2.552337646E-1
7.709979739E0,-4.231262207E-1,4.974365234E-3,2.128601074E-2
7.759979739E0,1.403808594E-3,-1.587524414E-1,-6.546020508E-2
7.809979739E0,-3.462219238E-2,1.167449951E-1,-9.661865234E-2
7.859979739E0,1.816101074E-1,-5.643615723E-1,-9.295654297E-2
7.909979739E0,6.616210938E-2,-1.660766602E-1,-1.540374756E-1
7.959979739E0,3.184509277E-1,5.444335938E-2,-8.744812012E-2
8.009979739E0,1.241912842E-1,2.877807617E-2,-1.002807617E-1
8.059979739E0,-1.158752441E-1,6.964721680E-1,1.648406982E-1
8.109979739E0,-2.606506348E-1,1.533966064E-1,-3.125000000E-2
8.159979739E0,-3.589935303E-1,1.967773438E-1,3.444213867E-1
8.209979739E0,-4.683380127E-1,-9.119567871E-1,1.159667969E-1
8.259979739E0,1.694030762E-1,2.755737305E-2,3.230438232E-1
8.309979739E0,6.738281250E-2,-1.702880859E-2,2.479095459E-1
8.359979739E0,2.304840088E-1,-1.844024658E-1,2.961730957E-1
8.409979739E0,2.738494873E-1,-2.801513672E-2,1.165618896E-1
8.459979739E0,1.694030762E-1,3.305053711E-2,5.401611328E-3
8.509979739E0,1.028137207E-1,-3.169708252E-1,-3.831024170E-1
8.559979739E0,-2.435455322E-1,1.259155273E-1,-3.928833008E-1
8.609979739E0,-4.280242920E-1,2.731323242E-1,-4.747467041E-1
8.659979739E0,-3.479919434E-1,1.686706543E-1,1.049652100E-1
8.709979739E0,-4.042053223E-1,-2.063903809E-1,-4.845123291E-1
8.759979739E0,1.895599365E-1,-2.975463867E-3,-1.312255859E-3
8.809979739E0,-2.667236328E-2,5.749511719E-2,-1.522064209E-1
8.859979739E0,1.950531006E-1,-4.397430420E-1,2.185821533E-1
8.909979739E0,1.742858887E-1,-7.566833496E-2,-8.744812012E-2
8.959979739E0,3.037872314E-1,-1.654663086E-1,5.487060547E-2
9.009979739E0,4.235229492E-1,4.148559570E-1,-4.103088379E-2
9.059979739E0,1.498565674E-1,2.108154297E-1,-5.934143066E-2
9.109979739E0,-8.776855469E-2,-1.642456055E-1,-3.979492188E-2
9.159979739E0,-3.406677246E-1,2.212066650E-1,3.425903320E-1
9.209979739E0,-3.321075439E-1,2.566375732E-1,1.519927979E-1
9.259979739E0,1.077117920E-1,-3.701019287E-1,3.511505127E-1
9.309979739E0,1.675720215E-1,-1.819610596E-1,6.404113770E-2
9.359979739E0,2.414855957E-1,-4.145812988E-2,1.055755615E-1
9.409979739E0,3.544921875E-1,-1.630249023E-1,-2.090148926E-1
9.459979739E0,1.865081787E-1,-1.324768066E-1,-3.519592285E-1
9.509979739E0,1.993255615E-1,-1.654663086E-1,-3.214111328E-1
9.559979739E0,-1.543426514E-1,-1.367645264E-1,-4.387054443E-1
9.609979739E0,-1.848907471E-1,2.010498047E-1,-5.736999512E-1
9.659979739E0,4.783630371E-2,9.414672852E-2,-1.644134521E-1
9.709979739E0,-5.502014160E-1,-3.163452148E-1,-5.449829102E-1
9.759979739E0,-1.610717773E-1,1.576843262E-1,-1.027221680E-1
9.809979739E0,1.272583008E-1,3.030548096E-1,6.587219238E-2
9.859979739E0,2.158203125E-1,8.636474609E-3,4.329986572E-1
9.909979739E0,7.226562500E-2,2.034912109E-1,2.705078125E-1
9.959979739E0,-1.263427734E-2,-3.377380371E-1,3.413696289E-1
1.000997974E1,7.531738281E-2,1.008621216E0,3.364868164E-1
1.005997974E1,-5.251464844E-1,-5.955200195E-1,-5.874633789E-2
1.010997974E1,5.691528320E-3,3.922576904E-1,2.564544678E-1
1.015997974E1,-4.982757568E-1,2.572631836E-2,1.245117188E-1
1.020997974E1,-2.129974365E-1,-9.399414062E-2,3.083953857E-1
1.025997974E1,9.852600098E-2,-3.096313477E-1,3.645935059E-1
1.030997974E1,2.726287842E-1,-1.318664551E-1,1.287841797E-1
1.035997974E1,2.897338867E-1,-2.961883545E-1,9.579467773E-2
1.040997974E1,2.799682617E-1,-2.618408203E-2,-1.656341553E-1
1.045997974E1,1.113739014E-1,-2.008972168E-1,-1.693115234E-1
1.050997974E1,2.213134766E-1,3.348236084E-1,-1.802978516E-1
1.055997974E1,-4.542999268E-1,6.910705566E-2,-4.631347656E-1
1.060997974E1,3.805541992E-2,3.653717041E-1,-8.073425293E-2
1.065997974E1,-3.571624756E-1,3.182983398E-2,-1.082153320E-1
1.070997974E1,-1.299133301E-1,-1.754760742E-3,-1.674804688E-1
1.075997974E1,-2.301025391E-2,3.995819092E-1,-3.491210938E-2
1.080997974E1,1.974945068E-1,-2.192230225E-1,3.593444824E-2
1.085997974E1,1.351928711E-1,-3.132934570E-1,8.724975586E-2
1.090997974E1,-4.684448242E-2,-6.120147705E-1,-3.330230713E-1
1.095997974E1,1.290740967E-1,5.926055908E-1,-3.125000000E-2
1.100997974E1,1.351928711E-1,5.852813721E-1,-1.170349121E-2
1.105997974E1,-2.050628662E-1,-1.642456055E-1,-3.544006348E-1
1.110997974E1,-1.024322510E-1,4.398956299E-1,2.167510986E-1
1.115997974E1,-1.448059082E-2,-3.725585938E-1,1.672821045E-1
1.120997974E1,-1.476440430E-1,7.093811035E-2,2.173614502E-1
1.125997974E1,1.179504395E-2,-3.646087646E-1,7.441711426E-2
1.130997974E1,3.196716309E-1,-3.102416992E-1,2.515716553E-1
1.135997974E1,1.400756836E-1,-2.259368896E-1,2.393493652E-1
1.140997974E1,2.909545898E-1,-2.344970703E-1,1.330718994E-1
1.145997974E1,-2.044372559E-1,-1.153564453E-2,-9.173583984E-2
1.150997974E1,4.966735840E-2,1.485137939E-1,5.609130859E-2
1.155997974E1,-8.122558594E-1,2.841339111E-1,-6.115722656E-1
1.160997974E1,1.706237793E-1,2.853546143E-1,6.892395020E-2
1.165997974E1,-4.090881348E-1,2.883911133E-1,-1.534271240E-1
1.170997974E1,-2.851867676E-2,-1.702880859E-2,-2.542114258E-1
1.175997974E1,1.101531982E-1,1.240692139E-1,-9.843444824E-2
1.180997974E1,3.459472656E-1,-3.951416016E-1,1.379547119E-1
1.185997974E1,3.141784668E-1,-1.923370361E-1,7.992553711E-2
1.190997974E1,6.799316406E-2,-2.424316406E-1,1.394653320E-2
1.195997974E1,1.858978271E-1,7.154846191E-2,8.969116211E-2
1.200997974E1,2.817993164E-1,9.328765869E-1,2.698974609E-1
1.205997974E1,-2.478179932E-1,-5.051116943E-1,6.709289551E-2
1.210997974E1,-6.578063965E-2,2.829132080E-1,1.917114258E-1
1.215997974E1,-3.351745605E-1,1.601257324E-1,1.978149414E-1
1.220997974E1,-3.199005127E-1,1.228332520E-2,1.355133057E-1
1.225997974E1,-8.959960938E-2,-2.595367432E-1,6.037902832E-2
1.230997974E1,3.276062012E-1,-3.218536377E-1,2.619628906E-1
1.235997974E1,4.295349121E-2,-2.509918213E-1,4.205322266E-2
1.240997974E1,2.420959473E-1,-2.210540771E-1,5.242919922E-2
1.245997974E1,-8.593750000E-2,5.932617188E-2,-1.497497559E-1
1.250997974E1,2.292633057E-1,2.028808594E-1,3.044128418E-2
1.255997974E1,-7.737731934E-2,2.938995361E-1,-2.523803711E-1
1.260997974E1,3.398284912E-1,2.651824951E-1,1.196289062E-1
1.265997974E1,-3.327331543E-1,-2.711486816E-1,-7.585144043E-2
1.270997974E1,-3.797607422E-1,1.204071045E-1,3.961181641E-2
1.275997974E1,-3.767395020E-2,1.222534180E-1,2.338562012E-1
1.280997974E1,5.393981934E-2,-2.186126709E-1,2.986145020E-1
1.285997974E1,7.226562500E-2,-4.098052979E-1,4.806518555E-1
1.290997974E1,-6.028747559E-2,4.832458496E-2,2.265319824E-1
1.295997974E1,4.033660889E-1,1.515655518E-1,5.655517578E-1
1.300997974E1,4.461212158E-1,1.012893677E0,6.235961914E-1
1.305997974E1,3.378295898E-2,2.438049316E-1,8.471679688E-1
1.310997974E1,1.423645020E-2,-3.023071289E-1,4.598693848E-1
1.315997974E1,-2.728576660E-1,1.155242920E-1,6.517028809E-1
1.320997974E1,-4.188690186E-1,2.151031494E-1,5.337982178E-1
1.325997974E1,-1.763458252E-1,-3.230743408E-1,4.757537842E-1
1.330997974E1,-1.201477051E-1,-1.477508545E-1,5.912170410E-1
1.335997974E1,5.944824219E-2,-4.342498779E-1,6.962890625E-1
1.340997974E1,9.242248535E-2,-3.823242188E-1,5.631103516E-1
1.345997974E1,1.486206055E-1,-1.300354004E-1,4.574279785E-1
1.350997974E1,1.657257080E-1,7.704162598E-2,5.197448730E-1
1.355997974E1,-1.054840088E-1,9.170532227E-2,4.617156982E-1
1.360997974E1,1.535186768E-1,3.836975098E-1,7.121734619E-1
1.365997974E1,-1.080322266E-2,4.161071777E-2,1.109237671E0
1.370997974E1,-4.885101318E-1,3.128051758E-3,7.225494385E-1
1.375997974E1,-1.574096680E-1,-6.222534180E-2,9.278106689E-1
1.380997974E1,-7.249450684E-2,2.725219727E-1,8.936004639E-1
1.385997974E1,4.173278809E-2,-2.693176270E-1,1.062194824E0
1.390997974E1,-1.995849609E-2,-8.970642090E-2,9.168090820E-1
1.395997974E1,1.596221924E-1,-2.949676514E-1,1.030426025E0
1.400997974E1,2.097167969E-1,-8.544921875E-2,8.129577637E-1
1.405997974E1,4.778900146E-1,2.609100342E-1,9.687347412E-1
1.410997974E1,4.620056152E-1,2.047119141E-1,6.407012939E-1
1.415997974E1,1.015930176E-1,4.869384766E-1,9.864501953E-1
1.420997974E1,-4.225311279E-1,-3.157348633E-1,4.433898926E-1
1.425997974E1,-7.310485840E-2,6.720275879E-1,9.070434570E-1
1.430997974E1,-2.343750000E-1,-1.397705078E-2,7.164459229E-1
1.435997974E1,1.911926270E-2,-2.784729004E-1,9.546813965E-1
1.440997974E1,-1.464080811E-1,2.389526367E-2,6.046600342E-1
1.445997974E1,1.596221924E-1,2.511596680E-2,7.567596436E-1
1.450997974E1,8.204650879E-2,8.636474609E-3,4.653778076E-1
1.455997974E1,-3.803710938E-1,9.353637695E-2,1.281738281E-1
1.460997974E1,-6.821441650E-1,2.492980957E-1,-1.137237549E-1
1.465997974E1,6.037292480E-1,1.240692139E-1,7.457580566E-1
1.470997974E1,-1.659698486E-1,-1.318664551E-1,2.063751221E-1
1.475997974E1,1.498565674E-1,-1.795196533E-1,1.465148926E-1
1.480997974E1,-1.696319580E-1,2.389221191E-1,1.272583008E-2
1.485997974E1,1.119689941E-1,-1.135406494E-1,3.798522949E-1
1.490997974E1,-1.274719238E-1,-4.878234863E-2,1.770477295E-1
1.495997974E1,4.174041748E-1,-1.691284180E-1,5.472412109E-1
1.500997974E1,1.718444824E-1,-1.636352539E-1,3.578643799E-1
1.505997974E1,4.161834717E-1,3.415527344E-1,5.680084229E-1
1.510997974E1,-1.855163574E-1,5.773468018E-1,4.421691895E-1
1.515997974E1,7.104492188E-2,-1.898956299E-1,3.890228271E-1
1.520997974E1,-3.730468750E-1,-5.063323975E-1,3.774108887E-1
1.525997974E1,-4.426727295E-1,2.883911133E-1,2.937316895E-1
1.530997974E1,-2.411041260E-1,-9.765625000E-2,2.057647705E-1
1.535997974E1,1.229705811E-1,-4.770050049E-1,3.835144043E-1
1.540997974E1,-1.195373535E-1,2.145385742E-2,3.328247070E-1
1.545997974E1,1.728820801E-2,-2.894744873E-1,2.372741699E-2
1.550997974E1,1.057434082E-2,9.902954102E-2,-7.156372070E-2
1.555997974E1,1.748962402E-1,2.511444092E-1,-3.308105469E-2
1.560997974E1,-8.049316406E-1,-2.558746338E-1,-2.774200439E-1
1.565997974E1,-8.532714844E-2,3.250579834E-1,2.188110352E-2
1.570997974E1,3.500366211E-2,-2.754211426E-1,4.085693359E-1
1.575997974E1,-2.233886719E-1,1.312255859E-3,-9.843444824E-2
1.580997974E1,5.761718750E-2,3.134460449E-1,8.453369141E-3
1.585997974E1,2.677459717E-1,-8.177185059E-2,-9.477233887E-2
1.590997974E1,6.738281250E-2,3.391113281E-1,-5.874633789E-2
1.595997974E1,1.057434082E-2,-4.196166992E-3,9.396362305E-2
1.600997974E1,7.409667969E-2,1.106262207E-2,6.404113770E-2
1.605997974E1,3.245544434E-1,2.028808594E-1,3.761901855E-1
1.610997974E1,7.287597656E-2,1.643981934E-1,1.330718994E-1
1.615997974E1,2.708129883E-1,1.576843262E-1,1.636199951E-1
1.620997974E1,-2.783508301E-1,-3.725585938E-1,2.448577881E-1
1.625997974E1,-5.587463379E-1,3.311614990E-1,-1.900787354E-1
1.630997974E1,2.371978760E-1,4.710388184E-2,3.499298096E-1
1.635997974E1,2.714080811E-1,-8.544921875E-2,1.373291016E-1
1.640997974E1,3.489990234E-1,-2.923583984E-2,2.711181641E-1
1.645997974E1,3.043975830E-1,-1.392059326E-1,-1.173858643E-1
1.650997974E1,3.202819824E-1,-1.245422363E-1,1.129150391E-3
1.655997974E1,6.372070312E-2,-8.848571777E-2,-2.023010254E-1
1.660997974E1,-6.784820557E-1,-4.373016357E-1,-4.912414551E-1
1.665997974E1,9.976196289E-2,2.816925049E-1,-2.523803711E-1
1.670997974E1,-3.828430176E-2,1.613464355E-1,7.870483398E-2
1.675997974E1,-3.858795166E-1,-3.847656250E-1,-1.992340088E-1
1.680997974E1,1.138153076E-1,1.723480225E-1,-1.902770996E-2
1.685997974E1,1.529083252E-1,3.753662109E-3,2.173614502E-1
1.690997974E1,1.675720215E-1,-8.177185059E-2,2.344665527E-1
1.695997974E1,4.112243652E-2,8.375549316E-2,1.978149414E-1
1.700997974E1,4.216918945E-1,3.806457520E-1,2.185821533E-1
1.705997974E1,3.233337402E-1,8.302459717E-1,1.776580811E-1
1.710997974E1,-4.921722412E-1,-4.849548340E-1,-1.864166260E-1
1.715997974E1,4.295349121E-2,4.906005859E-1,-8.927917480E-2
1.720997974E1,-6.271667480E-1,-1.532440186E-1,2.349853516E-3
1.725997974E1,-1.121978760E-1,-1.000976562E-1,-2.880859375E-2
1.730997974E1,4.356384277E-2,-2.344970703E-1,2.405700684E-1
1.735997974E1,4.253540039E-1,-5.856323242E-2,-1.780700684E-2
1.740997974E1,1.498565674E-1,-2.796936035E-1,3.532409668E-2
1.745997974E1,2.243804932E-1,-3.597259521E-1,-1.167602539E-1
1.750997974E1,1.089324951E-1,3.244476318E-1,-1.198272705E-1
1.755997974E1,2.066650391E-1,4.466247559E-2,-9.355163574E-2
1.760997974E1,-1.128082275E-1,-5.655822754E-1,-3.226318359E-1
1.765997974E1,-3.321075439E-1,3.182983398E-2,-8.040008545E-1
1.770997974E1,3.744506836E-2,-6.283569336E-2,-4.469299316E-2
1.775997974E1,-1.494598389E-1,-3.059692383E-1,-1.772460938E-1
1.780997974E1,3.256225586E-2,2.340393066E-1,3.837585449E-2
1.785997974E1,1.266326904E-1,-4.695129395E-2,1.300048828E-1
1.790997974E1,4.905700684E-2,-1.031494141E-1,2.393493652E-1
1.795997974E1,-1.037597656E-3,-2.313232422E-2,2.558441162E-1
1.800997974E1,2.371978760E-1,-5.856323242E-2,2.472991943E-1
1.805997974E1,2.677459717E-1,9.951782227E-1,1.685028076E-1
1.810997974E1,-2.973022461E-1,-4.519653320E-1,7.931518555E-2
1.815997974E1,2.005462646E-1,5.322265625E-2,7.563781738E-2
1.820997974E1,-4.371948242E-1,-1.563110352E-1,-7.034301758E-2
1.825997974E1,-5.214843750E-1,-2.919158936E-1,-1.338806152E-1
1.830997974E1,3.500366211E-2,-1.257629395E-1,8.175659180E-2
1.835997974E1,1.272583008E-1,-2.742004395E-1,2.799987793E-2
1.840997974E1,1.101531982E-1,-7.505798340E-2,8.908081055E-2
1.845997974E1,1.968841553E-1,1.307983398E-1,-5.628967285E-2
1.850997974E1,2.194976807E-1,-1.043701172E-1,-6.484985352E-2
1.855997974E1,1.125946045E-1,3.421630859E-1,-2.114562988E-1
1.860997974E1,-9.057312012E-1,-4.672393799E-1,-5.266571045E-1
1.865997974E1,6.250000000E-2,3.568115234E-1,-4.774475098E-2
1.870997974E1,-2.093353271E-1,-1.660766602E-1,-5.599975586E-3
1.875997974E1,-2.294921875E-1,-3.230743408E-1,-2.639923096E-1
1.880997974E1,1.431427002E-1,2.511444092E-1,1.028442383E-2
1.885997974E1,1.400756836E-1,-6.712341309E-2,4.386901855E-2
1.890997974E1,3.428802490E-1,8.865356445E-2,2.002563477E-1
1.895997974E1,2.200927734E-1,6.790161133E-3,1.904907227E-1
1.900997974E1,3.667144775E-1,1.558380127E-1,3.004455566E-1
1.905997974E1,5.304260254E-1,9.066009521E-1,3.358764648E-1
1.910997974E1,-1.433563232E-1,-2.570953369E-1,2.112579346E-1
1.915997974E1,-1.080322266E-2,1.717224121E-1,1.269531250E-1
1.920997974E1,-5.666809082E-1,-5.900115967E-1,-1.283874512E-1
1.925997974E1,-1.256408691E-1,-3.045654297E-2,1.300048828E-1
1.930997974E1,-1.830749512E-1,1.802825928E-1,1.019134521E-1
1.935997974E1,2.256011963E-1,-2.308197021E-1,1.611633301E-1
1.940997974E1,-3.340148926E-2,9.048461914E-2,-5.752563477E-2
1.945997974E1,2.445373535E-1,-1.184387207E-1,-1.772460938E-1
1.950997974E1,8.448791504E-2,-1.373596191E-1,-1.974029541E-1
1.955997974E1,5.027770996E-2,1.698913574E-1,-4.896545410E-2
1.960997974E1,-5.831909180E-1,-5.490875244E-1,-4.319763184E-1
1.965997974E1,1.865081787E-1,1.173553467E-1,5.609130859E-2
1.970997974E1,-6.680908203E-1,-1.239166260E-1,-2.609405518E-1
1.975997974E1,1.089324951E-1,1.466827393E-1,-8.256530762E-2
1.980997974E1,-1.629028320E-1,3.336029053E-1,-2.148437500E-2
1.985997974E1,5.883789062E-2,-1.446990967E-1,2.494812012E-2
1.990997974E1,1.840667725E-1,1.312255859E-3,1.972045898E-1
1.995997974E1,2.219390869E-1,3.916931152E-2,1.116790771E-1
2.000997974E1,2.769165039E-1,8.804321289E-2,1.458892822E-1
2.005997974E1,2.231597900E-1,9.976196289E-1,2.949523926E-1
2.010997974E1,-2.423248291E-1,-5.613098145E-1,-2.279510498E-1
2.015997974E1,-1.910095215E-1,-2.717590332E-1,6.892395020E-2
2.020997974E1,-1.977233887E-1,-1.672973633E-1,7.624816895E-2
2.025997974E1,-5.978546143E-1,-2.943572998E-1,-4.209747314E-1
2.030997974E1,4.470825195E-3,-4.415740967E-1,-3.857421875E-2
2.035997974E1,1.101531982E-1,5.052642822E-1,-2.148437500E-2
2.040997974E1,3.282318115E-1,-4.084777832E-2,-2.636718750E-2
2.045997974E1,3.037872314E-1,-1.477508545E-1,-2.270507812E-2
2.050997974E1,1.046447754E-1,-1.581268311E-1,-3.580627441E-1
2.055997974E1,4.387969971E-1,7.704162598E-2,-7.522583008E-2
2.060997974E1,-2.575836182E-1,1.656188965E-1,-7.013702393E-1
2.065997974E1,-6.028747559E-2,-1.618041992E-1,-1.442718506E-1
2.070997974E1,-6.503753662E-1,-8.177185059E-2,-2.890472412E-1
2.075997974E1,2.213134766E-1,1.729431152E-1,3.166198730E-2
2.080997974E1,-1.274719238E-1,4.997711182E-1,1.739501953E-3
2.085997974E1,3.343353271E-1,-9.643554688E-2,2.320251465E-1
2.090997974E1,1.046447754E-1,1.356811523E-1,1.959838867E-1
2.095997974E1,3.160095215E-1,-6.893920898E-2,3.120574951E-1
2.100997974E1,2.964630127E-1,7.404479980E-1,2.698974609E-1
2.105997974E1,-2.416992188E-1,-4.660186768E-1,2.173614502E-1
2.110997974E1,9.353637695E-3,1.283569336E-1,1.923217773E-1
2.115997974E1,-4.524536133E-1,4.588317871E-2,1.935424805E-1
2.120997974E1,-6.381683350E-1,-8.726501465E-2,6.892395020E-2
2.125997974E1,-1.268615723E-1,-4.000396729E-1,1.593322754E-1
2.130997974E1,1.095275879E-1,2.541961670E-1,2.424163818E-1
2.135997974E1,2.543029785E-1,-2.925262451E-1,2.155303955E-1
2.140997974E1,1.559600830E-1,-2.314453125E-1,4.449462891E-2
2.145997974E1,1.400756836E-1,-2.045593262E-1,-1.784667969E-1
2.150997974E1,3.593750000E-1,3.629302979E-1,5.059814453E-2
2.155997974E1,-1.702270508E-1,-4.892272949E-1,-1.546478271E-1
2.160997974E1,-1.775665283E-1,1.179656982E-1,-1.980133057E-1
2.165997974E1,-3.895416260E-1,3.060913086E-2,-6.362915039E-2
2.170997974E1,-2.569732666E-1,1.027069092E-1,1.579284668E-2
2.175997974E1,-9.143066406E-2,3.782043457E-1,7.075500488E-2
2.180997974E1,1.327514648E-1,-2.644348145E-1,2.494812012E-2
2.185997974E1,1.920013428E-1,5.932617188E-2,2.020874023E-1
2.190997974E1,9.852600098E-2,-2.862548828E-2,3.532409668E-2
2.195997974E1,3.086853027E-1,-3.627777100E-1,2.625732422E-1
2.200997974E1,2.744750977E-1,7.722167969E-1,1.617736816E-1
2.205997974E1,-3.522796631E-1,3.733825684E-2,1.843872070E-1
2.210997974E1,1.443634033E-1,1.265106201E-1,1.006927490E-1
2.215997974E1,-3.241729736E-1,-2.070007324E-1,2.149200439E-1
2.220997974E1,-3.040161133E-1,-1.813507080E-1,-4.408264160E-2
2.225997974E1,-1.207580566E-1,1.472930908E-1,2.173614502E-1
2.230997974E1,2.237701416E-1,-2.308197021E-1,-1.118774414E-1
2.235997974E1,2.217102051E-2,6.790161133E-3,-8.041381836E-3
2.240997974E1,3.208923340E-1,-4.389953613E-2,-2.023010254E-1
2.245997974E1,1.700134277E-1,2.389221191E-1,-1.473083496E-1
2.250997974E1,3.783111572E-1,2.462463379E-1,-5.812072754E-2
2.255997974E1,-1.213684082E-1,-6.688232422E-1,-2.652130127E-1
2.260997974E1,-3.901519775E-1,-1.611938477E-1,-7.038269043E-1
2.265997974E1,-5.123291016E-1,4.790039062E-1,-2.175598145E-1
2.270997974E1,-5.104980469E-1,-5.735321045E-1,-2.627716064E-1
2.275997974E1,-2.607727051E-2,4.203491211E-1,4.876708984E-2
2.280997974E1,2.145996094E-1,1.027069092E-1,3.410339355E-2
2.285997974E1,2.414855957E-1,-2.314453125E-1,2.922058105E-2
2.290997974E1,3.378295898E-2,2.144927979E-1,2.983093262E-2
2.295997974E1,4.559020996E-1,-7.749938965E-2,1.990356445E-1
2.300997974E1,3.581542969E-1,9.835662842E-1,4.815673828E-2
2.305997974E1,-1.164703369E-1,-4.562377930E-1,-1.204376221E-1
2.310997974E1,1.229705811E-1,1.265106201E-1,1.355133057E-1
2.315997974E1,-3.602142334E-1,-2.693176270E-1,1.239013672E-1
2.320997974E1,-4.689483643E-1,1.894378662E-1,1.760864258E-2
2.325997974E1,6.555175781E-2,-1.831817627E-1,-8.500671387E-2
2.330997974E1,4.082489014E-1,3.916931152E-2,1.623840332E-1
2.335997974E1,1.423645020E-2,2.389526367E-2,-8.744812012E-2
2.340997974E1,4.661560059E-2,-4.873962402E-1,-8.988952637E-2
2.345997974E1,-4.089355469E-3,-8.604431152E-2,-3.568420410E-1
2.350997974E1,3.141784668E-1,4.087371826E-1,-9.417724609E-2
2.355997974E1,-7.621765137E-1,-4.721221924E-1,-6.879425049E-1
2.360997974E1,6.677246094E-2,3.513183594E-1,-9.155273438E-5
2.365997974E1,-3.296661377E-1,-1.029968262E-2,1.884460449E-2
2.370997974E1,5.027770996E-2,1.705017090E-1,1.457214355E-2
2.375997974E1,1.174774170E-1,3.268890381E-1,1.843872070E-1
2.380997974E1,2.665252686E-1,-3.694915771E-1,2.118682861E-1
2.385997974E1,7.165527344E-2,-1.856231689E-1,2.301940918E-1
2.390997974E1,2.842407227E-1,-3.462829590E-1,4.180908203E-3
2.395997974E1,3.404388428E-1,5.749053955E-1,3.187713623E-1
2.400997974E1,2.494201660E-1,4.832458496E-2,2.485198975E-1
2.405997974E1,-1.684112549E-1,-1.282043457E-1,-3.580627441E-1
2.410997974E1,-1.073150635E-1,1.924896240E-1,1.067962646E-1
2.415997974E1,-3.779296875E-1,-1.905059814E-1,1.153411865E-1
2.420997974E1,-2.539215088E-1,2.877807617E-2,1.935424805E-1
2.425997974E1,2.481994629E-1,-1.703491211E-1,2.888336182E-1
2.430997974E1,1.974945068E-1,-1.062164307E-1,1.782684326E-1
2.435997974E1,1.822204590E-1,-9.948730469E-2,6.770324707E-2
2.440997974E1,1.822204590E-1,4.222106934E-2,-9.233093262E-2
2.445997974E1,3.927612305E-2,1.815032959E-1,-1.326446533E-1
2.450997974E1,3.471679688E-1,3.060913086E-2,6.221008301E-2
2.455997974E1,-5.318756104E-1,-1.404266357E-1,-5.840911865E-1
2.460997974E1,-1.476440430E-1,1.570587158E-1,-8.744812012E-2
2.465997974E1,-5.135498047E-1,-1.526336670E-1,-3.979492188E-2
2.470997974E1,1.248168945E-1,-6.344604492E-2,7.258605957E-2
2.475997974E1,-2.363586426E-2,2.877960205E-1,-5.323791504E-2
2.480997974E1,1.785583496E-1,-3.444519043E-1,8.358764648E-2
2.485997974E1,6.127929688E-2,6.115722656E-2,6.343078613E-2
2.490997974E1,3.422698975E-1,-3.591156006E-1,2.576751709E-1
2.495997974E1,3.074645996E-1,6.726379395E-1,1.416168213E-1
2.500997974E1,-9.082031250E-2,-4.562377930E-1,1.862030029E-1
2.505997974E1,2.591857910E-1,6.457672119E-1,1.031341553E-1
2.510997974E1,-4.860534668E-1,-4.006500244E-1,2.857818604E-1
2.515997974E1,-4.359741211E-1,7.629394531E-5,1.556701660E-1
2.520997974E1,-1.299133301E-1,4.967041016E-1,2.515716553E-1
2.525997974E1,1.852874756E-1,-4.593048096E-1,2.619628906E-1
2.530997974E1,1.565704346E-1,6.420898438E-2,1.159667969E-1
2.535997974E1,2.787475586E-1,-3.297882080E-1,5.426025391E-2
2.540997974E1,1.694030762E-1,-2.063903809E-1,-2.077941895E-1
2.545997974E1,3.074645996E-1,3.922576904E-1,-2.041320801E-1
2.550997974E1,-3.492126465E-1,-7.543487549E-1,-3.012542725E-1
2.555997974E1,-9.692382812E-2,4.643402100E-1,-2.377319336E-1
2.560997974E1,2.095031738E-2,1.869964600E-1,9.519958496E-2
2.565997974E1,-2.221527100E-1,-1.770782471E-1,-2.392578125E-2
2.570997974E1,4.722595215E-2,2.969512939E-1,-4.957580566E-2
2.575997974E1,1.620635986E-1,-1.892852783E-1,1.397857666E-1
2.580997974E1,2.799682617E-1,-1.013336182E-1,2.607421875E-1
2.585997974E1,2.646942139E-1,8.804321289E-2,2.613525391E-1
2.590997974E1,6.532135010E-1,-1.746368408E-1,3.425903320E-1
2.595997974E1,4.681243896E-1,8.259735107E-1,9.030151367E-2
2.600997974E1,-3.157043457E-2,-3.505554199E-1,3.914642334E-1
2.605997974E1,4.470825195E-3,8.314514160E-2,1.123046875E-1
2.610997974E1,-3.382263184E-1,-4.196166992E-3,1.116790771E-1
2.615997974E1,-4.103088379E-1,2.205963135E-1,-2.941894531E-2
2.620997974E1,-3.082885742E-1,-2.906951904E-1,-1.424255371E-1
2.625997974E1,7.838439941E-2,-5.062866211E-2,6.648254395E-2
2.630997974E1,6.860351562E-2,2.993927002E-1,-1.338806152E-1
2.635997974E1,2.842407227E-1,-1.153717041E-1,-6.607055664E-2
2.640997974E1,-1.513061523E-1,-1.954040527E-1,-4.429779053E-1
2.645997974E1,3.477783203E-1,8.741760254E-2,-7.156372070E-2
2.650997974E1,-5.300445557E-1,-3.975982666E-1,-8.950195312E-1
2.655997974E1,-1.525268555E-1,3.647613525E-1,-3.208007812E-1
2.660997974E1,-2.844696045E-1,8.497619629E-2,-3.501281738E-1
2.665997974E1,-2.643127441E-1,1.656188965E-1,-1.644134521E-1
2.670997974E1,7.716369629E-2,-4.023742676E-2,8.724975586E-2
2.675997974E1,2.347564697E-1,9.963989258E-2,6.587219238E-2
2.680997974E1,3.520507812E-1,4.100036621E-2,2.100372314E-1
2.685997974E1,1.816101074E-1,2.370910645E-1,1.067962646E-1
2.690997974E1,3.037872314E-1,-5.307006836E-2,1.550598145E-1
2.695997974E1,2.891387939E-1,1.033660889E0,1.031341553E-1
2.700997974E1,-1.567993164E-1,-5.154876709E-1,3.163299561E-1
2.705997974E1,-2.081146240E-1,-4.476776123E-1,1.800994873E-1
2.710997974E1,-1.653442383E-1,-9.078979492E-3,1.843872070E-1
2.715997974E1,-4.793395996E-1,2.938842773E-2,-1.130981445E-1
2.720997974E1,-2.349853516E-1,-5.112152100E-1,-4.774475098E-2
2.725997974E1,6.301879883E-3,-5.416870117E-3,-4.040527344E-2
2.730997974E1,1.315155029E-1,-1.049957275E-1,-1.357116699E-1
2.735997974E1,1.040344238E-1,-8.604431152E-2,-2.096252441E-1
2.740997974E1,-1.384582520E-1,-1.172027588E-1,-4.221954346E-1
2.745997974E1,2.946319580E-1,4.075164795E-1,-1.760253906E-1
2.750997974E1,-2.563629150E-1,-2.772521973E-1,-5.132293701E-1
2.755997974E1,1.461791992E-1,2.554168701E-1,-2.523803711E-1
2.760997974E1,-4.286346436E-1,-5.961303711E-1,-4.112091064E-1
2.765997974E1,-2.729797363E-2,4.246215820E-1,-4.408264160E-2
2.770997974E1,-6.883239746E-2,7.826232910E-2,-2.514648438E-2
2.775997974E1,1.809997559E-1,-3.718566895E-2,7.992553711E-2
2.780997974E1,1.040344238E-1,1.779174805E-2,2.552337646E-1
2.785997974E1,1.913909912E-1,-2.381591797E-1,1.092376709E-1
2.790997974E1,3.270111084E-1,1.668395996E-1,2.027130127E-1
2.795997974E1,3.147888184E-1,8.314666748E-1,1.061859131E-1
2.800997974E1,-1.519012451E-1,3.367614746E-2,-2.163391113E-1
2.805997974E1,-1.513061523E-1,7.093811035E-2,1.752166748E-1
2.810997974E1,-6.638183594E-1,-3.835449219E-1,-1.925201416E-1
2.815997974E1,8.132934570E-3,5.383300781E-2,3.169403076E-1
2.820997974E1,-2.068939209E-1,-9.094238281E-2,2.128601074E-2
2.825997974E1,3.196716309E-1,-2.130126953E-2,2.039337158E-1
2.830997974E1,-5.355834961E-2,3.427124023E-2,-1.625823975E-1
2.835997974E1,1.840667725E-1,-2.363281250E-1,-1.827392578E-1
2.840997974E1,1.144104004E-1,4.686126709E-1,-1.986236572E-1
2.845997974E1,5.670776367E-1,-1.453094482E-1,1.220703125E-1
2.850997974E1,-5.593566895E-1,-2.784729004E-1,-6.567840576E-1
2.855997974E1,8.204650879E-2,6.359863281E-2,7.992553711E-2
2.860997974E1,-5.563049316E-1,-2.082214355E-1,-3.979492188E-2
2.865997974E1,-1.415252686E-1,2.780151367E-1,1.884460449E-2
2.870997974E1,-1.659698486E-1,1.210327148E-1,1.355133057E-1
2.875997974E1,2.604217529E-1,-4.165344238E-1,2.925109863E-1
2.880997974E1,-3.828430176E-2,-1.233215332E-1,3.047180176E-1
2.885997974E1,1.547393799E-1,-1.508026123E-1,1.917114258E-1
2.890997974E1,2.903594971E-1,4.075164795E-1,1.972045898E-1
2.895997974E1,1.431427002E-1,1.491241455E-1,2.216339111E-1
2.900997974E1,2.353820801E-1,5.993652344E-2,-1.809082031E-1
2.905997974E1,-1.433563232E-1,-9.521484375E-2,1.171875000E-1
2.910997974E1,-2.032165527E-1,-1.091003418E-2,1.672821045E-1
2.915997974E1,-9.387207031E-2,5.749511719E-2,1.733856201E-1
2.920997974E1,1.522979736E-1,-3.120727539E-1,8.847045898E-2
2.925997974E1,2.726287842E-1,2.041015625E-1,2.295837402E-1
2.930997974E1,7.716369629E-2,-9.582519531E-2,-1.277618408E-1
2.935997974E1,1.443634033E-1,-1.721801758E-1,-9.355163574E-2
2.940997974E1,-9.999084473E-2,1.014709473E-1,-2.383270264E-1
2.945997974E1,3.927612305E-2,-9.460449219E-2,1.330718994E-1
2.950997974E1,-6.131134033E-1,-2.155609131E-1,-5.113983154E-1
2.955997974E1,-3.840332031E-1,1.448364258E-1,3.898620605E-2
2.960997974E1,-7.328491211E-1,1.466827393E-1,-2.749786377E-1
2.965997974E1,2.390441895E-1,-4.450988770E-2,3.542022705E-1
2.970997974E1,3.317260742E-2,4.997711182E-1,2.466888428E-1
2.975997974E1,3.080596924E-1,-3.646087646E-1,2.760009766E-1
2.980997974E1,2.030029297E-1,2.713012695E-1,3.346557617E-1
2.985997974E1,3.001251221E-1,1.191864014E-1,2.466888428E-1
2.990997974E1,1.663513184E-1,4.991455078E-1,2.668457031E-1
2.995997974E1,-7.737731934E-2,2.181549072E-1,1.153411865E-1
3.000997974E1,-1.170959473E-1,-4.562377930E-1,-2.132873535E-1
3.005997974E1,-1.574096680E-1,1.100311279E-1,1.978149414E-1
3.010997974E1,-1.329803467E-1,1.705017090E-1,2.222595215E-1
3.015997974E1,-3.467712402E-1,-3.566741943E-1,-4.835510254E-2
3.020997974E1,1.333618164E-1,-2.027282715E-1,7.624816895E-2
3.025997974E1,1.376342773E-1,-1.213073730E-2,-4.652404785E-2
3.030997974E1,1.101531982E-1,1.779174805E-2,-1.760253906E-1
3.035997974E1,9.730529785E-2,-1.556854248E-1,-1.601409912E-1
3.040997974E1,-4.196166992E-2,2.786254883E-1,-2.065734863E-1
3.045997974E1,4.577331543E-1,-6.712341309E-2,2.362976074E-1
3.050997974E1,-4.597778320E-1,-2.509918213E-1,-7.019805908E-1
3.055997974E1,-1.671905518E-1,1.204071045E-1,-8.927917480E-2
3.060997974E1,-4.756622314E-1,-3.780517578E-1,-2.847595215E-1
3.065997974E1,5.149841309E-2,2.199859619E-1,5.120849609E-2
3.070997974E1,3.622436523E-2,1.998291016E-1,7.992553711E-2
3.075997974E1,2.103271484E-1,-2.570953369E-1,3.898620605E-2
3.080997974E1,9.548950195E-2,1.399536133E-1,2.372741699E-2
3.085997974E1,3.263854980E-1,-7.933044434E-2,2.033081055E-1
3.090997974E1,3.386077881E-1,2.780151367E-1,-4.379272461E-3
3.095997974E1,-6.150817871E-2,-2.442626953E-1,2.442474365E-1
3.100997974E1,1.009826660E-1,-9.689331055E-3,-2.346649170E-1
3.105997974E1,-2.441558838E-1,-1.110992432E-1,1.287841797E-1
3.110997974E1,-6.632080078E-1,2.474822998E-1,-3.491210938E-2
3.115997974E1,7.472229004E-2,-1.538696289E-1,-1.231384277E-2
3.120997974E1,2.645874023E-2,1.271362305E-1,-3.158569336E-3
3.125997974E1,2.366027832E-1,-2.277679443E-1,5.853271484E-2
3.130997974E1,1.443634033E-1,-1.190338135E-1,-1.405944824E-1
3.135997974E1,1.461791992E-1,7.093811035E-2,-2.206268311E-1
3.140997974E1,2.133789062E-1,1.992187500E-1,-1.967926025E-1
3.145997974E1,-2.044372559E-1,-8.666992188E-2,-4.057159424E-1
3.150997974E1,-1.457977295E-1,8.741760254E-2,-4.949035645E-1
3.155997974E1,-3.278503418E-1,9.170532227E-2,-3.220214844E-1
3.160997974E1,-3.846435547E-1,2.322082520E-1,-2.621612549E-1
3.165997974E1,-6.883239746E-2,6.481933594E-2,-2.148437500E-2
3.170997974E1,3.105010986E-1,-5.978393555E-2,5.548095703E-2
3.175997974E1,3.111267090E-1,-3.901672363E-2,1.623840332E-1
3.180997974E1,2.243804932E-1,-4.084777832E-2,-8.010864258E-2
3.185997974E1,1.687927246E-1,-1.654663086E-1,-4.164123535E-2
3.190997974E1,3.160095215E-1,3.928527832E-1,-4.347229004E-2
3.195997974E1,-3.315124512E-1,-3.676605225E-1,-1.210479736E-1
3.200997974E1,2.109375000E-1,3.708648682E-1,1.513977051E-1
3.205997974E1,-6.571044922E-1,-6.224060059E-1,-1.754150391E-1
3.210997974E1,-2.875213623E-1,1.417999268E-1,-6.820678711E-3
3.215997974E1,-4.867553711E-2,2.175445557E-1,1.361083984E-1
3.220997974E1,6.616210938E-2,-1.477508545E-1,2.349853516E-3
3.225997974E1,1.358032227E-1,-4.634094238E-2,-4.286193848E-2
3.230997974E1,1.932220459E-1,3.060913086E-2,-8.622741699E-2
3.235997974E1,2.475891113E-1,1.412963867E-2,-1.277618408E-1
3.240997974E1,1.217498779E-1,2.487030029E-1,-1.619720459E-1
3.245997974E1,4.470825195E-3,-1.960144043E-1,-3.552246094E-2
3.250997974E1,-3.308868408E-1,3.739166260E-1,-3.403472900E-1
3.255997974E1,-5.636444092E-1,-1.679077148E-1,-2.340545654E-1
3.260997974E1,-4.909515381E-1,1.955566406E-1,-2.077941895E-1
3.265997974E1,1.339721680E-1,6.848144531E-2,2.894439697E-1
3.270997974E1,1.052551270E-1,2.450561523E-2,1.752166748E-1
3.275997974E1,3.318939209E-1,-4.128723145E-1,3.083953857E-1
3.280997974E1,1.241912842E-1,-6.039428711E-2,1.452789307E-1
3.285997974E1,4.436798096E-1,-1.874542236E-1,1.422271729E-1
3.290997974E1,3.300628662E-1,4.753265381E-1,1.892700195E-1
3.295997974E1,1.240539551E-2,-4.977722168E-1,1.733856201E-1
3.300997974E1,1.657257080E-1,4.759368896E-1,7.807922363E-2
3.305997974E1,-3.388366699E-1,-4.843444824E-1,1.324462891E-1
3.310997974E1,-4.848327637E-1,2.847290039E-1,8.908081055E-2
3.315997974E1,-2.325439453E-1,-4.817199707E-2,3.144989014E-1
3.320997974E1,5.944824219E-2,-1.404266357E-1,2.754058838E-1
3.325997974E1,1.022033691E-1,-5.856323242E-2,2.320251465E-1
3.330997974E1,1.681823730E-1,6.195068359E-3,4.693603516E-2
3.335997974E1,1.351928711E-1,7.460021973E-2,-2.636718750E-2
3.340997974E1,3.514404297E-1,1.118621826E-1,-1.088409424E-1
3.345997974E1,3.563232422E-1,-5.000305176E-2,1.330718994E-1
3.350997974E1,-1.500854492E-1,-2.393798828E-1,-7.093048096E-1
3.355997974E1,-5.660858154E-1,7.337951660E-2,-3.360748291E-1
3.360997974E1,-3.418884277E-1,6.359863281E-2,-1.048278809E-2
3.365997974E1,-2.508697510E-1,3.256683350E-1,8.541870117E-2
3.370997974E1,1.565704346E-1,-3.151245117E-1,1.690979004E-1
3.375997974E1,1.254119873E-1,8.436584473E-2,2.925109863E-1
3.380997974E1,3.569335938E-1,-1.691284180E-1,2.466888428E-1
3.385997974E1,3.080596924E-1,-2.496337891E-2,1.984252930E-1
3.390997974E1,5.444793701E-1,4.863281250E-1,1.690979004E-1
3.395997974E1,-3.027954102E-1,-6.266632080E-1,-3.464660645E-1
3.400997974E1,-5.661010742E-2,8.595733643E-1,5.120849609E-2
3.405997974E1,-4.145812988E-1,-7.964935303E-1,-1.265411377E-1
3.410997974E1,-4.506225586E-1,7.147979736E-1,1.336669922E-1
3.415997974E1,-5.844116211E-2,-2.735900879E-1,1.507720947E-1
3.420997974E1,-1.873779297E-2,-3.517761230E-1,9.063720703E-3
3.425997974E1,1.388549805E-1,-1.459197998E-1,1.025238037E-1
3.430997974E1,2.115478516E-1,-1.318664551E-1,4.791259766E-3
3.435997974E1,1.809997559E-1,-1.465301514E-1,-1.454925537E-1
3.440997974E1,1.871185303E-1,3.079528809E-1,-1.845855713E-1
3.445997974E1,-4.371948242E-1,-3.310089111E-1,-4.735260010E-1
3.450997974E1,-1.390838623E-1,4.747161865E-1,-2.847595215E-1
3.455997974E1,-9.999084473E-2,-7.444763184E-2,-2.077941895E-1
3.460997974E1,-2.643127441E-1,3.696441650E-1,-3.491210938E-2
3.465997974E1,1.113739014E-1,-1.550903320E-1,-1.405944824E-1
3.470997974E1,1.118469238E-2,-5.978393555E-2,6.343078613E-2
3.475997974E1,3.386077881E-1,-5.429840088E-1,3.377075195E-1
3.480997974E1,-1.690063477E-1,-2.740478516E-2,-4.164123535E-2
3.485997974E1,3.447113037E-1,-2.992401123E-1,1.171875000E-1
3.490997974E1,2.903594971E-1,7.935943604E-1,1.446685791E-1
3.495997974E1,-2.392578125E-1,-9.058380127E-1,-3.024749756E-1
3.500997974E1,1.406860352E-1,3.623199463E-1,3.651885986E-1
3.505997974E1,-3.962554932E-1,1.320190430E-1,2.250671387E-2
3.510997974E1,-2.435455322E-1,2.132720947E-1,1.495513916E-1
3.515997974E1,7.775878906E-2,-2.931365967E-1,1.092376709E-1
3.520997974E1,3.043975830E-1,2.706909180E-1,2.039337158E-1
3.525997974E1,2.341461182E-1,-1.141510010E-1,1.306304932E-1
3.530997974E1,2.127685547E-1,2.267456055E-2,1.165618896E-1
3.535997974E1,-4.196166992E-2,2.584686279E-1,-7.217407227E-2
3.540997974E1,1.240539551E-2,1.907348633E-3,2.418060303E-1
3.545997974E1,-8.605194092E-1,9.841918945E-3,-1.919097900E-1
3.550997974E1,2.805786133E-1,6.121673584E-1,8.367919922E-1
3.555997974E1,-1.561889648E-1,-1.196594238E-1,3.022766113E-1
3.560997974E1,-1.549682617E-1,1.381378174E-1,2.955474854E-1
3.565997974E1,-1.653442383E-1,-9.399414062E-2,2.747802734E-1
3.570997974E1,8.326721191E-2,-3.535461426E-2,6.211547852E-1
3.575997974E1,2.217102051E-2,-9.277343750E-2,5.570068359E-1
3.580997974E1,1.913909912E-1,-2.167816162E-1,4.751586914E-1
3.585997974E1,1.669616699E-1,-5.123901367E-2,2.601165771E-1
3.590997974E1,3.697662354E-1,3.073425293E-1,4.134521484E-1
3.595997974E1,1.545715332E-2,-6.588745117E-2,3.206024170E-1
3.600997974E1,-3.218078613E-2,3.140563965E-1,8.251800537E-1
3.605997974E1,-2.319335938E-1,-3.957672119E-1,7.188873291E-1
3.610997974E1,-3.602142334E-1,4.362335205E-1,9.070434570E-1
3.615997974E1,-2.881317139E-1,-1.630249023E-1,8.050231934E-1
3.620997974E1,-1.195373535E-1,-4.757843018E-1,1.037155151E0
3.625997974E1,-9.877014160E-2,-3.462829590E-1,7.182769775E-1
3.630997974E1,2.011718750E-1,-3.071899414E-1,7.408752441E-1
3.635997974E1,7.594299316E-2,-1.563110352E-1,4.085693359E-1
3.640997974E1,1.168670654E-1,1.851654053E-1,5.484619141E-1
3.645997974E1,-6.137237549E-1,-5.045013428E-1,2.387390137E-1
3.650997974E1,3.031768799E-1,1.140563965E0,1.122680664E0
3.655997974E1,-5.920410156E-3,-8.300933838E-1,9.253692627E-1
3.660997974E1,-2.850799561E-1,2.212066650E-1,6.858978271E-1
3.665997974E1,1.144104004E-1,2.102050781E-1,8.251800537E-1
3.670997974E1,-2.301025391E-2,1.753845215E-1,8.630523682E-1
3.675997974E1,1.089324951E-1,-8.238220215E-2,9.320831299E-1
3.680997974E1,1.077117920E-1,7.032775879E-2,9.174194336E-1
3.685997974E1,3.453369141E-1,-3.413391113E-2,8.374023438E-1
3.690997974E1,2.402648926E-1,4.179077148E-1,7.335510254E-1
3.695997974E1,5.860137939E-1,1.226699829E0,9.901123047E-1
3.700997974E1,-3.523254395E-2,-2.949676514E-1,5.814361572E-1
3.705997974E1,-3.199005127E-1,-5.978393555E-2,7.304992676E-1
3.710997974E1,-2.807922363E-1,-5.673217773E-2,5.582275391E-1
3.715997974E1,-3.247833252E-1,3.213806152E-1,5.008087158E-1
3.720997974E1,-1.507568359E-2,-2.760314941E-1,6.498565674E-1
3.725997974E1,8.509826660E-2,-1.239166260E-1,4.867553711E-1
3.730997974E1,1.278533936E-1,-2.088317871E-1,3.102111816E-1
3.735997974E1,3.215026855E-1,-1.379852295E-1,2.442474365E-1
3.740997974E1,8.876037598E-2,-1.685180664E-1,-5.323791504E-2
3.745997974E1,5.487518311E-1,5.180969238E-1,2.552337646E-1
3.750997974E1,-3.492126465E-1,-1.752319336E-1,-5.468292236E-1
3.755997974E1,-9.509277344E-2,1.356811523E-1,7.624816895E-2
3.760997974E1,-3.938140869E-1,-2.436523438E-1,-3.735351562E-2
3.765997974E1,-3.125610352E-1,2.358703613E-1,-7.644653320E-2
3.770997974E1,2.706909180E-2,-3.413391113E-2,1.061859131E-1
3.775997974E1,1.284790039E-1,-1.416473389E-1,1.348876953E-1
3.780997974E1,1.828308105E-1,1.301879883E-1,1.868286133E-1
3.785997974E1,2.084960938E-1,8.131408691E-2,2.650146484E-1
3.790997974E1,4.027404785E-1,1.155242920E-1,3.377075195E-1
3.795997974E1,3.337249756E-1,1.413009644E0,3.878021240E-1
3.800997974E1,-8.593750000E-2,-8.435363770E-1,1.947631836E-1
3.805997974E1,-5.905151367E-2,3.464355469E-1,3.383178711E-1
3.810997974E1,-1.873321533E-1,2.395324707E-1,3.450469971E-1
3.815997974E1,-3.302917480E-1,1.668395996E-1,1.000823975E-1
3.820997974E1,-2.502593994E-1,-4.629669189E-1,5.548095703E-2
3.825997974E1,7.775878906E-2,-3.707122803E-1,1.410064697E-1
3.830997974E1,9.242248535E-2,7.154846191E-2,2.185821533E-1
3.835997974E1,3.441009521E-1,7.093811035E-2,1.532135010E-1
3.840997974E1,-1.732940674E-1,-1.947937012E-1,-2.114562988E-1
3.845997974E1,4.198455811E-1,2.847290039E-1,2.155303955E-1
3.850997974E1,-3.699951172E-1,-1.477508545E-1,-4.240417480E-1
3.855997974E1,1.761169434E-1,2.792358398E-1,1.196289062E-1
3.860997974E1,-6.760406494E-1,-7.383728027E-2,-3.116302490E-1
3.865997974E1,-8.959960938E-2,-5.795288086E-2,-2.758789062E-2
3.870997974E1,-3.157043457E-2,3.989715576E-1,7.563781738E-2
3.875997974E1,1.761169434E-1,-3.334503174E-1,1.061859131E-1
3.880997974E1,1.663513184E-1,-6.588745117E-2,1.709442139E-1
3.885997974E1,3.160095215E-1,1.637878418E-1,2.155303955E-1
3.890997974E1,3.954162598E-1,-1.642456055E-1,1.098480225E-1
3.895997974E1,3.941955566E-1,1.689743042E0,1.544342041E-1
3.900997974E1,-4.445190430E-1,-4.598999023E-1,-1.351013184E-1
3.905997974E1,-6.944274902E-2,1.155242920E-1,8.480834961E-2
3.910997974E1,-5.104980469E-1,-1.392059326E-1,-1.051635742E-1
3.915997974E1,-2.075042725E-1,-2.864227295E-1,8.480834961E-2
3.920997974E1,2.523803711E-2,-1.520233154E-1,1.165618896E-1
3.925997974E1,1.345825195E-1,-3.407897949E-1,-4.713439941E-2
3.930997974E1,1.211395264E-1,-1.233215332E-1,-6.912231445E-2
3.935997974E1,1.938323975E-1,8.010864258E-3,-1.088409424E-1
3.940997974E1,8.743286133E-3,2.431945801E-1,-2.151184082E-1
3.945997974E1,1.675720215E-1,5.724639893E-1,9.335327148E-2
3.950997974E1,-8.397521973E-1,-4.556274414E-1,-5.730895996E-1
3.955997974E1,3.031768799E-1,4.069061279E-1,4.018554688E-1
3.960997974E1,-3.522796631E-1,2.627410889E-1,-1.570892334E-1
3.965997974E1,-1.030426025E-1,2.022705078E-1,-1.094360352E-1
3.970997974E1,1.229705811E-1,2.572631836E-2,1.043548584E-1
3.975997974E1,2.176513672E-1,-3.701019287E-1,8.663940430E-2
3.980997974E1,1.669616699E-1,-3.523864746E-1,2.454681396E-1
3.985997974E1,2.023925781E-1,-2.100524902E-1,2.766265869E-1
3.990997974E1,3.215026855E-1,6.195068359E-3,3.334350586E-1
3.995997974E1,3.153991699E-1,1.059921265E0,5.850982666E-1
4.000997974E1,-1.317596436E-1,-3.303985596E-1,1.984252930E-1
4.005997974E1,-3.113403320E-1,4.026336670E-1,5.845031738E-1
4.010997974E1,-3.144073486E-1,-5.130462646E-1,9.642028809E-2
4.015997974E1,-1.378631592E-1,4.490509033E-1,3.487091064E-1
4.020997974E1,-2.607727051E-2,-1.752319336E-1,4.632568359E-2
4.025997974E1,3.428802490E-1,-6.572113037E-1,6.648254395E-2
4.030997974E1,1.118469238E-2,5.200195312E-2,-6.668090820E-2
4.035997974E1,2.775268555E-1,-2.338867188E-1,3.715515137E-2
4.040997974E1,3.927612305E-2,-2.124938965E-1,-2.138977051E-1
4.045997974E1,6.921386719E-2,-8.238220215E-2,2.738952637E-2
4.050997974E1,-6.943664551E-1,-1.202545166E-1,-3.983917236E-1
4.055997974E1,5.691528320E-3,1.412963867E-2,4.323883057E-1
4.060997974E1,-3.076782227E-1,-5.978393555E-2,-9.155273438E-5
4.065997974E1,-3.095245361E-1,4.974365234E-3,-3.247070312E-2
4.070997974E1,-9.204101562E-2,-3.585815430E-3,6.465148926E-2
4.075997974E1,-2.301025391E-2,9.841918945E-2,8.175659180E-2
4.080997974E1,2.439270020E-1,-2.283782959E-1,3.083953857E-1
4.085997974E1,1.070861816E-1,7.154846191E-2,1.300048828E-1
4.090997974E1,3.373870850E-1,-1.092529297E-1,2.833404541E-1
4.095997974E1,2.500305176E-1,1.000671387E0,2.185821533E-1
4.100997974E1,3.439331055E-2,-2.076110840E-1,2.430267334E-1
4.105997974E1,5.455017090E-2,1.546173096E-1,3.065490723E-1
4.110997974E1,-4.219055176E-1,-2.723693848E-1,-1.717529297E-1
4.115997974E1,-2.985229492E-1,3.439941406E-1,8.602905273E-2
4.120997974E1,-3.034973145E-2,-1.355438232E-1,-5.445861816E-2
4.125997974E1,1.480255127E-1,-2.387695312E-1,1.733856201E-1
4.130997974E1,1.162567139E-1,-1.221008301E-1,7.319641113E-2
4.135997974E1,1.718444824E-1,4.344177246E-2,1.568908691E-1
4.140997974E1,1.972961426E-2,-8.848571777E-2,-8.439636230E-2
4.145997974E1,7.020721436E-1,2.871704102E-1,3.487091064E-1
4.150997974E1,-3.840332031E-1,-6.405639648E-2,-4.869537354E-1
4.155997974E1,7.287597656E-2,-4.831237793E-1,1.638793945E-2
4.160997974E1,-3.858795166E-1,4.344024658E-1,-3.430175781E-2
4.165997974E1,-2.649230957E-1,-3.621673584E-1,-7.156372070E-2
4.170997974E1,-3.901519775E-1,2.199859619E-1,-4.347229004E-2
4.175997974E1,2.579650879E-1,-2.925262451E-1,1.397857666E-1
4.180997974E1,9.548950195E-2,1.350708008E-1,3.273162842E-1
4.185997974E1,2.561492920E-1,-1.269836426E-1,3.627471924E-1
4.190997974E1,1.009826660E-1,-9.689331055E-3,2.631835938E-1
4.195997974E1,-2.912902832E-2,9.475708008E-2,2.546234131E-1
4.200997974E1,3.581542969E-1,-1.318664551E-1,2.082061768E-1
4.205997974E1,-4.042053223E-1,7.460021973E-2,8.847045898E-2
4.210997974E1,-2.954559326E-1,3.091735840E-1,-4.957580566E-2
4.215997974E1,-4.799499512E-1,9.353637695E-2,5.120849609E-2
4.220997974E1,-1.653442383E-1,-4.153137207E-1,3.715515137E-2
4.225997974E1,3.195190430E-2,-8.468627930E-3,1.996459961E-1
4.230997974E1,1.034240723E-1,-1.898956299E-1,1.287841797E-1
4.235997974E1,1.620635986E-1,-2.557373047E-2,1.446685791E-1
4.240997974E1,1.461791992E-1,-6.039428711E-2,4.180908203E-3
4.245997974E1,5.762481689E-1,1.766052246E-1,3.273162842E-1
4.250997974E1,-1.244201660E-1,1.088104248E-1,-3.183593750E-1
4.255997974E1,-2.105560303E-1,-5.124359131E-1,-1.106567383E-1
4.260997974E1,-5.245361328E-1,1.381378174E-1,-2.267303467E-1
4.265997974E1,1.376342773E-1,1.167449951E-1,2.674560547E-1
4.270997974E1,-1.812286377E-1,7.643127441E-2,-1.094360352E-1
4.275997974E1,2.292633057E-1,-5.245971680E-2,1.348876953E-1
4.280997974E1,2.982940674E-1,4.264678955E-1,7.992553711E-2
4.285997974E1,3.868713379E-1,1.535034180E-2,2.204132080E-1
4.290997974E1,4.717864990E-1,-5.340576172E-4,2.118682861E-1
4.295997974E1,3.141784668E-1,6.500396729E-1,3.731384277E-1
4.300997974E1,6.005859375E-2,-2.363281250E-1,1.760864258E-2
4.305997974E1,-5.502014160E-1,-1.336975098E-1,-5.934143066E-2
4.310997974E1,-5.263671875E-1,2.181549072E-1,-2.132873535E-1
4.315997974E1,-5.263671875E-1,-6.926422119E-1,-2.065734863E-1
4.320997974E1,-2.777557373E-1,-6.527709961E-2,-1.069946289E-1
4.325997974E1,1.809997559E-1,1.967773438E-1,1.849822998E-1
4.330997974E1,1.803894043E-1,-9.689331055E-3,6.526184082E-2
4.335997974E1,-1.037597656E-3,-1.929473877E-1,-8.256530762E-2
4.340997974E1,-1.692199707E-2,6.054687500E-2,-3.674316406E-2
4.345997974E1,-5.404205322E-1,-5.551147461E-2,-1.597595215E-2
4.350997974E1,-5.966186523E-2,2.151031494E-1,-4.040527344E-2
4.355997974E1,-1.488647461E-1,1.808929443E-1,4.510498047E-2
4.360997974E1,-3.742675781E-1,-4.153137207E-1,-3.739471436E-1
4.365997974E1,-1.427459717E-1,9.475708008E-2,-1.902770996E-2
4.370997974E1,-3.950500488E-2,1.259155273E-1,-4.530334473E-2
4.375997974E1,1.150360107E-1,4.974365234E-3,1.794891357E-1
4.380997974E1,2.958526611E-1,1.057434082E-1,2.314147949E-1
4.385997974E1,3.031768799E-1,4.039001465E-2,3.047180176E-1
4.390997974E1,7.423858643E-1,5.296936035E-1,3.132781982E-1
4.395997974E1,-3.088989258E-1,-2.857971191E-1,1.629943848E-1
4.400997974E1,4.112243652E-2,3.635406494E-1,7.870483398E-2
4.405997974E1,-4.115295410E-1,-1.446990967E-1,-1.399841309E-1
4.410997974E1,-2.911834717E-1,2.511596680E-2,-1.021118164E-1
4.415997974E1,-4.475708008E-1,-2.625885010E-1,-2.707214355E-1
4.420997974E1,2.671356201E-1,-2.247161865E-1,1.116790771E-1
4.425997974E1,1.101531982E-1,7.093811035E-2,4.791259766E-3
4.430997974E1,3.831939697E-1,-6.283569336E-2,7.843017578E-3
4.435997974E1,1.040344238E-1,9.780883789E-2,-2.456665039E-1
4.440997974E1,5.854034424E-1,5.889434814E-1,2.301940918E-1
4.445997974E1,-2.759094238E-1,-7.688903809E-2,-4.154968262E-1
4.450997974E1,-1.325988770E-2,-3.120727539E-1,-2.719421387E-1
4.455997974E1,-4.396362305E-1,1.259155273E-1,-3.342437744E-1
4.460997974E1,-2.099456787E-1,-1.563110352E-1,6.953430176E-2
4.465997974E1,-6.517028809E-2,-1.397705078E-2,1.348876953E-1
4.470997974E1,7.716369629E-2,5.200195312E-2,3.089904785E-1
4.475997974E1,1.590118408E-1,-1.579284668E-2,3.413696289E-1
4.480997974E1,2.200927734E-1,-5.795288086E-2,2.540130615E-1
4.485997974E1,1.987152100E-1,3.067321777E-1,2.472991943E-1
4.490997974E1,3.056182861E-1,1.160110474E0,4.165039062E-1
4.495997974E1,-4.623413086E-2,-7.628936768E-1,-6.973266602E-2
4.500997974E1,-3.932037354E-1,1.375122070E-1,5.609130859E-2
4.505997974E1,-3.308868408E-1,2.511444092E-1,-1.106567383E-1
4.510997974E1,-3.791503906E-1,-1.434783936E-1,-1.564788818E-1
4.515997974E1,9.304809570E-2,-4.898376465E-1,1.336669922E-1
4.520997974E1,1.865081787E-1,-1.514129639E-1,1.428375244E-1
4.525997974E1,2.378234863E-1,-3.053588867E-1,-2.207946777E-2
4.530997974E1,1.822204590E-1,-2.821350098E-1,-8.988952637E-2
4.535997974E1,1.083068848E-1,2.664031982E-1,-8.317565918E-2
4.540997974E1,3.068389893E-1,-3.487243652E-1,1.471099854E-1
4.545997974E1,-5.080566406E-1,1.020812988E-1,-6.005859375E-1
4.550997974E1,-6.448822021E-1,9.414672852E-2,-1.259460449E-1
4.555997974E1,-3.663177490E-1,-1.110992432E-1,-1.302032471E-1
4.560997974E1,1.003723145E-1,-1.398010254E-1,2.491302490E-1
4.565997974E1,5.210876465E-2,1.161346436E-1,1.251220703E-1
4.570997974E1,3.722076416E-1,-2.534332275E-1,2.057647705E-1
4.575997974E1,3.795318604E-1,1.118621826E-1,2.430267334E-1
4.580997974E1,2.817993164E-1,-1.752319336E-1,9.519958496E-2
4.585997974E1,2.805786133E-1,2.187652588E-1,7.136535645E-2
4.590997974E1,5.090484619E-1,1.951187134E0,5.087432861E-1
4.595997974E1,-8.044433594E-2,-9.821929932E-1,1.000823975E-1
4.600997974E1,-4.365692139E-1,-6.535491943E-1,-1.597595215E-2
4.605997974E1,-5.673065186E-1,7.502288818E-1,9.825134277E-2
4.610997974E1,-4.255828857E-1,-8.343658447E-1,-4.949035645E-1
4.615997974E1,1.333618164E-1,-2.760314941E-1,-7.888793945E-2
4.620997974E1,3.404388428E-1,1.081848145E-1,-1.137237549E-1
4.625997974E1,4.907226562E-1,6.481933594E-2,-7.431030273E-3
4.630997974E1,1.850891113E-2,-3.261260986E-1,-4.631347656E-1
4.635997974E1,-9.692382812E-2,4.936523438E-1,-2.365112305E-1
4.640997974E1,-1.250305176E-1,1.741638184E-1,-4.014282227E-1
4.645997974E1,-6.028747559E-2,8.070373535E-2,-5.944824219E-1
4.650997974E1,-3.015747070E-1,-1.282043457E-1,-5.079650879E-2
4.655997974E1,-2.148284912E-1,2.431945801E-1,7.685852051E-2
4.660997974E1,4.722595215E-2,9.231567383E-2,2.250671387E-2
4.665997974E1,4.503936768E-1,-3.420104980E-1,1.556701660E-1
4.670997974E1,3.025665283E-1,1.779174805E-2,1.028442383E-2
4.675997974E1,3.135681152E-1,2.089843750E-1,1.086273193E-1
4.680997974E1,8.021545410E-2,-1.703491211E-1,-4.591369629E-2
4.685997974E1,2.933959961E-1,1.238311768E0,3.755798340E-1
4.690997974E1,-1.231994629E-1,-4.195861816E-1,-1.658630371E-2
4.695997974E1,-1.299133301E-1,-4.573059082E-2,1.526184082E-1
4.700997974E1,-4.573364258E-1,2.761840820E-1,-2.392578125E-2
4.705997974E1,8.265686035E-2,1.332397461E-1,4.458312988E-1
4.710997974E1,5.271911621E-2,1.901245117E-2,3.493041992E-1
4.715997974E1,2.280426025E-1,-2.833557129E-1,4.843139648E-1
4.720997974E1,-1.347961426E-1,-2.961883545E-1,3.715515137E-2
4.725997974E1,2.023925781E-1,-5.533599854E-1,1.379547119E-1
4.730997974E1,1.789855957E-2,3.531494141E-1,-5.140686035E-2
4.735997974E1,3.404388428E-1,-7.261657715E-2,2.546234131E-1
4.740997974E1,-6.296081543E-1,-1.984558105E-1,-5.101776123E-1
4.745997974E1,-3.889465332E-2,-2.679443359E-2,1.941528320E-1
4.750997974E1,-4.243469238E-1,3.775939941E-1,-1.277618408E-1
4.755997974E1,-2.496490479E-1,3.287200928E-1,-1.711425781E-1
4.760997974E1,1.046447754E-1,-6.039428711E-2,-9.721374512E-2
4.765997974E1,-4.074096680E-2,7.643127441E-2,7.319641113E-2
4.770997974E1,2.610321045E-1,-5.588684082E-1,1.727752686E-1
4.775997974E1,-1.537475586E-1,-3.840637207E-2,9.519958496E-2
4.780997974E1,2.640838623E-1,-2.558746338E-1,1.880493164E-1
4.785997974E1,1.423645020E-2,2.144927979E-1,8.969116211E-2
4.790997974E1,4.742279053E-1,1.240692139E-1,2.188110352E-2
4.795997974E1,-2.930145264E-1,1.290893555E-2,-2.330017090E-2
4.800997974E1,-1.641235352E-1,4.283142090E-2,-1.436462402E-1
4.805997974E1,-2.734680176E-1,5.645141602E-1,3.776550293E-2
4.810997974E1,1.803894043E-1,-3.175659180E-1,5.975341797E-2
4.815997974E1,5.455017090E-2,-1.221008301E-1,1.269531250E-1
4.820997974E1,1.248168945E-1,-3.407897949E-1,-3.247070312E-2
4.825997974E1,2.017669678E-1,-1.031494141E-1,-1.475524902E-2
4.830997974E1,-6.150817871E-2,3.427124023E-2,-3.049163818E-1
4.835997974E1,7.118530273E-1,1.723480225E-1,9.152221680E-2
4.840997974E1,-3.632659912E-1,-4.788513184E-1,-8.559265137E-1
4.845997974E1,-4.035797119E-1,-8.299255371E-2,-6.799926758E-1
4.850997974E1,-1.488647461E-1,1.931152344E-1,-1.595306396E-1
4.855997974E1,-1.274719238E-1,-2.186126709E-1,-1.393737793E-1
4.860997974E1,3.378295898E-2,2.407531738E-1,-1.063842773E-1
4.865997974E1,9.304809570E-2,-2.161712646E-1,-3.735351562E-2
4.870997974E1,1.223602295E-1,-2.180023193E-1,3.532409668E-2
4.875997974E1,-3.034973145E-2,7.215881348E-2,6.831359863E-2
4.880997974E1,2.292633057E-1,-5.588684082E-1,-1.841735840E-2
4.885997974E1,3.740386963E-1,1.303665161E0,3.108367920E-1
4.890997974E1,-2.600250244E-1,-9.907531738E-1,-1.109313965E-2
4.895997974E1,-2.148284912E-1,1.069641113E-1,-4.379272461E-3
4.900997974E1,-3.657226562E-1,-2.124938965E-1,-9.661865234E-2
4.905997974E1,-5.569152832E-1,3.287200928E-1,7.992553711E-2
4.910997974E1,-3.211212158E-1,-6.920318604E-1,-8.500671387E-2
4.915997974E1,1.932220459E-1,8.987426758E-2,2.381286621E-1
4.920997974E1,1.150360107E-1,-1.636352539E-1,1.770477295E-1
4.925997974E1,2.420959473E-1,-1.306457520E-1,2.534027100E-1
4.930997974E1,3.134155273E-2,1.399536133E-1,5.181884766E-2
4.935997974E1,3.636474609E-1,2.016601562E-1,4.171142578E-1
4.940997974E1,-6.748199463E-1,-9.895324707E-1,-3.269195557E-1
4.945997974E1,2.640838623E-1,3.427734375E-1,1.519927979E-1
4.950997974E1,-1.403045654E-1,4.356231689E-1,3.089904785E-1
4.955997974E1,-2.545166016E-2,1.411743164E-1,6.028289795E-1
4.960997974E1,1.480255127E-1,1.796722412E-1,8.526763916E-1
4.965997974E1,1.309204102E-1,-2.852020264E-1,7.964782715E-1
4.970997974E1,1.858978271E-1,-1.324768066E-1,1.034713745E0
4.975997974E1,1.040344238E-1,-5.368041992E-2,8.825988770E-1
4.980997974E1,2.677459717E-1,-8.848571777E-2,1.102508545E0
4.985997974E1,3.251647949E-1,6.976928711E-1,9.943847656E-1
4.990997974E1,-2.056884766E-2,-5.875701904E-1,1.022491455E0
4.995997974E1,-9.692382812E-2,3.097839355E-1,1.117797852E0
5.000997974E1,-4.274139404E-1,-1.721801758E-1,1.119613647E0
5.005997974E1,-2.160491943E-1,3.036804199E-1,1.251571655E0
5.010997974E1,-2.826385498E-1,3.427734375E-1,1.334045410E0
5.015997974E1,-3.950500488E-2,-9.460449219E-2,1.389617920E0
5.020997974E1,-9.877014160E-2,-1.923370361E-1,1.287612915E0
5.025997974E1,6.921386719E-2,-9.521484375E-2,1.007217407E0
5.030997974E1,2.995147705E-1,-1.275939941E-1,7.934112549E-1
5.035997974E1,3.105010986E-1,-6.425476074E-1,3.255004883E-1
5.040997974E1,-1.325988770E-2,1.815032959E-1,1.764373779E-1
5.045997974E1,7.104492188E-2,-3.657531738E-2,3.212127686E-1
5.050997974E1,-2.753143311E-1,4.838867188E-1,2.637939453E-1
5.055997974E1,2.433166504E-1,-4.023742676E-2,7.811889648E-1
5.060997974E1,2.964630127E-1,5.749511719E-2,9.931640625E-1
5.065997974E1,1.388549805E-1,-2.632141113E-1,7.048339844E-1
5.070997974E1,-1.396942139E-1,1.399536133E-1,4.152832031E-1
5.075997974E1,1.926116943E-1,-9.216308594E-2,8.435058594E-1
5.080997974E1,-2.485656738E-2,3.843078613E-1,6.205291748E-1
5.085997974E1,2.152099609E-1,-3.474426270E-2,6.504821777E-1
5.090997974E1,6.066894531E-2,9.127044678E-1,5.344085693E-1
5.095997974E1,4.534606934E-1,1.095367432E0,1.003555298E0
5.100997974E1,9.793090820E-2,-3.731536865E-1,3.719177246E-1
5.105997974E1,-4.158020020E-1,-2.497711182E-1,3.670349121E-1
5.110997974E1,-4.872741699E-1,-3.045654297E-2,3.102111816E-1
5.115997974E1,-2.154388428E-1,1.668395996E-1,4.134521484E-1
5.120997974E1,-8.776855469E-2,-3.108215332E-2,3.804626465E-1
5.125997974E1,2.720336914E-1,-1.960144043E-1,6.278686523E-1
5.130997974E1,2.109375000E-1,8.865356445E-2,1.849822998E-1
5.135997974E1,4.320678711E-1,-9.826660156E-2,2.955474854E-1
5.140997974E1,1.461791992E-1,-2.374267578E-2,-1.864166260E-1
5.145997974E1,-3.076782227E-1,-3.078002930E-1,-2.481079102E-1
5.150997974E1,-1.152496338E-1,3.378906250E-1,-3.409576416E-1
5.155997974E1,3.599853516E-1,-3.181915283E-1,3.456420898E-1
5.160997974E1,-1.598510742E-1,-3.289794922E-2,-4.530334473E-2
5.165997974E1,2.231597900E-1,-6.893920898E-2,9.701538086E-2
5.170997974E1,2.665252686E-1,1.979980469E-1,2.149200439E-1
5.175997974E1,2.414855957E-1,-7.872009277E-2,3.285369873E-1
5.180997974E1,8.631896973E-2,1.650085449E-1,2.405700684E-1
5.185997974E1,4.478454590E-2,1.106262207E-2,9.396362305E-2
5.190997974E1,4.002990723E-1,5.565795898E-1,2.680664062E-1
5.195997974E1,-2.887420654E-1,3.323822021E-1,1.416168213E-1
5.200997974E1,1.003723145E-1,-3.167724609E-2,1.245117188E-1
5.205997974E1,-5.575256348E-1,-6.344604492E-2,2.020874023E-1
5.210997974E1,-5.294342041E-1,1.344604492E-1,2.247009277E-1
5.215997974E1,2.279663086E-2,-1.385803223E-1,4.562072754E-1
5.220997974E1,9.353637695E-3,2.230377197E-1,2.631835938E-1
5.225997974E1,1.895599365E-1,-1.782989502E-1,2.112579346E-1
5.230997974E1,4.051208496E-2,3.128051758E-3,-7.829284668E-2
5.235997974E1,2.475891113E-1,-1.520233154E-1,-6.607055664E-2
5.240997974E1,-6.272888184E-2,3.073425293E-1,-9.783935547E-2
5.245997974E1,-7.077941895E-1,-5.399322510E-1,-3.977661133E-1
5.250997974E1,7.350158691E-2,2.126617432E-1,1.752166748E-1
5.255997974E1,-2.973022461E-1,-1.605834961E-1,9.947204590E-2
5.260997974E1,-6.540527344E-1,-4.928894043E-1,-4.154968262E-1
5.265997974E1,1.022033691E-1,2.297515869E-1,-1.320495605E-1
5.270997974E1,1.761169434E-1,1.265106201E-1,3.532409668E-2
5.275997974E1,3.379974365E-1,-3.718566895E-2,1.471099854E-1
5.280997974E1,3.434906006E-1,-8.970642090E-2,1.269531250E-1
5.285997974E1,4.351348877E-1,1.436157227E-1,1.483306885E-1
5.290997974E1,4.491729736E-1,6.176757812E-2,8.175659180E-2
5.295997974E1,-3.828125000E-1,-9.382171631E-1,-3.299713135E-1
5.300997974E1,-4.318237305E-2,2.377014160E-1,8.724975586E-2
5.305997974E1,-4.072570801E-1,-4.389953613E-2,1.000823975E-1
5.310997974E1,-1.971130371E-1,1.375122070E-1,1.452789307E-1
5.315997974E1,-3.767395020E-2,6.866455078E-4,2.265319824E-1
5.320997974E1,2.933959961E-1,-1.824951172E-2,1.367340088E-1
5.325997974E1,1.913909912E-1,2.059326172E-1,9.519958496E-2
5.330997974E1,3.825988770E-1,-5.087738037E-1,-5.445861816E-2
5.335997974E1,-1.225891113E-1,2.126617432E-1,-2.303924561E-1
5.340997974E1,6.616210938E-2,-1.141510010E-1,-1.222686768E-1
5.345997974E1,-9.869689941E-1,-4.702911377E-1,-7.319183350E-1
5.350997974E1,2.549285889E-1,3.427734375E-1,3.456420898E-1
5.355997974E1,-5.055999756E-1,-3.145141602E-1,-1.760253906E-1
5.360997974E1,5.149841309E-2,3.354492188E-1,-6.423950195E-2
5.365997974E1,6.250000000E-2,2.254791260E-1,-4.774475098E-2
5.370997974E1,2.078857422E-1,2.755737305E-2,1.727752686E-1
5.375997974E1,3.068389893E-1,-1.917266846E-1,2.094268799E-1
5.380997974E1,1.730651855E-1,-7.994079590E-2,1.043548584E-1
5.385997974E1,6.555175781E-2,1.717224121E-1,1.550598145E-1
5.390997974E1,-4.699707031E-3,2.792358398E-1,2.185821533E-1
5.395997974E1,4.722595215E-2,-6.645507812E-1,8.786010742E-2
5.400997974E1,-4.115295410E-1,1.246948242E-1,3.914642334E-1
5.405997974E1,-5.025482178E-1,-2.583160400E-1,-8.805847168E-2
5.410997974E1,-1.146545410E-1,1.796722412E-1,8.053588867E-2
5.415997974E1,8.815002441E-2,1.094207764E-1,8.847045898E-2
5.420997974E1,1.901702881E-1,-2.679443359E-2,1.465148926E-1
5.425997974E1,1.712341309E-1,1.069641113E-1,-5.934143066E-2
5.430997974E1,6.311035156E-2,5.993652344E-2,-1.137237549E-1
5.435997974E1,1.333618164E-1,3.672790527E-2,-2.407684326E-1
5.440997974E1,-3.174591064E-1,-5.417633057E-1,-1.998443604E-1
5.445997974E1,-3.828125000E-1,4.588317871E-2,-5.523223877E-1
5.450997974E1,-4.609985352E-1,3.500976562E-1,-1.149444580E-1
5.455997974E1,-5.117187500E-1,-3.694915771E-1,-3.006439209E-1
5.460997974E1,1.858978271E-1,5.248107910E-1,-1.247100830E-1
5.465997974E1,1.932220459E-1,1.716613770E-2,-1.937866211E-3
5.470997974E1,4.082489014E-1,-2.076110840E-1,1.086273193E-1
5.475997974E1,1.590118408E-1,1.198120117E-1,2.676391602E-2
5.480997974E1,1.895599365E-1,1.290893555E-2,3.715515137E-2
5.485997974E1,1.889495850E-1,6.494293213E-1,-9.262084961E-3
5.490997974E1,-3.162231445E-1,-5.075531006E-1,-4.289245605E-1
5.495997974E1,-1.024322510E-1,5.413055420E-1,6.831359863E-2
5.500997974E1,-2.441558838E-1,-3.102416992E-1,-8.561706543E-2
5.505997974E1,-2.105560303E-1,3.659820557E-1,8.663940430E-2
5.510997974E1,1.584014893E-1,-2.931365967E-1,2.167510986E-1
5.515997974E1,4.479522705E-1,-8.360290527E-2,1.348876953E-1
5.520997974E1,2.689666748E-1,-7.383728027E-2,1.294097900E-1
5.525997974E1,3.392181396E-1,-2.039489746E-1,-5.567932129E-2
5.530997974E1,2.029418945E-3,-4.512023926E-2,-1.754150391E-1
5.535997974E1,-2.368164062E-1,-1.605834961E-1,-2.047424316E-1
5.540997974E1,-6.693115234E-1,2.126617432E-1,-2.810974121E-1
5.545997974E1,2.665252686E-1,-2.705383301E-1,2.808990479E-1
5.550997974E1,-4.927673340E-1,-3.108215332E-2,-3.275146484E-1
5.555997974E1,1.058654785E-1,4.588317871E-1,2.494812012E-2
5.560997974E1,1.022033691E-1,8.070373535E-2,-6.240844727E-2
5.565997974E1,2.402648926E-1,-1.856231689E-1,2.247009277E-1
5.570997974E1,1.083068848E-1,3.549957275E-1,-2.532958984E-3
5.575997974E1,2.384185791E-1,-1.117095947E-1,1.959838867E-1
5.580997974E1,1.254119873E-1,3.782043457E-1,9.091186523E-2
5.585997974E1,-2.282714844E-1,1.216278076E-1,8.602905273E-2
5.590997974E1,-5.599975586E-2,-1.575317383E-1,-2.988128662E-1
5.595997974E1,-3.486175537E-1,-2.496337891E-2,3.227233887E-2
5.600997974E1,-4.616241455E-1,1.106414795E-1,-2.758789062E-2
5.605997974E1,-2.679748535E-1,-3.432312012E-1,7.014465332E-2
5.610997974E1,4.966735840E-2,-2.039489746E-1,7.843017578E-3
5.615997974E1,1.871185303E-1,5.200195312E-2,8.541870117E-2
5.620997974E1,3.062438965E-1,-2.436523438E-1,-8.378601074E-2
5.625997974E1,1.834564209E-1,-6.893920898E-2,-1.393737793E-1
5.630997974E1,-1.213684082E-1,1.369171143E-1,-3.018646240E-1
5.635997974E1,-4.854431152E-1,2.328491211E-2,-1.418151855E-1
5.640997974E1,6.250000000E-2,9.841918945E-3,1.171875000E-1
5.645997974E1,-1.317596436E-1,-3.181915283E-1,-1.048278809E-2
5.650997974E1,-3.852691650E-1,7.415771484E-3,-2.371063232E-1
5.655997974E1,7.594299316E-2,3.452148438E-1,3.105163574E-2
5.660997974E1,9.364318848E-2,-5.429077148E-2,-2.819824219E-2
5.665997974E1,1.309204102E-1,-5.307006836E-2,8.419799805E-2
5.670997974E1,2.677459717E-1,3.775939941E-1,9.335327148E-2
5.675997974E1,2.714080811E-1,-2.686920166E-1,1.226806641E-1
5.680997974E1,2.286529541E-1,7.654876709E-1,1.049652100E-1
5.685997974E1,-3.547210693E-1,-7.806091309E-1,-1.735839844E-1
5.690997974E1,1.315155029E-1,6.537017822E-1,2.082061768E-1
5.695997974E1,-4.304656982E-1,-7.934417725E-1,6.526184082E-2
5.700997974E1,-4.194641113E-1,-7.322692871E-2,1.403961182E-1
5.705997974E1,-7.859802246E-2,-8.468627930E-3,2.136993408E-1
5.710997974E1,-1.019287109E-2,-7.810974121E-2,2.960205078E-3
5.715997974E1,2.744750977E-1,-1.110992432E-1,3.654479980E-2
5.720997974E1,2.549285889E-1,2.248687744E-1,-1.198272705E-1
5.725997974E1,3.972625732E-1,-1.856231689E-1,-3.613281250E-2
5.730997974E1,4.470825195E-3,2.987976074E-1,-3.146972656E-1
5.735997974E1,-2.960815430E-1,-5.961303711E-1,-3.806610107E-1
5.740997974E1,-4.109191895E-1,3.745422363E-1,-3.470764160E-1
5.745997974E1,2.207183838E-1,5.566406250E-2,2.466888428E-1
5.750997974E1,-3.137817383E-1,9.597778320E-2,-1.705322266E-1
5.755997974E1,4.295349121E-2,1.210327148E-1,-2.085876465E-2
5.760997974E1,1.999359131E-1,-1.824951172E-2,1.391754150E-1
5.765997974E1,4.039611816E-1,-1.605834961E-1,2.986145020E-1
5.770997974E1,1.394653320E-1,2.022705078E-1,1.550598145E-1
5.775997974E1,2.683563232E-1,-2.357177734E-1,2.564544678E-1
5.780997974E1,1.584014893E-1,8.082580566E-1,2.320251465E-1
5.785997974E1,-2.649230957E-1,-3.927001953E-1,1.141204834E-1
5.790997974E1,3.622436523E-2,-2.374267578E-2,4.693603516E-2
5.795997974E1,-8.654785156E-2,-3.224639893E-1,2.454681396E-1
5.800997974E1,-4.518432617E-1,-1.098785400E-1,-1.332702637E-1
5.805997974E1,1.217498779E-1,1.962280273E-2,2.008666992E-1
5.810997974E1,6.921386719E-2,-5.429077148E-2,3.593444824E-2
5.815997974E1,3.190612793E-1,-1.330871582E-1,8.724975586E-2
5.820997974E1,2.225494385E-1,7.093811035E-2,-2.065734863E-1
5.825997974E1,2.292633057E-1,1.857757568E-1,-1.638183594E-1
5.830997974E1,1.761169434E-1,4.203491211E-1,-2.151184082E-1
5.835997974E1,-6.693115234E-1,-7.018127441E-1,-4.698486328E-1
5.840997974E1,-1.714477539E-1,5.688476562E-2,-1.729736328E-1
5.845997974E1,-5.050659180E-2,2.450561523E-2,5.609130859E-2
5.850997974E1,-3.211212158E-1,6.420898438E-2,-2.609405518E-1
5.855997974E1,2.279663086E-2,1.576843262E-1,-1.173858643E-1
5.860997974E1,1.113739014E-1,9.719848633E-2,-8.988952637E-2
5.865997974E1,3.673248291E-1,1.002502441E-1,1.690979004E-1
5.870997974E1,1.388549805E-1,-2.435302734E-2,1.739501953E-3
5.875997974E1,1.748962402E-1,7.887268066E-2,5.181884766E-2
5.880997974E1,1.425170898E-1,6.402587891E-1,1.623840332E-1
5.885997974E1,-4.500122070E-1,-8.044281006E-1,5.242919922E-2
5.890997974E1,9.304809570E-2,1.650085449E-1,2.136993408E-1
5.895997974E1,-2.991180420E-1,-9.582519531E-2,2.509613037E-1
5.900997974E1,-3.082885742E-1,-4.573059082E-2,1.080169678E-1
5.905997974E1,-1.323547363E-1,-1.813507080E-1,1.245117188E-1
5.910997974E1,1.596221924E-1,-2.984619141E-2,1.709442139E-1
5.915997974E1,1.602325439E-1,-5.416870117E-3,7.870483398E-2
5.920997974E1,2.787475586E-1,-1.593475342E-1,5.303955078E-2
5.925997974E1,1.205291748E-1,2.065429688E-1,-1.125030518E-1
5.930997974E1,2.842407227E-1,1.943359375E-1,1.800994873E-1
5.935997974E1,-9.264984131E-1,-5.600891113E-1,-4.704742432E-1
5.940997974E1,2.836303711E-1,1.039276123E-1,4.012298584E-1
5.945997974E1,-2.111663818E-1,9.414672852E-2,1.746063232E-1
5.950997974E1,-1.763458252E-1,-8.177185059E-2,-8.256530762E-2
5.955997974E1,-4.196166992E-2,2.676239014E-1,-4.469299316E-2
5.960997974E1,8.937072754E-2,9.246826172E-3,5.853271484E-2
5.965997974E1,2.457580566E-1,-2.252197266E-2,2.509613037E-1
5.970997974E1,3.744506836E-2,-1.335144043E-2,-3.186035156E-2
5.975997974E1,1.742858887E-1,-1.318664551E-1,1.220703125E-1
5.980997974E1,-6.394958496E-2,4.655609131E-1,1.638793945E-2
5.985997974E1,-8.349609375E-2,-5.845184326E-1,-1.882476807E-1
5.990997974E1,-6.210327148E-2,3.971405029E-1,1.355133057E-1
5.995997974E1,-1.793975830E-1,-3.548278809E-1,5.915832520E-2
6.000997974E1,-1.488647461E-1,8.804321289E-2,-9.155273438E-5
6.005997974E1,2.506408691E-1,-1.086578369E-1,-9.262084961E-3
6.010997974E1,1.095275879E-1,1.283569336E-1,8.541870117E-2
6.015997974E1,4.064178467E-1,-2.082214355E-1,1.150512695E-2
6.020997974E1,1.254119873E-1,3.733825684E-2,-1.051635742E-1
6.025997974E1,1.406860352E-1,1.161346436E-1,-2.450561523E-1
6.030997974E1,2.164306641E-1,5.486297607E-1,-4.408264160E-2
6.035997974E1,-5.300445557E-1,-3.310089111E-1,-6.940460205E-1
6.040997974E1,1.254119873E-1,8.560180664E-2,9.091186523E-2
6.045997974E1,-3.797607422E-1,-3.328399658E-1,-1.778564453E-1
6.050997974E1,-5.310058594E-3,1.417999268E-1,-3.247070312E-2
6.055997974E1,1.131896973E-1,3.672790527E-2,2.432250977E-2
6.060997974E1,1.803894043E-1,-5.856323242E-2,8.114624023E-2
6.065997974E1,2.646942139E-1,1.412963867E-2,1.025238037E-1
6.070997974E1,4.966735840E-2,6.790161133E-3,4.020690918E-2
6.075997974E1,1.535186768E-1,9.048461914E-2,9.674072266E-3
6.080997974E1,1.828308105E-1,8.876647949E-1,1.874237061E-1
6.085997974E1,-3.577728271E-1,-3.499450684E-1,-3.372955322E-1
6.090997974E1,8.132934570E-3,3.123474121E-2,1.281738281E-1
6.095997974E1,-9.999084473E-2,-1.367645264E-1,5.609130859E-2
6.100997974E1,-1.879577637E-1,-8.666992188E-2,5.792236328E-2
6.105997974E1,2.677459717E-1,-3.279571533E-1,1.794891357E-1
6.110997974E1,1.728820801E-2,8.987426758E-2,2.554321289E-2
6.115997974E1,2.793579102E-1,-4.922790527E-1,2.143096924E-1
6.120997974E1,8.937072754E-2,1.729431152E-1,-2.270507812E-2
6.125997974E1,8.570861816E-2,5.383300781E-2,-3.735351562E-2
6.130997974E1,3.074645996E-1,-6.834411621E-2,1.727752686E-1
6.135997974E1,-5.856323242E-1,-4.573059082E-2,-7.355804443E-1
6.140997974E1,1.639099121E-1,1.491241455E-1,1.275634766E-1
6.145997974E1,-3.241729736E-1,2.450561523E-2,-2.206268311E-1
6.150997974E1,2.462768555E-2,6.237792969E-2,-9.783935547E-2
6.155997974E1,1.639099121E-1,5.083160400E-1,4.791259766E-3
6.160997974E1,1.223602295E-1,-2.668762207E-1,2.676391602E-2
6.165997974E1,2.310943604E-1,-1.257629395E-1,1.306304932E-1
6.170997974E1,6.311035156E-2,2.187652588E-1,4.180908203E-3
6.175997974E1,2.805786133E-1,2.725219727E-1,1.080169678E-1
6.180997974E1,-4.440307617E-2,-1.055908203E-1,1.006927490E-1
6.185997974E1,1.388549805E-1,4.832458496E-2,-2.157287598E-1
6.190997974E1,-2.575836182E-1,-3.108215332E-2,8.602905273E-2
6.195997974E1,-4.891052246E-1,-3.230285645E-2,-5.812072754E-2
6.200997974E1,-1.891784668E-1,-3.010864258E-1,3.105163574E-2
6.205997974E1,8.265686035E-2,2.084350586E-2,5.670166016E-2
6.210997974E1,1.003723145E-1,7.415771484E-3,1.312255859E-1
6.215997974E1,2.543029785E-1,-1.257629395E-1,6.404113770E-2
6.220997974E1,1.816101074E-1,1.185760498E-1,-9.843444824E-2
6.225997974E1,1.687927246E-1,-8.177185059E-2,-2.004547119E-1
6.230997974E1,1.858978271E-1,-2.130126953E-2,-9.965515137E-2
6.235997974E1,-5.660858154E-1,-5.734252930E-2,-8.424835205E-1
6.240997974E1,-1.342010498E-1,7.032775879E-2,-5.018615723E-2
6.245997974E1,-4.054260254E-1,-2.149505615E-1,-2.450561523E-1
6.250997974E1,9.608459473E-2,2.047119141E-1,1.342926025E-1
6.255997974E1,5.210876465E-2,1.552429199E-1,1.457214355E-2
6.260997974E1,3.764801025E-1,-1.226959229E-1,2.387390137E-1
6.265997974E1,1.333618164E-1,2.548065186E-1,4.791259766E-3
6.270997974E1,2.549285889E-1,-1.654663086E-1,5.426025391E-2
6.275997974E1,1.138153076E-1,7.294464111E-1,8.358764648E-2
6.280997974E1,-2.569732666E-1,-2.540435791E-1,-1.414489746E-2
6.285997974E1,-7.127380371E-2,-6.027221680E-3,-2.230682373E-1
6.290997974E1,-1.427459717E-1,-3.145141602E-1,1.043548584E-1
6.295997974E1,-3.315124512E-1,-1.165924072E-1,1.312255859E-1
6.300997974E1,-1.916198730E-1,-1.898956299E-1,1.489562988E-1
6.305997974E1,1.987152100E-1,-2.063903809E-1,2.069854736E-1
6.310997974E1,8.265686035E-2,1.228332520E-2,1.941528320E-1
6.315997974E1,1.956634521E-1,-3.004608154E-1,9.674072266E-3
6.320997974E1,2.158203125E-1,-7.688903809E-2,-5.445861816E-2
6.325997974E1,8.815002441E-2,5.688476562E-2,-1.546478271E-1
6.330997974E1,2.213134766E-1,1.198120117E-1,4.327392578E-2
6.335997974E1,-4.206848145E-1,-1.306457520E-1,-6.250152588E-1
6.340997974E1,-1.448059082E-2,6.971740723E-2,1.452789307E-1
6.345997974E1,-2.313232422E-1,7.521057129E-2,-8.651733398E-3
6.350997974E1,-4.928588867E-2,1.802825928E-1,7.624816895E-2
6.355997974E1,1.455841064E-1,8.497619629E-2,1.868286133E-1
6.360997974E1,2.756958008E-1,-5.978393555E-2,1.953735352E-1
6.365997974E1,9.793090820E-2,8.636474609E-3,6.221008301E-2
6.370997974E1,1.681823730E-1,1.057434082E-1,1.884460449E-2
6.375997974E1,-2.607727051E-2,4.954833984E-1,-3.753662109E-3
6.380997974E1,3.195190430E-2,5.846710205E-1,2.882232666E-1
6.385997974E1,5.691528320E-3,-4.904479980E-1,-3.674316406E-2
6.390997974E1,-3.272247314E-1,-4.084777832E-2,1.623840332E-1
6.395997974E1,-4.274139404E-1,1.998291016E-1,5.187988281E-4
6.400997974E1,-8.972167969E-3,-1.123199463E-1,2.796630859E-1
6.405997974E1,1.406860352E-1,1.674499512E-1,1.800994873E-1
6.410997974E1,1.657257080E-1,-2.424316406E-1,2.503509521E-1
6.415997974E1,2.439270020E-1,-2.435302734E-2,9.642028809E-2
6.420997974E1,1.186981201E-1,-1.947021484E-2,5.731201172E-2
6.425997974E1,2.304840088E-1,-1.294250488E-1,2.130889893E-1
6.430997974E1,-4.335174561E-1,-7.280731201E-1,-2.761993408E-1
6.435997974E1,-1.692199707E-2,4.337921143E-1,-4.713439941E-2
6.440997974E1,-2.337646484E-1,-7.247924805E-3,9.335327148E-2
6.445997974E1,-2.612457275E-1,-6.956481934E-2,-1.723632812E-1
6.450997974E1,1.057434082E-2,2.590789795E-1,2.369079590E-1
6.455997974E1,1.089324951E-1,-3.657531738E-2,3.288269043E-2
6.460997974E1,2.915802002E-1,-9.582519531E-2,3.462677002E-1
6.465997974E1,3.073120117E-2,-2.680969238E-1,-9.417724609E-2
6.470997974E1,1.913909912E-1,2.566375732E-1,1.165618896E-1
6.475997974E1,1.944427490E-1,7.569427490E-1,7.624816895E-2
6.480997974E1,-4.066467285E-1,-3.560638428E-1,-5.628967285E-2
6.485997974E1,-1.684112549E-1,3.006134033E-1,1.990356445E-1
6.490997974E1,-3.095245361E-1,-5.826873779E-1,1.457214355E-2
6.495997974E1,-3.412780762E-1,-3.901672363E-2,-2.697753906E-2
6.500997974E1,4.470825195E-3,-1.538696289E-1,1.159667969E-1
6.505997974E1,2.139892578E-1,-1.495819092E-1,2.310180664E-2
6.510997974E1,1.406860352E-1,-2.454833984E-1,-3.158569336E-3
6.515997974E1,2.249908447E-1,-2.069091797E-2,-1.063842773E-1
6.520997974E1,-3.340148926E-2,1.295776367E-1,-2.163391113E-1
6.525997974E1,2.952423096E-1,1.479034424E-1,7.014465332E-2
6.530997974E1,-1.062713623E0,-2.821350098E-1,-5.706481934E-1
6.535997974E1,1.791687012E-1,3.123474121E-2,1.257324219E-1
6.540997974E1,-4.048156738E-1,-2.008056641E-2,-7.278442383E-2
6.545997974E1,-1.097564697E-1,1.289672852E-1,-2.085876465E-2
6.550997974E1,1.895599365E-1,3.482666016E-1,-3.186035156E-2
6.555997974E1,2.622528076E-1,-2.748107910E-1,5.426025391E-2
6.560997974E1,1.486206055E-1,-2.679443359E-2,1.013031006E-1
6.565997974E1,2.420959473E-1,-1.336975098E-1,7.807922363E-2
6.570997974E1,4.039611816E-1,4.930419922E-1,1.501770020E-1
6.575997974E1,1.712341309E-1,7.166137695E-1,1.917114258E-1
6.580997974E1,-2.655334473E-1,-5.387115479E-1,-8.041381836E-3
6.585997974E1,-1.543426514E-1,4.264678955E-1,1.104583740E-1
6.590997974E1,-5.813446045E-1,-2.742004395E-1,-6.362915039E-2
6.595997974E1,-5.661010742E-2,-4.336395264E-1,2.497406006E-1
6.600997974E1,-8.959960938E-2,9.048461914E-2,1.067962646E-1
6.605997974E1,3.410491943E-1,-3.023071289E-1,2.466888428E-1
6.610997974E1,1.254119873E-1,1.283569336E-1,-2.880859375E-2
6.615997974E1,3.184509277E-1,-3.291778564E-1,-1.963806152E-2
6.620997974E1,-6.150817871E-2,1.796722412E-1,-2.554321289E-1
6.625997974E1,1.302947998E-1,1.350402832E-2,5.548095703E-2
6.630997974E1,-1.101821899E0,-6.914215088E-1,-9.658813477E-1
6.635997974E1,2.329254150E-1,4.301300049E-1,1.758270264E-1
6.640997974E1,-2.081146240E-1,7.826232910E-2,-1.656341553E-1
6.645997974E1,-5.355834961E-2,2.273101807E-1,-6.423950195E-2
6.650997974E1,-6.530761719E-3,2.847290039E-1,-4.835510254E-2
6.655997974E1,1.987152100E-1,-3.456726074E-1,1.275634766E-1
6.660997974E1,-9.082031250E-2,-1.685180664E-1,1.061859131E-1
6.665997974E1,1.449584961E-1,-1.508026123E-1,7.992553711E-2
6.670997974E1,1.400756836E-1,6.634826660E-1,2.668457031E-1
6.675997974E1,1.877288818E-1,2.144927979E-1,3.340454102E-1
6.680997974E1,1.095275879E-1,-6.627197266E-1,2.960205078E-3
6.685997974E1,-5.416870117E-2,1.808929443E-1,8.541870117E-2
6.690997974E1,-4.304656982E-1,8.375549316E-2,-2.200012207E-1
6.695997974E1,7.350158691E-2,2.083740234E-1,8.480834961E-2
6.700997974E1,1.235809326E-1,6.790161133E-3,-9.233093262E-2
6.705997974E1,2.518615723E-1,1.962280273E-2,2.210235596E-1
6.710997974E1,1.700134277E-1,-1.642456055E-1,1.943969727E-2
6.715997974E1,8.937072754E-2,-1.727905273E-1,7.014465332E-2
6.720997974E1,-3.767395020E-2,2.871704102E-1,-4.530334473E-2
6.725997974E1,6.188964844E-2,-1.343078613E-1,1.941528320E-1
6.730997974E1,-2.148284912E-1,7.415771484E-3,-5.382690430E-1
6.735997974E1,1.406860352E-1,-4.023742676E-2,-4.974365234E-3
6.740997974E1,-2.924194336E-1,-4.328918457E-2,-3.489074707E-1
6.745997974E1,3.439331055E-2,1.949310303E-1,-1.467132568E-1
6.750997974E1,1.736755371E-1,-4.196166992E-3,-1.109313965E-2
6.755997974E1,2.029418945E-3,-1.178131104E-1,2.128601074E-2
6.760997974E1,1.645050049E-1,-2.467041016E-1,1.208496094E-1
6.765997974E1,4.295349121E-2,7.276916504E-2,8.236694336E-2
6.770997974E1,3.080596924E-1,5.981140137E-1,1.911010742E-1
6.775997974E1,-2.129974365E-1,-5.442047119E-1,-1.008911133E-1
6.780997974E1,-8.972167969E-3,5.009918213E-1,1.739501953E-3
6.785997974E1,-3.211212158E-1,-1.086578369E-1,8.541870117E-2
6.790997974E1,-3.809814453E-1,-2.381591797E-1,1.397857666E-1
6.795997974E1,7.531738281E-2,1.705017090E-1,3.169403076E-1
6.800997974E1,8.815002441E-2,-8.604431152E-2,1.965942383E-1
6.805997974E1,2.396392822E-1,-1.837921143E-1,1.947631836E-1
6.810997974E1,1.944427490E-1,-5.612182617E-2,-5.445861816E-2
6.815997974E1,2.860717773E-1,-2.473297119E-1,-5.323791504E-2
6.820997974E1,6.433105469E-2,3.439941406E-1,-1.601409912E-1
6.825997974E1,-2.594299316E-1,-5.955200195E-1,-6.179809570E-2
6.830997974E1,-1.629028320E-1,2.004394531E-1,-2.963714600E-1
6.835997974E1,2.462768555E-2,1.564636230E-1,1.935424805E-1
6.840997974E1,-2.850799561E-1,-2.027282715E-1,6.011962891E-3
6.845997974E1,1.773376465E-1,1.918945312E-1,-4.225158691E-2
6.850997974E1,2.317047119E-1,2.236480713E-1,8.602905273E-2
6.855997974E1,3.752593994E-1,-1.764526367E-1,3.267211914E-1
6.860997974E1,1.179504395E-2,5.200195312E-2,3.288269043E-2
6.865997974E1,2.396392822E-1,-4.573059082E-2,2.094268799E-1
6.870997974E1,2.726287842E-1,6.720275879E-1,1.660614014E-1
6.875997974E1,-3.486175537E-1,-4.354705811E-1,9.335327148E-2
6.880997974E1,2.286529541E-1,3.568115234E-1,1.868286133E-1
6.885997974E1,-3.082885742E-1,-6.405639648E-2,6.465148926E-2
6.890997974E1,-2.997436523E-1,1.320190430E-1,1.336669922E-1
6.895997974E1,-1.476440430E-1,-1.862335205E-1,7.136535645E-2
6.900997974E1,1.205291748E-1,-7.858276367E-3,2.008666992E-1
6.905997974E1,4.844665527E-2,6.195068359E-3,1.269531250E-1
6.910997974E1,1.535186768E-1,-2.723693848E-1,9.457397461E-2
6.915997974E1,1.070861816E-1,-6.161499023E-2,-7.951354980E-2
6.920997974E1,1.681823730E-1,3.733825684E-2,-8.561706543E-2
6.925997974E1,-1.012634277E0,-4.128723145E-1,-6.225738525E-1
6.930997974E1,6.005859375E-2,2.755737305E-1,9.825134277E-2
6.935997974E1,-1.445770264E-1,-4.145812988E-2,7.014465332E-2
6.940997974E1,-1.201477051E-1,-1.519775391E-2,-4.957580566E-2
6.945997974E1,2.042236328E-1,1.271362305E-1,4.020690918E-2
6.950997974E1,2.048339844E-1,-4.756164551E-2,1.575012207E-1
6.955997974E1,2.585906982E-1,9.246826172E-3,1.794891357E-1
6.960997974E1,1.382446289E-1,6.910705566E-2,7.319641113E-2
6.965997974E1,1.028137207E-1,-7.444763184E-2,5.609130859E-2
6.970997974E1,2.176513672E-1,1.128967285E0,2.033081055E-1
6.975997974E1,-1.176910400E-1,-5.442047119E-1,-1.002807617E-1
6.980997974E1,-3.096008301E-2,-5.917358398E-2,2.833404541E-1
6.985997974E1,-1.604614258E-1,-2.100524902E-1,3.961181641E-2
6.990997974E1,-2.624816895E-1,1.399536133E-1,5.426025391E-2
6.995997974E1,8.132934570E-3,-3.316192627E-1,9.396362305E-2
7.000997974E1,6.127929688E-2,5.932617188E-2,1.373291016E-1
7.005997974E1,8.937072754E-2,-3.340606689E-1,6.011962891E-3
7.010997974E1,8.021545410E-2,-2.191162109E-2,7.992553711E-2
7.015997974E1,-7.615661621E-2,-2.222747803E-1,-2.084045410E-1
7.020997974E1,-3.034973145E-2,1.369171143E-1,-6.851196289E-2
7.025997974E1,-4.060363770E-1,2.034912109E-1,-3.977661133E-1
7.030997974E1,8.326721191E-2,-1.770782471E-1,1.507720947E-1
7.035997974E1,-4.341278076E-1,-1.251373291E-1,-2.994232178E-1
7.040997974E1,-2.013854980E-1,-5.416870117E-3,-1.650390625E-1
7.045997974E1,-6.944274902E-2,1.130828857E-1,-1.393737793E-1
7.050997974E1,1.504669189E-1,8.987426758E-2,8.480834961E-2
7.055997974E1,3.825988770E-1,-1.519775391E-2,1.800994873E-1
7.060997974E1,2.274322510E-1,2.890167236E-1,1.153411865E-1
7.065997974E1,3.007354736E-1,2.364807129E-1,2.118682861E-1
7.070997974E1,2.414855957E-1,6.286621094E-1,2.106475830E-1
7.075997974E1,-1.488647461E-1,-3.908843994E-1,-3.006439209E-1
7.080997974E1,-1.494598389E-1,-1.144409180E-3,1.202392578E-1
7.085997974E1,-2.807922363E-1,-1.905059814E-1,-5.384826660E-2
7.090997974E1,-1.574096680E-1,-8.360290527E-2,1.495513916E-1
7.095997974E1,-3.584289551E-2,-3.114624023E-1,4.264831543E-2
7.100997974E1,5.065917969E-3,-7.200622559E-2,1.361083984E-1
7.105997974E1,1.736755371E-1,-8.789062500E-2,1.129150391E-3
7.110997974E1,1.559600830E-1,3.753662109E-3,-2.392578125E-2
7.115997974E1,1.535186768E-1,-1.935577393E-1,-1.008911133E-1
7.120997974E1,9.486389160E-2,2.279205322E-1,-3.979492188E-2
7.125997974E1,-5.630187988E-1,-1.404266357E-1,-5.077362061E-1
7.130997974E1,-2.258300781E-3,4.893493652E-2,1.116790771E-1
7.135997974E1,-1.879577637E-1,-3.718566895E-2,-1.125030518E-1
7.140997974E1,6.912231445E-3,1.833343506E-1,-1.210479736E-1
7.145997974E1,1.278533936E-1,1.149139404E-1,8.053588867E-2
7.150997974E1,9.852600098E-2,4.710388184E-2,9.152221680E-2
7.155997974E1,2.256011963E-1,3.672790527E-2,1.550598145E-1
7.160997974E1,1.657257080E-1,1.290893555E-2,1.000823975E-1
7.165997974E1,1.669616699E-1,3.091735840E-1,1.776580811E-1
7.170997974E1,2.970733643E-1,7.881011963E-1,3.028869629E-1
7.175997974E1,-3.650970459E-1,-4.373016357E-1,-1.943511963E-1
7.180997974E1,9.486389160E-2,3.458251953E-1,3.749694824E-1
7.185997974E1,-2.362060547E-1,-4.275360107E-1,1.410064697E-1
7.190997974E1,-9.999084473E-2,1.332397461E-1,2.295837402E-1
7.195997974E1,-2.868652344E-3,-1.453094482E-1,4.264831543E-2
7.200997974E1,4.905700684E-2,-1.422424316E-1,8.724975586E-2
7.205997974E1,1.455841064E-1,1.228485107E-1,1.239013672E-1
7.210997974E1,2.463684082E-1,-2.314453125E-1,4.386901855E-2
7.215997974E1,1.040344238E-1,1.430206299E-1,-4.286193848E-2
7.220997974E1,8.631896973E-2,-1.196594238E-1,-1.045532227E-1
7.225997974E1,-9.472656250E-1,-1.226959229E-1,-6.482238770E-1
7.230997974E1,4.833831787E-1,2.590789795E-1,4.403228760E-1
7.235997974E1,-1.745147705E-1,3.916931152E-2,-1.130981445E-1
7.240997974E1,-8.361816406E-3,-1.324768066E-1,-1.076049805E-1
7.245997974E1,1.484680176E-2,3.861389160E-1,-3.552246094E-2
7.250997974E1,1.920013428E-1,-6.405639648E-2,9.457397461E-2
7.255997974E1,2.384185791E-1,2.877807617E-2,8.786010742E-2
7.260997974E1,2.335357666E-1,-3.718566895E-2,2.310180664E-2
7.265997974E1,1.516876221E-1,2.145385742E-2,3.776550293E-2
7.270997974E1,1.822204590E-1,5.535125732E-1,1.721649170E-1
7.275997974E1,-4.921722412E-1,-5.496978760E-1,-1.998443604E-1
7.280997974E1,1.852874756E-1,7.795410156E-1,2.778472900E-1
7.285997974E1,-1.635131836E-1,-8.478088379E-1,1.067962646E-1
7.290997974E1,-3.119659424E-1,1.307983398E-1,4.937744141E-2
7.295997974E1,-2.301025391E-2,3.977966309E-2,1.935424805E-1
7.300997974E1,4.112243652E-2,-6.771850586E-2,1.575012207E-1
7.305997974E1,4.051208496E-2,-6.405639648E-2,2.460784912E-1
7.310997974E1,1.272583008E-1,-2.045593262E-1,6.526184082E-2
7.315997974E1,2.158203125E-1,-9.521484375E-2,1.074066162E-1
7.320997974E1,1.614532471E-1,2.212066650E-1,-5.262756348E-2
7.325997974E1,-2.893524170E-1,-4.550170898E-1,-3.002929688E-2
7.330997974E1,-1.696319580E-1,2.028808594E-1,-1.247100830E-1
7.335997974E1,1.938323975E-1,1.320190430E-1,3.804626465E-1
7.340997974E1,-1.464080811E-1,-2.717590332E-1,3.570556641E-3
7.345997974E1,4.539489746E-2,1.857757568E-1,1.165618896E-1
7.350997974E1,5.149841309E-2,9.719848633E-2,2.973937988E-1
7.355997974E1,7.653808594E-2,3.977966309E-2,5.008087158E-1
7.360997974E1,4.478454590E-2,-7.566833496E-2,4.629364014E-1
7.365997974E1,1.510772705E-1,2.951202393E-1,6.119842529E-1
7.370997974E1,1.571807861E-1,5.993652344E-2,6.846771240E-1
7.375997974E1,5.088806152E-2,5.639038086E-1,7.543182373E-1
7.380997974E1,-1.867370605E-1,-3.267364502E-1,6.101531982E-1
7.385997974E1,1.028137207E-1,1.515655518E-1,1.072586060E0
7.390997974E1,-2.404785156E-1,-1.685180664E-1,7.097320557E-1
7.395997974E1,2.624511719E-3,5.663452148E-1,1.034713745E0
7.400997974E1,-7.676696777E-2,2.297515869E-1,9.039764404E-1
7.405997974E1,-7.432556152E-2,-2.679443359E-2,8.911590576E-1
7.410997974E1,-1.183166504E-1,8.804321289E-2,7.769317627E-1
7.415997974E1,2.121582031E-1,-1.373596191E-1,7.885284424E-1
7.420997974E1,7.165527344E-2,-9.399414062E-2,6.388702393E-1
7.425997974E1,2.805786133E-1,-1.824951172E-2,6.749114990E-1
7.430997974E1,-2.258300781E-3,-1.770782471E-1,6.040496826E-1
7.435997974E1,-3.675384521E-1,-4.354705811E-1,4.110107422E-1
7.440997974E1,-9.448242188E-2,1.088104248E-1,7.201080322E-1
7.445997974E1,1.944427490E-1,4.704437256E-1,8.587799072E-1
7.450997974E1,9.364318848E-2,-5.826873779E-1,6.052703857E-1
7.455997974E1,-1.842956543E-1,3.427124023E-2,3.047180176E-1
7.460997974E1,1.162567139E-1,-1.153564453E-2,6.547393799E-1
7.465997974E1,-6.272888184E-2,9.963989258E-2,4.769897461E-1
7.470997974E1,-8.972167969E-3,-1.029968262E-2,5.356292725E-1
7.475997974E1,3.744506836E-2,1.448364258E-1,5.374603271E-1
7.480997974E1,2.767944336E-2,3.916931152E-2,6.034240723E-1
7.485997974E1,2.523803711E-2,-1.091003418E-2,5.802154541E-1
7.490997974E1,4.417419434E-2,1.674499512E-1,5.973205566E-1
7.495997974E1,1.529083252E-1,8.070373535E-2,2.973937988E-1
7.500997974E1,3.012084961E-2,1.228332520E-2,3.364868164E-1
7.505997974E1,2.157592773E-2,-3.289794922E-2,2.784423828E-1
7.510997974E1,-1.256408691E-1,2.786254883E-1,8.847045898E-2
7.515997974E1,-1.936340332E-2,-9.689331055E-3,1.214599609E-1
7.520997974E1,-7.554626465E-2,1.472930908E-1,2.960205078E-3
7.525997974E1,-4.989624023E-2,1.412963867E-2,5.187988281E-4
7.530997974E1,2.584838867E-2,1.741638184E-1,6.622314453E-3
7.535997974E1,-9.582519531E-3,-2.130126953E-2,-3.158569336E-3
7.540997974E1,3.805541992E-2,7.582092285E-2,3.715515137E-2
7.545997974E1,4.112243652E-2,1.369171143E-1,6.831359863E-2
7.550997974E1,1.484680176E-2,2.450561523E-2,1.638793945E-2
