Compressive displacement,Primary force measurement,Time measurement
(mm),(kN),(s)
"0.00000","0.00023","0.00000"
"0.00003","0.00039","0.02000"
"0.00022","0.00024","0.04000"
"0.00049","0.00007","0.06000"
"0.00072","-0.00035","0.08000"
"0.00072","-0.00016","0.10000"
"0.00087","0.00022","0.12000"
"0.00120","0.00036","0.14000"
"0.00161","0.00032","0.16000"
"0.00198","-0.00009","0.18000"
"0.00225","-0.00021","0.20000"
"0.00252","-0.00023","0.22000"
"0.00283","0.00006","0.24000"
"0.00319","0.00016","0.26000"
"0.00362","0.00014","0.28000"
"0.00411","0.00009","0.30000"
"0.00465","0.00003","0.32000"
"0.00517","-0.00015","0.34000"
"0.00564","-0.00013","0.36000"
"0.00604","-0.00005","0.38000"
"0.00639","-0.00004","0.40000"
"0.00668","-0.00001","0.42000"
"0.00692","-0.00007","0.44000"
"0.00712","-0.00014","0.46000"
"0.00734","-0.00003","0.48000"
"0.00757","0.00019","0.50000"
"0.00784","0.00044","0.52000"
"0.00818","0.00074","0.54000"
"0.00858","0.00150","0.56000"
"0.00905","0.00234","0.58000"
"0.00954","0.00347","0.60000"
"0.00996","0.00514","0.62000"
"0.01029","0.00697","0.64000"
"0.01056","0.00883","0.66000"
"0.01085","0.01060","0.68000"
"0.01120","0.01268","0.70000"
"0.01156","0.01524","0.72000"
"0.01190","0.01833","0.74000"
"0.01217","0.02141","0.76000"
"0.01238","0.02453","0.78000"
"0.01262","0.02697","0.80000"
"0.01288","0.02937","0.82000"
"0.01317","0.03209","0.84000"
"0.01352","0.03536","0.86000"
"0.01392","0.03948","0.88000"
"0.01438","0.04478","0.90000"
"0.01487","0.05080","0.92000"
"0.01533","0.05751","0.94000"
"0.01575","0.06462","0.96000"
"0.01613","0.07090","0.98000"
"0.01646","0.07713","1.00000"
"0.01673","0.08281","1.02000"
"0.01698","0.08760","1.04000"
"0.01720","0.09164","1.06000"
"0.01740","0.09566","1.08000"
"0.01762","0.09932","1.10000"
"0.01787","0.10297","1.12000"
"0.01816","0.10712","1.14000"
"0.01852","0.11233","1.16000"
"0.01895","0.11862","1.18000"
"0.01945","0.12619","1.20000"
"0.01993","0.13506","1.22000"
"0.02031","0.14423","1.24000"
"0.02060","0.15195","1.26000"
"0.02088","0.15792","1.28000"
"0.02119","0.16361","1.30000"
"0.02155","0.17004","1.32000"
"0.02192","0.17685","1.34000"
"0.02224","0.18399","1.36000"
"0.02248","0.19086","1.38000"
"0.02269","0.19664","1.40000"
"0.02291","0.20118","1.42000"
"0.02317","0.20559","1.44000"
"0.02348","0.21057","1.46000"
"0.02384","0.21697","1.48000"
"0.02428","0.22480","1.50000"
"0.02477","0.23385","1.52000"
"0.02526","0.24411","1.54000"
"0.02572","0.25461","1.56000"
"0.02613","0.26499","1.58000"
"0.02649","0.27442","1.60000"
"0.02680","0.28276","1.62000"
"0.02706","0.28991","1.64000"
"0.02728","0.29610","1.66000"
"0.02750","0.30154","1.68000"
"0.02771","0.30636","1.70000"
"0.02794","0.31112","1.72000"
"0.02820","0.31621","1.74000"
"0.02852","0.32194","1.76000"
"0.02890","0.32914","1.78000"
"0.02937","0.33798","1.80000"
"0.02988","0.34864","1.82000"
"0.03033","0.36044","1.84000"
"0.03065","0.37138","1.86000"
"0.03093","0.38024","1.88000"
"0.03121","0.38732","1.90000"
"0.03154","0.39406","1.92000"
"0.03192","0.40181","1.94000"
"0.03227","0.41056","1.96000"
"0.03254","0.41919","1.98000"
"0.03275","0.42668","2.00000"
"0.03296","0.43271","2.02000"
"0.03321","0.43790","2.04000"
"0.03349","0.44385","2.06000"
"0.03383","0.45104","2.08000"
"0.03423","0.45974","2.10000"
"0.03468","0.46992","2.12000"
"0.03516","0.48156","2.14000"
"0.03565","0.49453","2.16000"
"0.03609","0.50771","2.18000"
"0.03648","0.52018","2.20000"
"0.03681","0.53166","2.22000"
"0.03710","0.54163","2.24000"
"0.03735","0.54985","2.26000"
"0.03758","0.55732","2.28000"
"0.03779","0.56420","2.30000"
"0.03800","0.57053","2.32000"
"0.03825","0.57688","2.34000"
"0.03853","0.58395","2.36000"
"0.03886","0.59204","2.38000"
"0.03927","0.60210","2.40000"
"0.03976","0.61441","2.42000"
"0.04025","0.62909","2.44000"
"0.04066","0.64455","2.46000"
"0.04097","0.65852","2.48000"
"0.04124","0.66972","2.50000"
"0.04153","0.67903","2.52000"
"0.04187","0.68856","2.54000"
"0.04223","0.69919","2.56000"
"0.04257","0.71088","2.58000"
"0.04283","0.72209","2.60000"
"0.04304","0.73165","2.62000"
"0.04326","0.73958","2.64000"
"0.04352","0.74694","2.66000"
"0.04382","0.75532","2.68000"
"0.04417","0.76516","2.70000"
"0.04459","0.77721","2.72000"
"0.04507","0.79148","2.74000"
"0.04556","0.80811","2.76000"
"0.04602","0.82576","2.78000"
"0.04644","0.84314","2.80000"
"0.04682","0.85874","2.82000"
"0.04716","0.87304","2.84000"
"0.04744","0.88564","2.86000"
"0.04768","0.89606","2.88000"
"0.04789","0.90522","2.90000"
"0.04808","0.91308","2.92000"
"0.04830","0.92009","2.94000"
"0.04855","0.92770","2.96000"
"0.04886","0.93672","2.98000"
"0.04923","0.94776","3.00000"
"0.04968","0.96176","3.02000"
"0.05016","0.97857","3.04000"
"0.05060","0.99733","3.06000"
"0.05096","1.01546","3.08000"
"0.05124","1.03029","3.10000"
"0.05152","1.04227","3.12000"
"0.05183","1.05361","3.14000"
"0.05218","1.06578","3.16000"
"0.05253","1.07947","3.18000"
"0.05285","1.09345","3.20000"
"0.05310","1.10634","3.22000"
"0.05332","1.11747","3.24000"
"0.05355","1.12653","3.26000"
"0.05382","1.13601","3.28000"
"0.05414","1.14685","3.30000"
"0.05453","1.15970","3.32000"
"0.05497","1.17556","3.34000"
"0.05545","1.19412","3.36000"
"0.05594","1.21458","3.38000"
"0.05640","1.23599","3.40000"
"0.05682","1.25661","3.42000"
"0.05719","1.27534","3.44000"
"0.05751","1.29242","3.46000"
"0.05776","1.30703","3.48000"
"0.05797","1.31913","3.50000"
"0.05817","1.32875","3.52000"
"0.05837","1.33780","3.54000"
"0.05860","1.34702","3.56000"
"0.05886","1.35707","3.58000"
"0.05918","1.36914","3.60000"
"0.05957","1.38384","3.62000"
"0.06002","1.40171","3.64000"
"0.06051","1.42294","3.66000"
"0.06094","1.44601","3.68000"
"0.06127","1.46737","3.70000"
"0.06155","1.48485","3.72000"
"0.06185","1.49938","3.74000"
"0.06217","1.51362","3.76000"
"0.06253","1.52901","3.78000"
"0.06287","1.54614","3.80000"
"0.06317","1.56298","3.82000"
"0.06341","1.57801","3.84000"
"0.06363","1.59056","3.86000"
"0.06387","1.60192","3.88000"
"0.06416","1.61401","3.90000"
"0.06450","1.62804","3.92000"
"0.06490","1.64489","3.94000"
"0.06536","1.66503","3.96000"
"0.06587","1.68860","3.98000"
"0.06636","1.71458","4.00000"
"0.06681","1.74088","4.02000"
"0.06719","1.76503","4.04000"
"0.06752","1.78572","4.06000"
"0.06780","1.80359","4.08000"
"0.06803","1.81858","4.10000"
"0.06824","1.83152","4.12000"
"0.06844","1.84275","4.14000"
"0.06865","1.85315","4.16000"
"0.06889","1.86389","4.18000"
"0.06917","1.87627","4.20000"
"0.06951","1.89135","4.22000"
"0.06993","1.90949","4.24000"
"0.07040","1.93160","4.26000"
"0.07087","1.95687","4.28000"
"0.07129","1.98320","4.30000"
"0.07161","2.00679","4.32000"
"0.07189","2.02579","4.34000"
"0.07218","2.04158","4.36000"
"0.07251","2.05730","4.38000"
"0.07288","2.07489","4.40000"
"0.07322","2.09444","4.42000"
"0.07349","2.11312","4.44000"
"0.07370","2.12894","4.46000"
"0.07393","2.14198","4.48000"
"0.07420","2.15470","4.50000"
"0.07450","2.16894","4.52000"
"0.07487","2.18529","4.54000"
"0.07530","2.20507","4.56000"
"0.07579","2.22921","4.58000"
"0.07629","2.25668","4.60000"
"0.07675","2.28550","4.62000"
"0.07713","2.31237","4.64000"
"0.07746","2.33544","4.66000"
"0.07776","2.35509","4.68000"
"0.07803","2.37243","4.70000"
"0.07828","2.38804","4.72000"
"0.07851","2.40234","4.74000"
"0.07872","2.41553","4.76000"
"0.07894","2.42808","4.78000"
"0.07919","2.44080","4.80000"
"0.07949","2.45500","4.82000"
"0.07985","2.47175","4.84000"
"0.08029","2.49213","4.86000"
"0.08079","2.51735","4.88000"
"0.08126","2.54618","4.90000"
"0.08163","2.57419","4.92000"
"0.08192","2.59764","4.94000"
"0.08220","2.61615","4.96000"
"0.08252","2.63265","4.98000"
"0.08287","2.65036","5.00000"
"0.08321","2.67038","5.02000"
"0.08352","2.69100","5.04000"
"0.08378","2.70987","5.06000"
"0.08401","2.72587","5.08000"
"0.08426","2.74014","5.10000"
"0.08453","2.75446","5.12000"
"0.08485","2.77067","5.14000"
"0.08522","2.78952","5.16000"
"0.08567","2.81175","5.18000"
"0.08615","2.83833","5.20000"
"0.08663","2.86783","5.22000"
"0.08706","2.89712","5.24000"
"0.08743","2.92448","5.26000"
"0.08776","2.94868","5.28000"
"0.08807","2.96937","5.30000"
"0.08835","2.98835","5.32000"
"0.08860","3.00565","5.34000"
"0.08882","3.02117","5.36000"
"0.08903","3.03460","5.38000"
"0.08926","3.04752","5.40000"
"0.08954","3.06154","5.42000"
"0.08986","3.07804","5.44000"
"0.09024","3.09783","5.46000"
"0.09070","3.12148","5.48000"
"0.09119","3.14938","5.50000"
"0.09162","3.17966","5.52000"
"0.09197","3.20769","5.54000"
"0.09225","3.23076","5.56000"
"0.09253","3.24954","5.58000"
"0.09285","3.26716","5.60000"
"0.09323","3.28658","5.62000"
"0.09358","3.30883","5.64000"
"0.09387","3.33130","5.66000"
"0.09408","3.35040","5.68000"
"0.09429","3.36523","5.70000"
"0.09453","3.37845","5.72000"
"0.09482","3.39283","5.74000"
"0.09516","3.41022","5.76000"
"0.09556","3.43097","5.78000"
"0.09603","3.45639","5.80000"
"0.09652","3.48613","5.82000"
"0.09700","3.51809","5.84000"
"0.09742","3.54882","5.86000"
"0.09779","3.57677","5.88000"
"0.09813","3.60201","5.90000"
"0.09843","3.62406","5.92000"
"0.09867","3.64352","5.94000"
"0.09890","3.66017","5.96000"
"0.09911","3.67477","5.98000"
"0.09932","3.68819","6.00000"
"0.09956","3.70163","6.02000"
"0.09984","3.71674","6.04000"
"0.10018","3.73475","6.06000"
"0.10059","3.75638","6.08000"
"0.10106","3.78264","6.10000"
"0.10155","3.81338","6.12000"
"0.10197","3.84538","6.14000"
"0.10228","3.87389","6.16000"
"0.10255","3.89662","6.18000"
"0.10285","3.91537","6.20000"
"0.10319","3.93431","6.22000"
"0.10355","3.95581","6.24000"
"0.10387","3.97925","6.26000"
"0.10413","4.00139","6.28000"
"0.10436","4.02027","6.30000"
"0.10459","4.03599","6.32000"
"0.10484","4.05059","6.34000"
"0.10513","4.06631","6.36000"
"0.10549","4.08512","6.38000"
"0.10591","4.10857","6.40000"
"0.10638","4.13659","6.42000"
"0.10688","4.16821","6.44000"
"0.10736","4.20169","6.46000"
"0.10778","4.23458","6.48000"
"0.10815","4.26418","6.50000"
"0.10847","4.29007","6.52000"
"0.10874","4.31195","6.54000"
"0.10899","4.33057","6.56000"
"0.10922","4.34674","6.58000"
"0.10943","4.36197","6.60000"
"0.10965","4.37637","6.62000"
"0.10990","4.39089","6.64000"
"0.11019","4.40702","6.66000"
"0.11055","4.42613","6.68000"
"0.11098","4.44925","6.70000"
"0.11148","4.47747","6.72000"
"0.11194","4.50922","6.74000"
"0.11229","4.54092","6.76000"
"0.11257","4.56738","6.78000"
"0.11284","4.58779","6.80000"
"0.11315","4.60621","6.82000"
"0.11350","4.62657","6.84000"
"0.11386","4.64999","6.86000"
"0.11417","4.67439","6.88000"
"0.11442","4.69677","6.90000"
"0.11465","4.71524","6.92000"
"0.11490","4.73124","6.94000"
"0.11518","4.74778","6.96000"
"0.11550","4.76644","6.98000"
"0.11588","4.78769","7.00000"
"0.11632","4.81334","7.02000"
"0.11680","4.84392","7.04000"
"0.11728","4.87726","7.06000"
"0.11772","4.91125","7.08000"
"0.11809","4.94302","7.10000"
"0.11843","4.97071","7.12000"
"0.11875","4.99437","7.14000"
"0.11905","5.01649","7.16000"
"0.11932","5.03731","7.18000"
"0.11953","5.05568","7.20000"
"0.11973","5.07104","7.22000"
"0.11995","5.07909","7.24000"
"0.12021","5.08689","7.26000"
"0.12054","5.10168","7.28000"
"0.12092","5.12325","7.30000"
"0.12137","5.15050","7.32000"
"0.12185","5.18265","7.34000"
"0.12227","5.21662","7.36000"
"0.12259","5.24744","7.38000"
"0.12285","5.27242","7.40000"
"0.12313","5.29243","7.42000"
"0.12346","5.31140","7.44000"
"0.12383","5.33322","7.46000"
"0.12420","5.35876","7.48000"
"0.12450","5.38486","7.50000"
"0.12473","5.40724","7.52000"
"0.12496","5.42542","7.54000"
"0.12520","5.44132","7.56000"
"0.12548","5.45161","7.58000"
"0.12583","5.46335","7.60000"
"0.12623","5.48462","7.62000"
"0.12669","5.51346","7.64000"
"0.12718","5.54694","7.66000"
"0.12768","5.58319","7.68000"
"0.12812","5.61918","7.70000"
"0.12852","5.65259","7.72000"
"0.12887","5.68246","7.74000"
"0.12914","5.70755","7.76000"
"0.12937","5.72827","7.78000"
"0.12958","5.74538","7.80000"
"0.12979","5.76038","7.82000"
"0.13000","5.77443","7.84000"
"0.13025","5.78955","7.86000"
"0.13052","5.80652","7.88000"
"0.13083","5.82598","7.90000"
"0.13123","5.84898","7.92000"
"0.13171","5.87734","7.94000"
"0.13221","5.91158","7.96000"
"0.13262","5.94779","7.98000"
"0.13293","5.97977","8.00000"
"0.13320","6.00454","8.02000"
"0.13349","6.02468","8.04000"
"0.13384","6.04496","8.06000"
"0.13421","6.06860","8.08000"
"0.13456","6.09538","8.10000"
"0.13483","6.12129","8.12000"
"0.13504","6.14255","8.14000"
"0.13526","6.15917","8.16000"
"0.13552","6.17433","8.18000"
"0.13582","6.19181","8.20000"
"0.13619","6.21349","8.22000"
"0.13661","6.23950","8.24000"
"0.13710","6.27056","8.26000"
"0.13760","6.30575","8.28000"
"0.13807","6.34283","8.30000"
"0.13849","6.37885","8.32000"
"0.13884","6.41077","8.34000"
"0.13913","6.43728","8.36000"
"0.13938","6.45916","8.38000"
"0.13962","6.47787","8.40000"
"0.13985","6.49539","8.42000"
"0.14007","6.51190","8.44000"
"0.14029","6.52772","8.46000"
"0.14052","6.54287","8.48000"
"0.14081","6.55980","8.50000"
"0.14118","6.58066","8.52000"
"0.14162","6.60722","8.54000"
"0.14211","6.63961","8.56000"
"0.14257","6.67543","8.58000"
"0.14294","6.71038","8.60000"
"0.14321","6.73942","8.62000"
"0.14348","6.76160","8.64000"
"0.14381","6.78128","8.66000"
"0.14418","6.80394","8.68000"
"0.14456","6.83064","8.70000"
"0.14488","6.85830","8.72000"
"0.14511","6.88298","8.74000"
"0.14533","6.90195","8.76000"
"0.14557","6.91785","8.78000"
"0.14585","6.93474","8.80000"
"0.14617","6.95423","8.82000"
"0.14656","6.97778","8.84000"
"0.14702","7.00623","8.86000"
"0.14752","7.03982","8.88000"
"0.14799","7.07649","8.90000"
"0.14841","7.11264","8.92000"
"0.14878","7.14523","8.94000"
"0.14913","7.17415","8.96000"
"0.14944","7.19980","8.98000"
"0.14970","7.22288","9.00000"
"0.14992","7.24243","9.02000"
"0.15013","7.25919","9.04000"
"0.15034","7.27406","9.06000"
"0.15058","7.28921","9.08000"
"0.15085","7.30586","9.10000"
"0.15118","7.32553","9.12000"
"0.15158","7.34918","9.14000"
"0.15206","7.37824","9.16000"
"0.15256","7.41290","9.18000"
"0.15296","7.44997","9.20000"
"0.15327","7.48225","9.22000"
"0.15354","7.50729","9.24000"
"0.15383","7.52760","9.26000"
"0.15417","7.54829","9.28000"
"0.15454","7.57232","9.30000"
"0.15488","7.59882","9.32000"
"0.15516","7.62414","9.34000"
"0.15539","7.64593","9.36000"
"0.15563","7.66419","9.38000"
"0.15588","7.68099","9.40000"
"0.15617","7.69884","9.42000"
"0.15651","7.71939","9.44000"
"0.15691","7.74428","9.46000"
"0.15736","7.77350","9.48000"
"0.15785","7.80740","9.50000"
"0.15832","7.84435","9.52000"
"0.15874","7.88004","9.54000"
"0.15910","7.91180","9.56000"
"0.15943","7.93958","9.58000"
"0.15972","7.96428","9.60000"
"0.15998","7.98555","9.62000"
"0.16021","8.00430","9.64000"
"0.16042","8.02129","9.66000"
"0.16063","8.03655","9.68000"
"0.16089","8.05215","9.70000"
"0.16119","8.06997","9.72000"
"0.16155","8.09164","9.74000"
"0.16198","8.11812","9.76000"
"0.16246","8.15011","9.78000"
"0.16293","8.18594","9.80000"
"0.16332","8.22174","9.82000"
"0.16363","8.25250","9.84000"
"0.16390","8.27639","9.86000"
"0.16419","8.29664","9.88000"
"0.16452","8.31717","9.90000"
"0.16485","8.34063","9.92000"
"0.16516","8.36539","9.94000"
"0.16542","8.38859","9.96000"
"0.16565","8.40814","9.98000"
"0.16589","8.42189","10.00000"
"0.16616","8.43704","10.02000"
"0.16649","8.45618","10.04000"
"0.16687","8.47973","10.06000"
"0.16732","8.50803","10.08000"
"0.16781","8.53695","10.10000"
"0.16830","8.56948","10.12000"
"0.16876","8.60611","10.14000"
"0.16915","8.64174","10.16000"
"0.16948","8.67298","10.18000"
"0.16977","8.69906","10.20000"
"0.17002","8.72087","10.22000"
"0.17025","8.73959","10.24000"
"0.17045","8.75674","10.26000"
"0.17066","8.77212","10.28000"
"0.17090","8.78723","10.30000"
"0.17117","8.80390","10.32000"
"0.17149","8.82362","10.34000"
"0.17188","8.84745","10.36000"
"0.17235","8.87694","10.38000"
"0.17286","8.91196","10.40000"
"0.17331","8.95009","10.42000"
"0.17364","8.98562","10.44000"
"0.17391","9.01350","10.46000"
"0.17418","9.03508","10.48000"
"0.17450","9.05515","10.50000"
"0.17485","9.07785","10.52000"
"0.17518","9.10372","10.54000"
"0.17547","9.12806","10.56000"
"0.17571","9.14888","10.58000"
"0.17594","9.16705","10.60000"
"0.17621","9.18227","10.62000"
"0.17650","9.19924","10.64000"
"0.17684","9.22005","10.66000"
"0.17724","9.24509","10.68000"
"0.17771","9.27543","10.70000"
"0.17822","9.31101","10.72000"
"0.17870","9.34929","10.74000"
"0.17913","9.38722","10.76000"
"0.17950","9.42172","10.78000"
"0.17982","9.45120","10.80000"
"0.18008","9.47492","10.82000"
"0.18032","9.49471","10.84000"
"0.18055","9.51240","10.86000"
"0.18077","9.52920","10.88000"
"0.18099","9.54550","10.90000"
"0.18122","9.56158","10.92000"
"0.18151","9.57918","10.94000"
"0.18186","9.60035","10.96000"
"0.18230","9.62711","10.98000"
"0.18279","9.65952","11.00000"
"0.18327","9.69703","11.02000"
"0.18364","9.73429","11.04000"
"0.18392","9.76546","11.06000"
"0.18417","9.78890","11.08000"
"0.18448","9.80874","11.10000"
"0.18483","9.83038","11.12000"
"0.18519","9.85586","11.14000"
"0.18551","9.88334","11.16000"
"0.18576","9.90847","11.18000"
"0.18599","9.92929","11.20000"
"0.18625","9.94731","11.22000"
"0.18652","9.96572","11.24000"
"0.18684","9.98639","11.26000"
"0.18721","10.01026","11.28000"
"0.18765","10.03849","11.30000"
"0.18814","10.07197","11.32000"
"0.18864","10.10961","11.34000"
"0.18907","10.14819","11.36000"
"0.18944","10.18333","11.38000"
"0.18978","10.21358","11.40000"
"0.19009","10.23972","11.42000"
"0.19037","10.26301","11.44000"
"0.19061","10.28415","11.46000"
"0.19081","10.30291","11.48000"
"0.19101","10.31869","11.50000"
"0.19124","10.33370","11.52000"
"0.19150","10.35007","11.54000"
"0.19182","10.36929","11.56000"
"0.19221","10.39307","11.58000"
"0.19268","10.42308","11.60000"
"0.19318","10.45892","11.62000"
"0.19363","10.49774","11.64000"
"0.19397","10.53381","11.66000"
"0.19424","10.56249","11.68000"
"0.19453","10.58480","11.70000"
"0.19486","10.60585","11.72000"
"0.19519","10.62975","11.74000"
"0.19550","10.65508","11.76000"
"0.19579","10.67945","11.78000"
"0.19603","10.70157","11.80000"
"0.19628","10.72131","11.82000"
"0.19654","10.74003","11.84000"
"0.19683","10.75912","11.86000"
"0.19716","10.78102","11.88000"
"0.19756","10.80664","11.90000"
"0.19802","10.83682","11.92000"
"0.19851","10.87193","11.94000"
"0.19898","10.91023","11.96000"
"0.19942","10.94830","11.98000"
"0.19981","10.98327","12.00000"
"0.20015","11.01405","12.02000"
"0.20045","11.04088","12.04000"
"0.20070","11.06395","12.06000"
"0.20091","11.08350","12.08000"
"0.20110","11.09992","12.10000"
"0.20132","11.11472","12.12000"
"0.20155","11.13006","12.14000"
"0.20183","11.14710","12.16000"
"0.20218","11.16726","12.18000"
"0.20259","11.19264","12.20000"
"0.20308","11.22441","12.22000"
"0.20357","11.26175","12.24000"
"0.20397","11.29974","12.26000"
"0.20428","11.33329","12.28000"
"0.20454","11.35918","12.30000"
"0.20483","11.38008","12.32000"
"0.20518","11.40113","12.34000"
"0.20553","11.42570","12.36000"
"0.20584","11.45257","12.38000"
"0.20609","11.47741","12.40000"
"0.20633","11.49833","12.42000"
"0.20658","11.51681","12.44000"
"0.20685","11.53511","12.46000"
"0.20716","11.55561","12.48000"
"0.20753","11.57915","12.50000"
"0.20796","11.60708","12.52000"
"0.20846","11.64062","12.54000"
"0.20896","11.67896","12.56000"
"0.20942","11.71850","12.58000"
"0.20981","11.75555","12.60000"
"0.21016","11.78792","12.62000"
"0.21045","11.81501","12.64000"
"0.21069","11.83751","12.66000"
"0.21091","11.85649","12.68000"
"0.21114","11.87365","12.70000"
"0.21136","11.89033","12.72000"
"0.21158","11.90714","12.74000"
"0.21183","11.92419","12.76000"
"0.21214","11.94296","12.78000"
"0.21251","11.96565","12.80000"
"0.21297","11.99441","12.82000"
"0.21347","12.02919","12.84000"
"0.21394","12.06854","12.86000"
"0.21427","12.10573","12.88000"
"0.21454","12.13518","12.90000"
"0.21482","12.15783","12.92000"
"0.21515","12.17895","12.94000"
"0.21553","12.20280","12.96000"
"0.21590","12.23068","12.98000"
"0.21621","12.26017","13.00000"
"0.21643","12.28539","13.02000"
"0.21665","12.30432","13.04000"
"0.21690","12.32064","13.06000"
"0.21718","12.33834","13.08000"
"0.21752","12.35950","13.10000"
"0.21792","12.38536","13.12000"
"0.21838","12.41658","13.14000"
"0.21888","12.45215","13.16000"
"0.21936","12.49099","13.18000"
"0.21978","12.52960","13.20000"
"0.22015","12.56462","13.22000"
"0.22046","12.59460","13.24000"
"0.22073","12.61952","13.26000"
"0.22098","12.64041","13.28000"
"0.22122","12.65926","13.30000"
"0.22146","12.67755","13.32000"
"0.22167","12.69537","13.34000"
"0.22190","12.71207","13.36000"
"0.22217","12.72922","13.38000"
"0.22250","12.74917","13.40000"
"0.22292","12.77454","13.42000"
"0.22340","12.80631","13.44000"
"0.22388","12.84375","13.46000"
"0.22426","12.88195","13.48000"
"0.22455","12.91441","13.50000"
"0.22483","12.93940","13.52000"
"0.22515","12.96093","13.54000"
"0.22550","12.98374","13.56000"
"0.22586","13.01007","13.58000"
"0.22618","13.03792","13.60000"
"0.22643","13.06348","13.62000"
"0.22666","13.08466","13.64000"
"0.22691","13.10316","13.66000"
"0.22719","13.12173","13.68000"
"0.22750","13.14251","13.70000"
"0.22787","13.16659","13.72000"
"0.22829","13.19512","13.74000"
"0.22876","13.22868","13.76000"
"0.22926","13.26616","13.78000"
"0.22972","13.30553","13.80000"
"0.23013","13.34313","13.82000"
"0.23048","13.37629","13.84000"
"0.23077","13.40463","13.86000"
"0.23102","13.42788","13.88000"
"0.23128","13.44774","13.90000"
"0.23152","13.46629","13.92000"
"0.23173","13.48468","13.94000"
"0.23195","13.50181","13.96000"
"0.23218","13.51853","13.98000"
"0.23247","13.53644","14.00000"
"0.23284","13.55797","14.02000"
"0.23329","13.58526","14.04000"
"0.23380","13.61941","14.06000"
"0.23428","13.65875","14.08000"
"0.23465","13.69779","14.10000"
"0.23491","13.72979","14.12000"
"0.23517","13.75302","14.14000"
"0.23548","13.77296","14.16000"
"0.23584","13.79558","14.18000"
"0.23621","13.82264","14.20000"
"0.23653","13.85152","14.22000"
"0.23676","13.87705","14.24000"
"0.23696","13.89669","14.26000"
"0.23720","13.91307","14.28000"
"0.23747","13.93022","14.30000"
"0.23779","13.95047","14.32000"
"0.23818","13.97503","14.34000"
"0.23864","14.00523","14.36000"
"0.23916","14.04141","14.38000"
"0.23967","14.08215","14.40000"
"0.24012","14.12348","14.42000"
"0.24052","14.16104","14.44000"
"0.24084","14.19321","14.46000"
"0.24110","14.21941","14.48000"
"0.24133","14.24064","14.50000"
"0.24156","14.25855","14.52000"
"0.24179","14.27555","14.54000"
"0.24202","14.29284","14.56000"
"0.24225","14.31032","14.58000"
"0.24250","14.32820","14.60000"
"0.24281","14.34781","14.62000"
"0.24319","14.37054","14.64000"
"0.24367","14.39961","14.66000"
"0.24419","14.43592","14.68000"
"0.24463","14.47657","14.70000"
"0.24494","14.51331","14.72000"
"0.24520","14.54097","14.74000"
"0.24549","14.56273","14.76000"
"0.24584","14.58423","14.78000"
"0.24621","14.60960","14.80000"
"0.24655","14.63802","14.82000"
"0.24682","14.66527","14.84000"
"0.24704","14.68766","14.86000"
"0.24726","14.70561","14.88000"
"0.24753","14.72272","14.90000"
"0.24783","14.74225","14.92000"
"0.24817","14.76536","14.94000"
"0.24858","14.79200","14.96000"
"0.24906","14.82318","14.98000"
"0.24957","14.85991","15.00000"
"0.25006","14.90011","15.02000"
"0.25048","14.93938","15.04000"
"0.25081","14.97381","15.06000"
"0.25110","15.00190","15.08000"
"0.25136","15.02494","15.10000"
"0.25163","15.04543","15.12000"
"0.25188","15.06516","15.14000"
"0.25210","15.08414","15.16000"
"0.25232","15.10163","15.18000"
"0.25256","15.11856","15.20000"
"0.25284","15.13664","15.22000"
"0.25319","15.15805","15.24000"
"0.25361","15.18474","15.26000"
"0.25411","15.21790","15.28000"
"0.25460","15.25653","15.30000"
"0.25499","15.29606","15.32000"
"0.25528","15.32946","15.34000"
"0.25553","15.35435","15.36000"
"0.25582","15.37485","15.38000"
"0.25617","15.39619","15.40000"
"0.25655","15.42214","15.42000"
"0.25688","15.45107","15.44000"
"0.25713","15.47833","15.46000"
"0.25734","15.49959","15.48000"
"0.25759","15.51697","15.50000"
"0.25786","15.53476","15.52000"
"0.25818","15.55561","15.54000"
"0.25855","15.58018","15.56000"
"0.25898","15.60926","15.58000"
"0.25946","15.64299","15.60000"
"0.25994","15.68063","15.62000"
"0.26038","15.71928","15.64000"
"0.26078","15.75564","15.66000"
"0.26113","15.78808","15.68000"
"0.26143","15.81642","15.70000"
"0.26170","15.84076","15.72000"
"0.26194","15.86162","15.74000"
"0.26217","15.88033","15.76000"
"0.26237","15.89760","15.78000"
"0.26258","15.91341","15.80000"
"0.26282","15.92925","15.82000"
"0.26312","15.94752","15.84000"
"0.26350","15.96987","15.86000"
"0.26396","15.99873","15.88000"
"0.26447","16.03486","15.90000"
"0.26493","16.07490","15.92000"
"0.26529","16.11283","15.94000"
"0.26557","16.14364","15.96000"
"0.26585","16.16735","15.98000"
"0.26617","16.18882","16.00000"
"0.26651","16.21295","16.02000"
"0.26683","16.23922","16.04000"
"0.26713","16.26490","16.06000"
"0.26739","16.28870","16.08000"
"0.26762","16.30953","16.10000"
"0.26786","16.32880","16.12000"
"0.26812","16.34708","16.14000"
"0.26844","16.36685","16.16000"
"0.26883","16.39107","16.18000"
"0.26930","16.42175","16.20000"
"0.26982","16.45871","16.22000"
"0.27037","16.50062","16.24000"
"0.27086","16.54460","16.26000"
"0.27127","16.58552","16.28000"
"0.27159","16.62004","16.30000"
"0.27184","16.64666","16.32000"
"0.27205","16.66637","16.34000"
"0.27225","16.68235","16.36000"
"0.27246","16.69737","16.38000"
"0.27266","16.71260","16.40000"
"0.27289","16.72863","16.42000"
"0.27314","16.74579","16.44000"
"0.27346","16.76578","16.46000"
"0.27386","16.79003","16.48000"
"0.27436","16.82157","16.50000"
"0.27490","16.86087","16.52000"
"0.27534","16.90372","16.54000"
"0.27565","16.94125","16.56000"
"0.27591","16.96900","16.58000"
"0.27618","16.98939","16.60000"
"0.27649","17.00952","16.62000"
"0.27679","17.03226","16.64000"
"0.27710","17.05601","16.66000"
"0.27741","17.08023","16.68000"
"0.27765","17.10411","16.70000"
"0.27787","17.12462","16.72000"
"0.27814","17.14296","16.74000"
"0.27847","17.16326","16.76000"
"0.27884","17.18814","16.78000"
"0.27926","17.21722","16.80000"
"0.27973","17.25051","16.82000"
"0.28020","17.28760","16.84000"
"0.28068","17.32634","16.86000"
"0.28115","17.36570","16.88000"
"0.28156","17.40332","16.90000"
"0.28188","17.43700","16.92000"
"0.28213","17.46389","16.94000"
"0.28234","17.48416","16.96000"
"0.28255","17.50068","16.98000"
"0.28274","17.51609","17.00000"
"0.28293","17.53070","17.02000"
"0.28316","17.54544","17.04000"
"0.28347","17.56270","17.06000"
"0.28385","17.58593","17.08000"
"0.28429","17.61600","17.10000"
"0.28476","17.65093","17.12000"
"0.28523","17.68900","17.14000"
"0.28564","17.72731","17.16000"
"0.28594","17.76140","17.18000"
"0.28620","17.78777","17.20000"
"0.28648","17.80875","17.22000"
"0.28683","17.83014","17.24000"
"0.28718","17.85582","17.26000"
"0.28750","17.88359","17.28000"
"0.28773","17.90928","17.30000"
"0.28797","17.92981","17.32000"
"0.28824","17.94841","17.34000"
"0.28852","17.96851","17.36000"
"0.28885","17.99051","17.38000"
"0.28922","18.01583","17.40000"
"0.28966","18.04526","17.42000"
"0.29015","18.07994","17.44000"
"0.29063","18.11875","17.46000"
"0.29106","18.15778","17.48000"
"0.29145","18.19355","17.50000"
"0.29181","18.22532","17.52000"
"0.29214","18.25402","17.54000"
"0.29241","18.27953","17.56000"
"0.29262","18.30098","17.58000"
"0.29281","18.31840","17.60000"
"0.29301","18.33241","17.62000"
"0.29325","18.34676","17.64000"
"0.29352","18.36442","17.66000"
"0.29384","18.38535","17.68000"
"0.29422","18.40999","17.70000"
"0.29467","18.43987","17.72000"
"0.29516","18.47562","17.74000"
"0.29558","18.51404","17.76000"
"0.29592","18.54937","17.78000"
"0.29621","18.57855","17.80000"
"0.29652","18.60284","17.82000"
"0.29685","18.62662","17.84000"
"0.29718","18.65166","17.86000"
"0.29750","18.67773","17.88000"
"0.29779","18.70302","17.90000"
"0.29804","18.72635","17.92000"
"0.29829","18.74679","17.94000"
"0.29855","18.76593","17.96000"
"0.29884","18.78630","17.98000"
"0.29918","18.80895","18.00000"
"0.29958","18.83515","18.02000"
"0.30004","18.86645","18.04000"
"0.30054","18.90297","18.06000"
"0.30102","18.94256","18.08000"
"0.30144","18.98174","18.10000"
"0.30178","19.01663","18.12000"
"0.30208","19.04510","18.14000"
"0.30235","19.06876","18.16000"
"0.30262","19.09039","18.18000"
"0.30289","19.11104","18.20000"
"0.30312","19.13128","18.22000"
"0.30330","19.14923","18.24000"
"0.30353","19.16489","18.26000"
"0.30381","19.18163","18.28000"
"0.30416","19.20278","18.30000"
"0.30456","19.22944","18.32000"
"0.30504","19.26180","18.34000"
"0.30553","19.29953","18.36000"
"0.30596","19.33920","18.38000"
"0.30629","19.37539","18.40000"
"0.30655","19.40406","18.42000"
"0.30683","19.42631","18.44000"
"0.30717","19.44750","18.46000"
"0.30754","19.47232","18.48000"
"0.30788","19.50071","18.50000"
"0.30814","19.52769","18.52000"
"0.30834","19.54953","18.54000"
"0.30857","19.56695","18.56000"
"0.30884","19.58376","18.58000"
"0.30915","19.60378","18.60000"
"0.30952","19.62814","18.62000"
"0.30995","19.65710","18.64000"
"0.31044","19.69110","18.66000"
"0.31096","19.73030","18.68000"
"0.31145","19.77246","18.70000"
"0.31186","19.81275","18.72000"
"0.31220","19.84744","18.74000"
"0.31248","19.87594","18.76000"
"0.31274","19.89919","18.78000"
"0.31297","19.91918","18.80000"
"0.31320","19.93720","18.82000"
"0.31341","19.95421","18.84000"
"0.31362","19.97098","18.86000"
"0.31386","19.98755","18.88000"
"0.31414","20.00547","18.90000"
"0.31449","20.02700","18.92000"
"0.31491","20.05401","18.94000"
"0.31540","20.08743","18.96000"
"0.31589","20.12662","18.98000"
"0.31628","20.16676","19.00000"
"0.31657","20.20048","19.02000"
"0.31683","20.22532","19.04000"
"0.31713","20.24635","19.06000"
"0.31749","20.26928","19.08000"
"0.31786","20.29649","19.10000"
"0.31817","20.32501","19.12000"
"0.31841","20.35077","19.14000"
"0.31864","20.37160","19.16000"
"0.31889","20.38976","19.18000"
"0.31916","20.40846","19.20000"
"0.31948","20.42947","19.22000"
"0.31986","20.45423","19.24000"
"0.32030","20.48400","19.26000"
"0.32079","20.51880","19.28000"
"0.32129","20.55809","19.30000"
"0.32175","20.59866","19.32000"
"0.32215","20.63752","19.34000"
"0.32248","20.67120","19.36000"
"0.32276","20.69874","19.38000"
"0.32301","20.72118","19.40000"
"0.32327","20.74122","19.42000"
"0.32351","20.76084","19.44000"
"0.32375","20.78001","19.46000"
"0.32397","20.79800","19.48000"
"0.32421","20.81564","19.50000"
"0.32450","20.83494","19.52000"
"0.32485","20.85735","19.54000"
"0.32530","20.88529","19.56000"
"0.32581","20.92010","19.58000"
"0.32628","20.96079","19.60000"
"0.32664","21.00036","19.62000"
"0.32691","21.03205","19.64000"
"0.32718","21.05556","19.66000"
"0.32748","21.07609","19.68000"
"0.32783","21.09888","19.70000"
"0.32819","21.12572","19.72000"
"0.32848","21.15361","19.74000"
"0.32872","21.17846","19.76000"
"0.32895","21.19838","19.78000"
"0.32920","21.21649","19.80000"
"0.32948","21.23593","19.82000"
"0.32982","21.25804","19.84000"
"0.33021","21.28403","19.86000"
"0.33067","21.31536","19.88000"
"0.33118","21.35231","19.90000"
"0.33168","21.39319","19.92000"
"0.33212","21.43453","19.94000"
"0.33248","21.47173","19.96000"
"0.33278","21.50216","19.98000"
"0.33307","21.52693","20.00000"
"0.33336","21.54937","20.02000"
"0.33361","21.57134","20.04000"
"0.33383","21.59173","20.06000"
"0.33403","21.60932","20.08000"
"0.33424","21.62478","20.10000"
"0.33450","21.64115","20.12000"
"0.33483","21.66101","20.14000"
"0.33523","21.68633","20.16000"
"0.33571","21.71793","20.18000"
"0.33622","21.75493","20.20000"
"0.33665","21.79540","20.22000"
"0.33695","21.83180","20.24000"
"0.33721","21.85918","20.26000"
"0.33749","21.88012","20.28000"
"0.33783","21.90138","20.30000"
"0.33820","21.92687","20.32000"
"0.33854","21.95575","20.34000"
"0.33879","21.98289","20.36000"
"0.33901","22.00429","20.38000"
"0.33924","22.02173","20.40000"
"0.33950","22.03904","20.42000"
"0.33980","22.05859","20.44000"
"0.34014","22.08141","20.46000"
"0.34056","22.10911","20.48000"
"0.34104","22.14234","20.50000"
"0.34156","22.18099","20.52000"
"0.34206","22.22343","20.54000"
"0.34250","22.26503","20.56000"
"0.34286","22.30070","20.58000"
"0.34316","22.33047","20.60000"
"0.34341","22.35495","20.62000"
"0.34364","22.37541","20.64000"
"0.34387","22.39329","20.66000"
"0.34409","22.41089","20.68000"
"0.34432","22.42835","20.70000"
"0.34454","22.44529","20.72000"
"0.34481","22.46305","20.74000"
"0.34515","22.48364","20.76000"
"0.34558","22.50959","20.78000"
"0.34609","22.54323","20.80000"
"0.34661","22.58400","20.82000"
"0.34701","22.62610","20.84000"
"0.34727","22.66104","20.86000"
"0.34751","22.68549","20.88000"
"0.34780","22.70454","20.90000"
"0.34815","22.72559","20.92000"
"0.34853","22.75193","20.94000"
"0.34887","22.78171","20.96000"
"0.34911","22.80988","20.98000"
"0.34931","22.83147","21.00000"
"0.34954","22.84796","21.02000"
"0.34981","22.86436","21.04000"
"0.35013","22.88438","21.06000"
"0.35050","22.90880","21.08000"
"0.35095","22.93706","21.10000"
"0.35145","22.97134","21.12000"
"0.35197","23.01163","21.14000"
"0.35246","23.05414","21.16000"
"0.35288","23.09490","21.18000"
"0.35322","23.13029","21.20000"
"0.35349","23.15919","21.22000"
"0.35372","23.18129","21.24000"
"0.35394","23.19933","21.26000"
"0.35416","23.21651","21.28000"
"0.35437","23.23335","21.30000"
"0.35459","23.24978","21.32000"
"0.35483","23.26672","21.34000"
"0.35513","23.28575","21.36000"
"0.35552","23.30916","21.38000"
"0.35599","23.33914","21.40000"
"0.35651","23.37663","21.42000"
"0.35697","23.41859","21.44000"
"0.35728","23.45719","21.46000"
"0.35753","23.48639","21.48000"
"0.35781","23.50796","21.50000"
"0.35815","23.52922","21.52000"
"0.35853","23.55447","21.54000"
"0.35891","23.58429","21.56000"
"0.35920","23.61477","21.58000"
"0.35940","23.63999","21.60000"
"0.35962","23.65845","21.62000"
"0.35986","23.67470","21.64000"
"0.36014","23.69272","21.66000"
"0.36048","23.71471","21.68000"
"0.36088","23.74145","21.70000"
"0.36136","23.77372","21.72000"
"0.36189","23.81189","21.74000"
"0.36238","23.85431","21.76000"
"0.36281","23.89573","21.78000"
"0.36319","23.93252","21.80000"
"0.36352","23.96413","21.82000"
"0.36379","23.99069","21.84000"
"0.36402","24.01240","21.86000"
"0.36424","24.03065","21.88000"
"0.36446","24.04773","21.90000"
"0.36468","24.06453","21.92000"
"0.36490","24.08126","21.94000"
"0.36516","24.09897","21.96000"
"0.36550","24.11938","21.98000"
"0.36592","24.14528","22.00000"
"0.36642","24.17861","22.02000"
"0.36693","24.21894","22.04000"
"0.36732","24.26025","22.06000"
"0.36760","24.29481","22.08000"
"0.36784","24.31998","22.10000"
"0.36813","24.34008","22.12000"
"0.36848","24.36150","22.14000"
"0.36881","24.38714","22.16000"
"0.36911","24.41460","22.18000"
"0.36936","24.43923","22.20000"
"0.36961","24.46047","22.22000"
"0.36987","24.48007","22.24000"
"0.37015","24.50030","22.26000"
"0.37047","24.52206","22.28000"
"0.37084","24.54729","22.30000"
"0.37127","24.57685","22.32000"
"0.37177","24.61147","22.34000"
"0.37229","24.65125","22.36000"
"0.37279","24.69394","22.38000"
"0.37321","24.73538","22.40000"
"0.37355","24.77148","22.42000"
"0.37383","24.80020","22.44000"
"0.37407","24.82296","22.46000"
"0.37430","24.84215","22.48000"
"0.37451","24.85974","22.50000"
"0.37470","24.87593","22.52000"
"0.37492","24.89121","22.54000"
"0.37518","24.90775","22.56000"
"0.37550","24.92768","22.58000"
"0.37588","24.95269","22.60000"
"0.37633","24.98290","22.62000"
"0.37684","25.01940","22.64000"
"0.37731","25.06043","22.66000"
"0.37766","25.09965","22.68000"
"0.37793","25.13143","22.70000"
"0.37818","25.15475","22.72000"
"0.37846","25.17445","22.74000"
"0.37880","25.19574","22.76000"
"0.37912","25.22090","22.78000"
"0.37942","25.24722","22.80000"
"0.37967","25.27204","22.82000"
"0.37992","25.29311","22.84000"
"0.38020","25.31124","22.86000"
"0.38049","25.33130","22.88000"
"0.38083","25.35469","22.90000"
"0.38124","25.38174","22.92000"
"0.38171","25.41410","22.94000"
"0.38223","25.45188","22.96000"
"0.38274","25.49358","22.98000"
"0.38320","25.53596","23.00000"
"0.38358","25.57447","23.02000"
"0.38387","25.60637","23.04000"
"0.38412","25.63123","23.06000"
"0.38434","25.65087","23.08000"
"0.38454","25.66786","23.10000"
"0.38473","25.68352","23.12000"
"0.38493","25.69823","23.14000"
"0.38518","25.71382","23.16000"
"0.38547","25.73222","23.18000"
"0.38581","25.75518","23.20000"
"0.38622","25.78284","23.22000"
"0.38671","25.81533","23.24000"
"0.38721","25.85405","23.26000"
"0.38763","25.89524","23.28000"
"0.38793","25.93170","23.30000"
"0.38819","25.95910","23.32000"
"0.38848","25.98031","23.34000"
"0.38881","26.00154","23.36000"
"0.38914","26.02627","23.38000"
"0.38944","26.05217","23.40000"
"0.38972","26.07714","23.42000"
"0.38998","26.10012","23.44000"
"0.39025","26.12129","23.46000"
"0.39053","26.14184","23.48000"
"0.39084","26.16396","23.50000"
"0.39120","26.18862","23.52000"
"0.39162","26.21641","23.54000"
"0.39212","26.24941","23.56000"
"0.39264","26.28884","23.58000"
"0.39313","26.33162","23.60000"
"0.39356","26.37337","23.62000"
"0.39390","26.40919","23.64000"
"0.39416","26.43773","23.66000"
"0.39439","26.45970","23.68000"
"0.39461","26.47797","23.70000"
"0.39484","26.49491","23.72000"
"0.39506","26.51195","23.74000"
"0.39527","26.52914","23.76000"
"0.39551","26.54619","23.78000"
"0.39580","26.56447","23.80000"
"0.39616","26.58688","23.82000"
"0.39661","26.61540","23.84000"
"0.39712","26.65107","23.86000"
"0.39761","26.69208","23.88000"
"0.39799","26.73272","23.90000"
"0.39827","26.76587","23.92000"
"0.39853","26.79038","23.94000"
"0.39883","26.81112","23.96000"
"0.39918","26.83391","23.98000"
"0.39952","26.86042","24.00000"
"0.39980","26.88774","24.02000"
"0.40003","26.91158","24.04000"
"0.40028","26.93140","24.06000"
"0.40056","26.94770","24.08000"
"0.40086","26.96624","24.10000"
"0.40119","26.98883","24.12000"
"0.40158","27.01558","24.14000"
"0.40203","27.04701","24.16000"
"0.40253","27.08366","24.18000"
"0.40303","27.12443","24.20000"
"0.40347","27.16579","24.22000"
"0.40384","27.20292","24.24000"
"0.40415","27.23421","24.26000"
"0.40442","27.26001","24.28000"
"0.40467","27.28211","24.30000"
"0.40491","27.30204","24.32000"
"0.40512","27.32065","24.34000"
"0.40531","27.33729","24.36000"
"0.40553","27.35266","24.38000"
"0.40580","27.36946","24.40000"
"0.40614","27.39026","24.42000"
"0.40656","27.41680","24.44000"
"0.40704","27.44970","24.46000"
"0.40757","27.48904","24.48000"
"0.40801","27.53166","24.50000"
"0.40832","27.56996","24.52000"
"0.40858","27.59859","24.54000"
"0.40885","27.62024","24.56000"
"0.40918","27.64125","24.58000"
"0.40946","27.66511","24.60000"
"0.40974","27.68871","24.62000"
"0.41004","27.71161","24.64000"
"0.41031","27.73517","24.66000"
"0.41058","27.75803","24.68000"
"0.41087","27.78009","24.70000"
"0.41117","27.80234","24.72000"
"0.41154","27.82686","24.74000"
"0.41198","27.85631","24.76000"
"0.41247","27.89123","24.78000"
"0.41298","27.93139","24.80000"
"0.41346","27.97356","24.82000"
"0.41387","28.01300","24.84000"
"0.41421","28.04760","24.86000"
"0.41450","28.07635","24.88000"
"0.41476","28.09961","24.90000"
"0.41499","28.11961","24.92000"
"0.41520","28.13771","24.94000"
"0.41541","28.15454","24.96000"
"0.41563","28.17093","24.98000"
"0.41586","28.18778","25.00000"
"0.41614","28.20605","25.02000"
"0.41650","28.22794","25.04000"
"0.41694","28.25580","25.06000"
"0.41745","28.29070","25.08000"
"0.41794","28.33162","25.10000"
"0.41833","28.37252","25.12000"
"0.41861","28.40366","25.14000"
"0.41887","28.42697","25.16000"
"0.41915","28.44713","25.18000"
"0.41948","28.46873","25.20000"
"0.41980","28.49357","25.22000"
"0.42008","28.51895","25.24000"
"0.42034","28.54273","25.26000"
"0.42061","28.56022","25.28000"
"0.42088","28.57661","25.30000"
"0.42117","28.59663","25.32000"
"0.42149","28.61899","25.34000"
"0.42187","28.64490","25.36000"
"0.42233","28.67562","25.38000"
"0.42285","28.71211","25.40000"
"0.42337","28.75430","25.42000"
"0.42383","28.79762","25.44000"
"0.42421","28.83686","25.46000"
"0.42452","28.86913","25.48000"
"0.42477","28.89493","25.50000"
"0.42499","28.91537","25.52000"
"0.42522","28.93290","25.54000"
"0.42546","28.95003","25.56000"
"0.42568","28.96812","25.58000"
"0.42590","28.98609","25.60000"
"0.42615","29.00368","25.62000"
"0.42647","29.02306","25.64000"
"0.42686","29.04750","25.66000"
"0.42734","29.07653","25.68000"
"0.42785","29.11169","25.70000"
"0.42828","29.15178","25.72000"
"0.42858","29.18887","25.74000"
"0.42883","29.21675","25.76000"
"0.42911","29.23754","25.78000"
"0.42945","29.25874","25.80000"
"0.42983","29.28451","25.82000"
"0.43020","29.31425","25.84000"
"0.43049","29.34391","25.86000"
"0.43071","29.36919","25.88000"
"0.43093","29.38828","25.90000"
"0.43119","29.40413","25.92000"
"0.43149","29.41569","25.94000"
"0.43185","29.43419","25.96000"
"0.43228","29.46119","25.98000"
"0.43277","29.49532","26.00000"
"0.43328","29.53504","26.02000"
"0.43376","29.57719","26.04000"
"0.43418","29.61749","26.06000"
"0.43453","29.65286","26.08000"
"0.43482","29.68211","26.10000"
"0.43507","29.70587","26.12000"
"0.43531","29.72594","26.14000"
"0.43556","29.74397","26.16000"
"0.43578","29.76170","26.18000"
"0.43599","29.77883","26.20000"
"0.43622","29.79537","26.22000"
"0.43650","29.81325","26.24000"
"0.43685","29.83516","26.26000"
"0.43728","29.86276","26.28000"
"0.43777","29.89699","26.30000"
"0.43824","29.93615","26.32000"
"0.43859","29.97449","26.34000"
"0.43885","30.00596","26.36000"
"0.43911","30.02945","26.38000"
"0.43942","30.05019","26.40000"
"0.43979","30.07332","26.42000"
"0.44014","30.10071","26.44000"
"0.44044","30.12907","26.46000"
"0.44069","30.15408","26.48000"
"0.44094","30.17505","26.50000"
"0.44121","30.19502","26.52000"
"0.44151","30.21620","26.54000"
"0.44184","30.23975","26.56000"
"0.44222","30.26610","26.58000"
"0.44266","30.29553","26.60000"
"0.44317","30.32710","26.62000"
"0.44370","30.36543","26.64000"
"0.44417","30.40776","26.66000"
"0.44456","30.44791","26.68000"
"0.44487","30.48138","26.70000"
"0.44511","30.50751","26.72000"
"0.44535","30.52767","26.74000"
"0.44560","30.54610","26.76000"
"0.44584","30.56522","26.78000"
"0.44604","30.58371","26.80000"
"0.44625","30.60068","26.82000"
"0.44649","30.61719","26.84000"
"0.44679","30.63574","26.86000"
"0.44717","30.65930","26.88000"
"0.44763","30.68885","26.90000"
"0.44814","30.72540","26.92000"
"0.44861","30.76668","26.94000"
"0.44895","30.80581","26.96000"
"0.44919","30.83621","26.98000"
"0.44944","30.85856","27.00000"
"0.44976","30.87809","27.02000"
"0.45014","30.90110","27.04000"
"0.45054","30.93007","27.06000"
"0.45085","30.96178","27.08000"
"0.45106","30.98911","27.10000"
"0.45127","31.00849","27.12000"
"0.45152","31.02488","27.14000"
"0.45181","31.04333","27.16000"
"0.45216","31.06623","27.18000"
"0.45257","31.09373","27.20000"
"0.45305","31.12658","27.22000"
"0.45358","31.16553","27.24000"
"0.45410","31.20808","27.26000"
"0.45454","31.25031","27.28000"
"0.45490","31.28775","27.30000"
"0.45518","31.31862","27.32000"
"0.45540","31.34223","27.34000"
"0.45562","31.36054","27.36000"
"0.45586","31.37774","27.38000"
"0.45611","31.39608","27.40000"
"0.45633","31.41486","27.42000"
"0.45655","31.43262","27.44000"
"0.45680","31.45035","27.46000"
"0.45711","31.47020","27.48000"
"0.45752","31.49449","27.50000"
"0.45801","31.52579","27.52000"
"0.45853","31.56394","27.54000"
"0.45896","31.60604","27.56000"
"0.45926","31.64325","27.58000"
"0.45952","31.67088","27.60000"
"0.45981","31.69249","27.62000"
"0.46016","31.71490","27.64000"
"0.46053","31.74119","27.66000"
"0.46086","31.77022","27.68000"
"0.46111","31.79738","27.70000"
"0.46133","31.81932","27.72000"
"0.46158","31.83765","27.74000"
"0.46185","31.85627","27.76000"
"0.46217","31.87771","27.78000"
"0.46254","31.90275","27.80000"
"0.46297","31.93174","27.82000"
"0.46346","31.96672","27.84000"
"0.46398","32.00702","27.86000"
"0.46445","32.04959","27.88000"
"0.46482","32.08945","27.90000"
"0.46512","32.12209","27.92000"
"0.46540","32.14761","27.94000"
"0.46567","32.16925","27.96000"
"0.46595","32.19054","27.98000"
"0.46622","32.21213","28.00000"
"0.46645","32.23281","28.02000"
"0.46666","32.25151","28.04000"
"0.46689","32.26881","28.06000"
"0.46716","32.28652","28.08000"
"0.46750","32.30743","28.10000"
"0.46794","32.33387","28.12000"
"0.46844","32.36809","28.14000"
"0.46893","32.40869","28.16000"
"0.46933","32.44959","28.18000"
"0.46961","32.48399","28.20000"
"0.46986","32.50971","28.22000"
"0.47015","32.53038","28.24000"
"0.47049","32.55125","28.26000"
"0.47084","32.57497","28.28000"
"0.47116","32.60194","28.30000"
"0.47141","32.62797","28.32000"
"0.47164","32.64996","28.34000"
"0.47190","32.66898","28.36000"
"0.47218","32.68837","28.38000"
"0.47249","32.70986","28.40000"
"0.47286","32.73436","28.42000"
"0.47331","32.76332","28.44000"
"0.47381","32.79742","28.46000"
"0.47432","32.83723","28.48000"
"0.47478","32.87891","28.50000"
"0.47518","32.91834","28.52000"
"0.47550","32.95190","28.54000"
"0.47577","32.97864","28.56000"
"0.47602","33.00021","28.58000"
"0.47627","33.01970","28.60000"
"0.47651","33.03888","28.62000"
"0.47671","33.05719","28.64000"
"0.47691","33.07347","28.66000"
"0.47716","33.08918","28.68000"
"0.47747","33.10800","28.70000"
"0.47786","33.13239","28.72000"
"0.47834","33.16314","28.74000"
"0.47884","33.20112","28.76000"
"0.47929","33.24225","28.78000"
"0.47963","33.28012","28.80000"
"0.47990","33.31013","28.82000"
"0.48017","33.33331","28.84000"
"0.48049","33.35470","28.86000"
"0.48079","33.37829","28.88000"
"0.48107","33.40241","28.90000"
"0.48136","33.42573","28.92000"
"0.48163","33.44873","28.94000"
"0.48188","33.47036","28.96000"
"0.48216","33.49110","28.98000"
"0.48246","33.51259","29.00000"
"0.48282","33.53668","29.02000"
"0.48324","33.56484","29.04000"
"0.48371","33.59826","29.06000"
"0.48423","33.63658","29.08000"
"0.48476","33.67871","29.10000"
"0.48524","33.72212","29.12000"
"0.48563","33.76236","29.14000"
"0.48593","33.79572","29.16000"
"0.48616","33.82104","29.18000"
"0.48637","33.84009","29.20000"
"0.48658","33.84586","29.22000"
"0.48677","33.83455","29.24000"
"0.48697","33.83650","29.26000"
"0.48718","33.84943","29.28000"
"0.48745","33.86730","29.30000"
"0.48780","33.88905","29.32000"
"0.48823","33.91621","29.34000"
"0.48872","33.95019","29.36000"
"0.48921","33.98978","29.38000"
"0.48962","34.03082","29.40000"
"0.48993","34.06660","29.42000"
"0.49018","34.09382","29.44000"
"0.49046","34.11539","29.46000"
"0.49077","34.13691","29.48000"
"0.49104","34.16002","29.50000"
"0.49135","34.18277","29.52000"
"0.49167","34.20693","29.54000"
"0.49195","34.23246","29.56000"
"0.49221","34.25609","29.58000"
"0.49249","34.27778","29.60000"
"0.49281","34.29972","29.62000"
"0.49319","34.32502","29.64000"
"0.49363","34.35557","29.66000"
"0.49411","34.39097","29.68000"
"0.49464","34.43009","29.70000"
"0.49515","34.47275","29.72000"
"0.49559","34.51539","29.74000"
"0.49595","34.55332","29.76000"
"0.49623","34.58287","29.78000"
"0.49644","34.60491","29.80000"
"0.49664","34.62198","29.82000"
"0.49685","34.63759","29.84000"
"0.49705","34.65310","29.86000"
"0.49726","34.66844","29.88000"
"0.49750","34.68434","29.90000"
"0.49780","34.70262","29.92000"
"0.49817","34.72541","29.94000"
"0.49861","34.75460","29.96000"
"0.49909","34.78957","29.98000"
"0.49956","34.82891","30.00000"
"0.49994","34.86780","30.02000"
"0.50024","34.90109","30.04000"
"0.50050","34.92682","30.06000"
"0.50080","34.94820","30.08000"
"0.50115","34.97133","30.10000"
"0.50148","34.99809","30.12000"
"0.50176","35.02464","30.14000"
"0.50201","35.04838","30.16000"
"0.50226","35.06909","30.18000"
"0.50254","35.08895","30.20000"
"0.50285","35.11020","30.22000"
"0.50319","35.13412","30.24000"
"0.50358","35.16141","30.26000"
"0.50404","35.19325","30.28000"
"0.50456","35.23056","30.30000"
"0.50507","35.27266","30.32000"
"0.50554","35.31546","30.34000"
"0.50593","35.35464","30.36000"
"0.50623","35.38780","30.38000"
"0.50648","35.41397","30.40000"
"0.50669","35.43421","30.42000"
"0.50691","35.45102","30.44000"
"0.50713","35.46764","30.46000"
"0.50733","35.48448","30.48000"
"0.50754","35.50050","30.50000"
"0.50779","35.51693","30.52000"
"0.50811","35.53625","30.54000"
"0.50849","35.56089","30.56000"
"0.50896","35.59201","30.58000"
"0.50946","35.62962","30.60000"
"0.50992","35.67089","30.62000"
"0.51028","35.70921","30.64000"
"0.51055","35.73958","30.66000"
"0.51084","35.76347","30.68000"
"0.51117","35.78605","30.70000"
"0.51151","35.81129","30.72000"
"0.51180","35.83808","30.74000"
"0.51207","35.86243","30.76000"
"0.51233","35.88402","30.78000"
"0.51259","35.90452","30.80000"
"0.51286","35.92506","30.82000"
"0.51317","35.94661","30.84000"
"0.51353","35.97091","30.86000"
"0.51395","35.99874","30.88000"
"0.51445","36.03246","30.90000"
"0.51498","36.07206","30.92000"
"0.51548","36.11524","30.94000"
"0.51590","36.15749","30.96000"
"0.51622","36.18687","30.98000"
"0.51649","36.20260","31.00000"
"0.51673","36.21845","31.02000"
"0.51696","36.23623","31.04000"
"0.51721","36.25445","31.06000"
"0.51739","36.27287","31.08000"
"0.51758","36.28885","31.10000"
"0.51782","36.30380","31.12000"
"0.51811","36.32157","31.14000"
"0.51847","36.34422","31.16000"
"0.51890","36.37207","31.18000"
"0.51939","36.40616","31.20000"
"0.51990","36.44561","31.22000"
"0.52032","36.48702","31.24000"
"0.52062","36.52323","31.26000"
"0.52089","36.55052","31.28000"
"0.52117","36.57224","31.30000"
"0.52152","36.59409","31.32000"
"0.52187","36.61996","31.34000"
"0.52218","36.64808","31.36000"
"0.52243","36.67398","31.38000"
"0.52264","36.69486","31.40000"
"0.52288","36.71197","31.42000"
"0.52317","36.73039","31.44000"
"0.52349","36.75217","31.46000"
"0.52388","36.77748","31.48000"
"0.52434","36.80755","31.50000"
"0.52485","36.84405","31.52000"
"0.52537","36.88555","31.54000"
"0.52582","36.92777","31.56000"
"0.52620","36.96666","31.58000"
"0.52650","36.99869","31.60000"
"0.52676","37.02364","31.62000"
"0.52701","37.04470","31.64000"
"0.52725","37.05859","31.66000"
"0.52749","37.06889","31.68000"
"0.52770","37.08402","31.70000"
"0.52790","37.10075","31.72000"
"0.52814","37.11721","31.74000"
"0.52843","37.13526","31.76000"
"0.52880","37.15802","31.78000"
"0.52925","37.18701","31.80000"
"0.52976","37.22275","31.82000"
"0.53026","37.26396","31.84000"
"0.53064","37.30497","31.86000"
"0.53091","37.33835","31.88000"
"0.53118","37.36280","31.90000"
"0.53150","37.38408","31.92000"
"0.53186","37.40830","31.94000"
"0.53218","37.43552","31.96000"
"0.53246","37.46210","31.98000"
"0.53270","37.48541","32.00000"
"0.53294","37.50564","32.02000"
"0.53319","37.52426","32.04000"
"0.53345","37.54372","32.06000"
"0.53374","37.56418","32.08000"
"0.53411","37.58726","32.10000"
"0.53457","37.61623","32.12000"
"0.53512","37.65312","32.14000"
"0.53572","37.69777","32.16000"
"0.53625","37.74684","32.18000"
"0.53662","37.79238","32.20000"
"0.53689","37.82678","32.22000"
"0.53713","37.85070","32.24000"
"0.53736","37.86939","32.26000"
"0.53760","37.88680","32.28000"
"0.53785","37.90507","32.30000"
"0.53808","37.92422","32.32000"
"0.53831","37.94263","32.34000"
"0.53855","37.96046","32.36000"
"0.53882","37.97926","32.38000"
"0.53914","38.00027","32.40000"
"0.53957","38.02572","32.42000"
"0.54012","38.05944","32.44000"
"0.54064","38.10179","32.46000"
"0.54101","38.14421","32.48000"
"0.54126","38.17749","32.50000"
"0.54150","38.20078","32.52000"
"0.54181","38.22037","32.54000"
"0.54216","38.24325","32.56000"
"0.54248","38.26981","32.58000"
"0.54274","38.29604","32.60000"
"0.54294","38.31838","32.62000"
"0.54315","38.33613","32.64000"
"0.54341","38.35216","32.66000"
"0.54373","38.37136","32.68000"
"0.54409","38.39604","32.70000"
"0.54450","38.42561","32.72000"
"0.54498","38.45949","32.74000"
"0.54550","38.49844","32.76000"
"0.54602","38.54109","32.78000"
"0.54651","38.58492","32.80000"
"0.54692","38.62593","32.82000"
"0.54724","38.66080","32.84000"
"0.54750","38.68825","32.86000"
"0.54774","38.71016","32.88000"
"0.54797","38.72898","32.90000"
"0.54817","38.74632","32.92000"
"0.54833","38.76159","32.94000"
"0.54851","38.77459","32.96000"
"0.54877","38.78837","32.98000"
"0.54911","38.80746","33.00000"
"0.54954","38.83420","33.02000"
"0.55004","38.86855","33.04000"
"0.55057","38.90937","33.06000"
"0.55103","38.95300","33.08000"
"0.55134","38.99241","33.10000"
"0.55154","39.02064","33.12000"
"0.55176","39.03893","33.14000"
"0.55207","39.05588","33.16000"
"0.55243","39.07837","33.18000"
"0.55276","39.10589","33.20000"
"0.55303","39.13375","33.22000"
"0.55328","39.15791","33.24000"
"0.55354","39.17874","33.26000"
"0.55383","39.19916","33.28000"
"0.55417","39.22176","33.30000"
"0.55456","39.24859","33.32000"
"0.55498","39.27959","33.34000"
"0.55545","39.31462","33.36000"
"0.55595","39.35306","33.38000"
"0.55645","39.39386","33.40000"
"0.55690","39.43464","33.42000"
"0.55730","39.47268","33.44000"
"0.55761","39.50615","33.46000"
"0.55783","39.53250","33.48000"
"0.55803","39.55105","33.50000"
"0.55822","39.56611","33.52000"
"0.55839","39.58021","33.54000"
"0.55859","39.59364","33.56000"
"0.55882","39.60806","33.58000"
"0.55910","39.62515","33.60000"
"0.55944","39.64695","33.62000"
"0.55988","39.67444","33.64000"
"0.56039","39.70910","33.66000"
"0.56088","39.75021","33.68000"
"0.56125","39.79130","33.70000"
"0.56152","39.82445","33.72000"
"0.56178","39.84887","33.74000"
"0.56209","39.86984","33.76000"
"0.56246","39.89319","33.78000"
"0.56284","39.92132","33.80000"
"0.56316","39.95186","33.82000"
"0.56339","39.97881","33.84000"
"0.56363","39.99975","33.86000"
"0.56391","40.01874","33.88000"
"0.56422","40.04019","33.90000"
"0.56456","40.06423","33.92000"
"0.56494","40.09122","33.94000"
"0.56538","40.12175","33.96000"
"0.56586","40.15648","33.98000"
"0.56634","40.19439","34.00000"
"0.56680","40.23395","34.02000"
"0.56718","40.27184","34.04000"
"0.56749","40.30423","34.06000"
"0.56775","40.33037","34.08000"
"0.56799","40.35158","34.10000"
"0.56824","40.37036","34.12000"
"0.56849","40.38922","34.14000"
"0.56870","40.40871","34.16000"
"0.56891","40.42627","34.18000"
"0.56918","40.44337","34.20000"
"0.56951","40.46362","34.22000"
"0.56991","40.48938","34.24000"
"0.57036","40.52125","34.26000"
"0.57081","40.55797","34.28000"
"0.57121","40.59558","34.30000"
"0.57150","40.62920","34.32000"
"0.57179","40.65516","34.34000"
"0.57212","40.67719","34.36000"
"0.57247","40.70124","34.38000"
"0.57284","40.72831","34.40000"
"0.57318","40.75734","34.42000"
"0.57347","40.78544","34.44000"
"0.57374","40.81056","34.46000"
"0.57400","40.83269","34.48000"
"0.57425","40.85298","34.50000"
"0.57455","40.87304","34.52000"
"0.57490","40.89570","34.54000"
"0.57532","40.92338","34.56000"
"0.57581","40.95711","34.58000"
"0.57632","40.99636","34.60000"
"0.57675","41.03755","34.62000"
"0.57713","41.07514","34.64000"
"0.57747","41.10738","34.66000"
"0.57779","41.13564","34.68000"
"0.57805","41.16096","34.70000"
"0.57828","41.18256","34.72000"
"0.57852","41.20155","34.74000"
"0.57875","41.21984","34.76000"
"0.57900","41.23823","34.78000"
"0.57925","41.25724","34.80000"
"0.57952","41.27724","34.82000"
"0.57984","41.29919","34.84000"
"0.58026","41.32514","34.86000"
"0.58076","41.35824","34.88000"
"0.58123","41.39834","34.90000"
"0.58160","41.43834","34.92000"
"0.58189","41.47076","34.94000"
"0.58217","41.49643","34.96000"
"0.58247","41.51880","34.98000"
"0.58282","41.54229","35.00000"
"0.58312","41.56855","35.02000"
"0.58339","41.59399","35.04000"
"0.58364","41.61643","35.06000"
"0.58392","41.63691","35.08000"
"0.58421","41.65800","35.10000"
"0.58451","41.68096","35.12000"
"0.58484","41.70543","35.14000"
"0.58522","41.73200","35.16000"
"0.58567","41.76255","35.18000"
"0.58618","41.79862","35.20000"
"0.58673","41.84039","35.22000"
"0.58721","41.88515","35.24000"
"0.58755","41.92599","35.26000"
"0.58782","41.95696","35.28000"
"0.58807","41.97996","35.30000"
"0.58832","41.99959","35.32000"
"0.58859","42.01884","35.34000"
"0.58882","42.03905","35.36000"
"0.58902","42.05809","35.38000"
"0.58922","42.07444","35.40000"
"0.58949","42.09076","35.42000"
"0.58981","42.11063","35.44000"
"0.59022","42.13596","35.46000"
"0.59070","42.16812","35.48000"
"0.59122","42.20702","35.50000"
"0.59168","42.24982","35.52000"
"0.59202","42.28918","35.54000"
"0.59227","42.31924","35.56000"
"0.59251","42.34072","35.58000"
"0.59281","42.35888","35.60000"
"0.59312","42.37970","35.62000"
"0.59339","42.40284","35.64000"
"0.59368","42.42582","35.66000"
"0.59395","42.44861","35.68000"
"0.59423","42.47062","35.70000"
"0.59453","42.49304","35.72000"
"0.59485","42.51683","35.74000"
"0.59521","42.54259","35.76000"
"0.59564","42.57195","35.78000"
"0.59613","42.60641","35.80000"
"0.59664","42.64610","35.82000"
"0.59714","42.68881","35.84000"
"0.59756","42.73068","35.86000"
"0.59789","42.76730","35.88000"
"0.59817","42.79578","35.90000"
"0.59841","42.81804","35.92000"
"0.59863","42.83672","35.94000"
"0.59884","42.85386","35.96000"
"0.59902","42.87002","35.98000"
"0.59923","42.88493","36.00000"
"0.59948","42.90064","36.02000"
"0.59978","42.91975","36.04000"
"0.60013","42.94321","36.06000"
"0.60056","42.97173","36.08000"
"0.60105","43.00575","36.10000"
"0.60158","43.04572","36.12000"
"0.60203","43.08867","36.14000"
"0.60234","43.12729","36.16000"
"0.60259","43.15602","36.18000"
"0.60286","43.17720","36.20000"
"0.60316","43.19737","36.22000"
"0.60344","43.21973","36.24000"
"0.60374","43.24281","36.26000"
"0.60402","43.26591","36.28000"
"0.60430","43.28849","36.30000"
"0.60457","43.31035","36.32000"
"0.60486","43.33245","36.34000"
"0.60519","43.35568","36.36000"
"0.60555","43.38147","36.38000"
"0.60598","43.41012","36.40000"
"0.60646","43.44308","36.42000"
"0.60698","43.48182","36.44000"
"0.60747","43.52411","36.46000"
"0.60788","43.56530","36.48000"
"0.60820","43.60046","36.50000"
"0.60847","43.62844","36.52000"
"0.60871","43.65048","36.54000"
"0.60894","43.66901","36.56000"
"0.60917","43.68652","36.58000"
"0.60938","43.70426","36.60000"
"0.60959","43.72102","36.62000"
"0.60983","43.73698","36.64000"
"0.61014","43.75513","36.66000"
"0.61052","43.77875","36.68000"
"0.61099","43.80947","36.70000"
"0.61151","43.84679","36.72000"
"0.61198","43.88857","36.74000"
"0.61232","43.92814","36.76000"
"0.61258","43.95912","36.78000"
"0.61285","43.98161","36.80000"
"0.61316","44.00172","36.82000"
"0.61350","44.02471","36.84000"
"0.61379","44.05045","36.86000"
"0.61405","44.07495","36.88000"
"0.61428","44.09627","36.90000"
"0.61455","44.11552","36.92000"
"0.61484","44.13579","36.94000"
"0.61515","44.15867","36.96000"
"0.61550","44.18427","36.98000"
"0.61590","44.21291","37.00000"
"0.61637","44.24516","37.02000"
"0.61691","44.28289","37.04000"
"0.61745","44.32602","37.06000"
"0.61791","44.36860","37.08000"
"0.61826","44.40579","37.10000"
"0.61853","44.43570","37.12000"
"0.61878","44.45906","37.14000"
"0.61901","44.47818","37.16000"
"0.61923","44.49568","37.18000"
"0.61943","44.51251","37.20000"
"0.61963","44.52805","37.22000"
"0.61985","44.54321","37.24000"
"0.62012","44.56025","37.26000"
"0.62048","44.58121","37.28000"
"0.62091","44.60841","37.30000"
"0.62141","44.64281","37.32000"
"0.62193","44.68353","37.34000"
"0.62234","44.72607","37.36000"
"0.62263","44.76242","37.38000"
"0.62287","44.78897","37.40000"
"0.62315","44.80965","37.42000"
"0.62348","44.83096","37.44000"
"0.62372","44.85455","37.46000"
"0.62396","44.87599","37.48000"
"0.62426","44.89606","37.50000"
"0.62457","44.91883","37.52000"
"0.62486","44.94351","37.54000"
"0.62516","44.96818","37.56000"
"0.62548","44.99282","37.58000"
"0.62586","45.01896","37.60000"
"0.62631","45.04961","37.62000"
"0.62683","45.08588","37.64000"
"0.62738","45.12782","37.66000"
"0.62789","45.17275","37.68000"
"0.62831","45.21571","37.70000"
"0.62862","45.25159","37.72000"
"0.62888","45.27921","37.74000"
"0.62910","45.30020","37.76000"
"0.62931","45.31722","37.78000"
"0.62953","45.33331","37.80000"
"0.62973","45.34976","37.82000"
"0.62994","45.36581","37.84000"
"0.63018","45.38232","37.86000"
"0.63047","45.40050","37.88000"
"0.63083","45.42192","37.90000"
"0.63127","45.44970","37.92000"
"0.63177","45.48486","37.94000"
"0.63224","45.52559","37.96000"
"0.63260","45.56162","37.98000"
"0.63287","45.59081","38.00000"
"0.63314","45.61374","38.02000"
"0.63345","45.63483","38.04000"
"0.63377","45.65829","38.06000"
"0.63404","45.68343","38.08000"
"0.63431","45.70629","38.10000"
"0.63460","45.72818","38.12000"
"0.63489","45.75081","38.14000"
"0.63519","45.77424","38.16000"
"0.63551","45.79816","38.18000"
"0.63587","45.82324","38.20000"
"0.63628","45.85147","38.22000"
"0.63675","45.88407","38.24000"
"0.63728","45.92143","38.26000"
"0.63781","45.96345","38.28000"
"0.63827","46.00737","38.30000"
"0.63863","46.04700","38.32000"
"0.63889","46.07760","38.34000"
"0.63909","46.09957","38.36000"
"0.63930","46.11590","38.38000"
"0.63953","46.12898","38.40000"
"0.63978","46.14313","38.42000"
"0.64000","46.16019","38.44000"
"0.64020","46.17720","38.46000"
"0.64045","46.19398","38.48000"
"0.64077","46.21320","38.50000"
"0.64115","46.23729","38.52000"
"0.64162","46.26793","38.54000"
"0.64214","46.30568","38.56000"
"0.64260","46.34752","38.58000"
"0.64292","46.38672","38.60000"
"0.64317","46.41628","38.62000"
"0.64345","46.43823","38.64000"
"0.64379","46.45909","38.66000"
"0.64416","46.48379","38.68000"
"0.64453","46.51079","38.70000"
"0.64480","46.53802","38.72000"
"0.64501","46.56021","38.74000"
"0.64525","46.57376","38.76000"
"0.64552","46.58483","38.78000"
"0.64583","46.60164","38.80000"
"0.64619","46.62454","38.82000"
"0.64662","46.65327","38.84000"
"0.64711","46.68717","38.86000"
"0.64765","46.72543","38.88000"
"0.64818","46.76579","38.90000"
"0.64861","46.80627","38.92000"
"0.64894","46.84229","38.94000"
"0.64919","46.87030","38.96000"
"0.64941","46.89102","38.98000"
"0.64964","46.90769","39.00000"
"0.64989","46.92454","39.02000"
"0.65009","46.94279","39.04000"
"0.65029","46.95985","39.06000"
"0.65051","46.97538","39.08000"
"0.65079","46.99219","39.10000"
"0.65114","47.01330","39.12000"
"0.65158","47.04030","39.14000"
"0.65209","47.07271","39.16000"
"0.65255","47.11150","39.18000"
"0.65290","47.15004","39.20000"
"0.65317","47.18087","39.22000"
"0.65345","47.20445","39.24000"
"0.65379","47.22434","39.26000"
"0.65415","47.24700","39.28000"
"0.65446","47.27364","39.30000"
"0.65472","47.29918","39.32000"
"0.65497","47.32115","39.34000"
"0.65525","47.34155","39.36000"
"0.65556","47.36315","39.38000"
"0.65588","47.38638","39.40000"
"0.65622","47.41153","39.42000"
"0.65661","47.43786","39.44000"
"0.65706","47.46783","39.46000"
"0.65758","47.50272","39.48000"
"0.65811","47.54382","39.50000"
"0.65857","47.58695","39.52000"
"0.65892","47.62575","39.54000"
"0.65918","47.65573","39.56000"
"0.65940","47.67695","39.58000"
"0.65963","47.69338","39.60000"
"0.65987","47.70958","39.62000"
"0.66014","47.72754","39.64000"
"0.66036","47.74717","39.66000"
"0.66056","47.76545","39.68000"
"0.66080","47.78208","39.70000"
"0.66111","47.79984","39.72000"
"0.66151","47.82300","39.74000"
"0.66199","47.85361","39.76000"
"0.66251","47.89155","39.78000"
"0.66298","47.93346","39.80000"
"0.66331","47.97242","39.82000"
"0.66355","48.00179","39.84000"
"0.66381","48.02314","39.86000"
"0.66413","48.04276","39.88000"
"0.66450","48.06565","39.90000"
"0.66488","48.09356","39.92000"
"0.66516","48.12300","39.94000"
"0.66536","48.14717","39.96000"
"0.66558","48.16516","39.98000"
"0.66583","48.18189","40.00000"
"0.66613","48.19980","40.02000"
"0.66648","48.22082","40.04000"
"0.66689","48.24741","40.06000"
"0.66736","48.27997","40.08000"
"0.66790","48.31835","40.10000"
"0.66845","48.36238","40.12000"
"0.66891","48.40756","40.14000"
"0.66925","48.44705","40.16000"
"0.66951","48.47690","40.18000"
"0.66973","48.49849","40.20000"
"0.66995","48.51569","40.22000"
"0.67020","48.53211","40.24000"
"0.67044","48.54484","40.26000"
"0.67065","48.55723","40.28000"
"0.67086","48.57152","40.30000"
"0.67109","48.58706","40.32000"
"0.67140","48.60516","40.34000"
"0.67182","48.62853","40.36000"
"0.67233","48.66004","40.38000"
"0.67289","48.70005","40.40000"
"0.67334","48.74449","40.42000"
"0.67363","48.78341","40.44000"
"0.67386","48.81038","40.46000"
"0.67415","48.83004","40.48000"
"0.67450","48.85076","40.50000"
"0.67485","48.87607","40.52000"
"0.67516","48.90305","40.54000"
"0.67540","48.92794","40.56000"
"0.67562","48.94817","40.58000"
"0.67587","48.96621","40.60000"
"0.67615","48.98517","40.62000"
"0.67646","49.00659","40.64000"
"0.67682","49.03093","40.66000"
"0.67725","49.05837","40.68000"
"0.67776","49.08375","40.70000"
"0.67832","49.11856","40.72000"
"0.67885","49.16243","40.74000"
"0.67924","49.20633","40.76000"
"0.67952","49.24032","40.78000"
"0.67977","49.26196","40.80000"
"0.68003","49.28005","40.82000"
"0.68031","49.29891","40.84000"
"0.68057","49.31968","40.86000"
"0.68078","49.33999","40.88000"
"0.68098","49.35754","40.90000"
"0.68120","49.37301","40.92000"
"0.68146","49.38929","40.94000"
"0.68182","49.40973","40.96000"
"0.68227","49.43673","40.98000"
"0.68279","49.47193","41.00000"
"0.68330","49.51412","41.02000"
"0.68369","49.55599","41.04000"
"0.68394","49.58905","41.06000"
"0.68417","49.61165","41.08000"
"0.68445","49.63005","41.10000"
"0.68477","49.65002","41.12000"
"0.68509","49.67411","41.14000"
"0.68539","49.69973","41.16000"
"0.68564","49.72420","41.18000"
"0.68589","49.74557","41.20000"
"0.68616","49.76552","41.22000"
"0.68646","49.78655","41.24000"
"0.68679","49.80975","41.26000"
"0.68718","49.83624","41.28000"
"0.68763","49.86686","41.30000"
"0.68812","49.90102","41.31900"
