"Time (s)","Magnetic field x (µT)","Magnetic field y (µT)","Magnetic field z (µT)"
1.177870580E-1,1.603851318E1,1.373291016E0,4.846649170E1
1.677138150E-1,1.631011963E1,3.417968750E-1,4.816894531E1
2.153212370E-1,1.831512451E1,1.296997070E0,4.905548096E1
3.180128880E-1,2.127685547E1,-5.429077148E0,5.438537598E1
4.177138150E-1,2.370605469E1,-5.651855469E0,5.304260254E1
4.676405730E-1,2.056427002E1,-4.119873047E0,5.260620117E1
5.676161590E-1,2.189178467E1,-5.259704590E0,5.393829346E1
6.678969210E-1,2.234649658E1,-5.397033691E0,5.304565430E1
7.176100560E-1,2.100524902E1,-4.698181152E0,5.186157227E1
8.175551240E-1,2.098236084E1,-4.986572266E0,5.661773682E1
9.175307100E-1,2.203216553E1,-5.702209473E0,5.364074707E1
9.675490200E-1,2.071075439E1,-4.260253906E0,5.319976807E1
1.067494089E0,2.154235840E1,-6.758117676E0,5.304718018E1
1.167469675E0,2.148742676E1,-3.793334961E0,5.245666504E1
1.217487985E0,2.251739502E1,-4.797363281E0,5.319519043E1
1.317433054E0,1.993713379E1,-4.730224609E0,5.305328369E1
1.417408640E0,2.107086182E1,-2.769470215E0,5.008239746E1
1.467487985E0,1.943359375E1,-1.632690430E0,5.068054199E1
1.567433054E0,1.709289551E1,1.109313965E0,4.876098633E1
1.667347604E0,1.728210449E1,2.153015137E0,4.786987305E1
1.717640573E0,1.508941650E1,1.541137695E-1,4.787292480E1
1.817463571E0,1.755828857E1,1.269531250E0,4.682922363E1
1.917317087E0,1.726837158E1,1.860046387E0,4.935455322E1
1.967274362E0,1.588897705E1,1.519775391E0,4.935760498E1
2.067585642E0,1.510162354E1,7.537841797E-1,5.039978027E1
2.167408640E0,1.387329102E1,2.670288086E-1,4.876861572E1
2.217213327E0,1.528320312E1,1.649475098E0,4.995422363E1
2.317188913E0,1.617431641E1,7.827758789E-1,4.786987305E1
2.417561228E0,1.471405029E1,2.818298340E0,4.936370850E1
2.467152292E0,1.740417480E1,1.417541504E0,4.950408936E1
2.567127878E0,1.633911133E1,1.383972168E0,4.950714111E1
2.667103464E0,1.557006836E1,1.063537598E0,4.921112061E1
2.717121774E0,1.774597168E1,2.464294434E0,4.816741943E1
2.817066843E0,1.652069092E1,2.127075195E0,4.727783203E1
2.917042429E0,1.741790771E1,1.713562012E0,4.816741943E1
2.967030222E0,1.756744385E1,1.568603516E0,4.757232666E1
3.067005808E0,1.918334961E1,1.403808594E-1,5.098266602E1
3.166981394E0,1.759033203E1,-2.287292480E0,4.994201660E1
3.217274362E0,1.862487793E1,-2.990722656E0,5.246582031E1
3.317036325E0,1.957092285E1,-2.073669434E0,5.038299561E1
3.416918045E0,1.805267334E1,-1.971435547E0,5.098266602E1
3.466905838E0,1.836547852E1,-1.664733887E0,5.098114014E1
3.567247635E0,1.833801270E1,-2.557373047E0,5.068206787E1
3.666887528E0,1.531982422E1,-1.911926270E0,5.009765625E1
3.716844803E0,2.010650635E1,-4.283142090E0,5.097198486E1
3.816820389E0,1.857604980E1,-4.627990723E0,5.097656250E1
3.917223221E0,1.938323975E1,-3.268432617E0,5.023345947E1
3.966783768E0,1.521301270E1,-7.308959961E-1,4.772186279E1
4.066759354E0,1.418609619E1,5.752563477E-1,4.951019287E1
4.166734940E0,1.485137939E1,-2.372741699E0,4.920654297E1
4.216753250E0,1.392364502E1,-2.996826172E0,4.831542969E1
4.316698319E0,1.313934326E1,-3.613281250E0,4.980316162E1
4.416704422E0,1.641845703E1,-8.377075195E-1,5.009613037E1
4.466661698E0,1.550750732E1,-1.017761230E0,4.846343994E1
4.566637284E0,1.571350098E1,-3.828430176E0,5.038909912E1
4.666612870E0,1.489410400E1,-5.633544922E0,5.157928467E1
4.716722733E0,1.372222900E1,-4.487609863E0,4.846191406E1
4.816576249E0,1.430969238E1,-5.061340332E0,4.875793457E1
4.916551834E0,1.403808594E1,-4.029846191E0,4.920501709E1
4.966875321E0,1.446838379E1,-4.908752441E0,4.905395508E1
5.066728836E0,1.338195801E1,-5.686950684E0,4.786529541E1
5.166521317E0,1.382598877E1,-5.967712402E0,4.934997559E1
5.216478592E0,1.484832764E1,-7.270812988E0,4.934539795E1
5.316454178E0,1.470184326E1,-7.127380371E0,4.845428467E1
5.416612870E0,1.900787354E1,-5.661010742E0,4.740600586E1
5.466417557E0,1.929168701E1,-6.243896484E0,4.814758301E1
5.566454178E0,1.853485107E1,-6.269836426E0,4.666442871E1
5.666368729E0,1.842346191E1,-9.684753418E0,4.769744873E1
5.716356522E0,1.796264648E1,-9.846496582E0,4.784545898E1
5.816362625E0,1.815032959E1,-8.654785156E0,4.814758301E1
5.916307694E0,1.739959717E1,-8.381652832E0,4.814910889E1
5.966295487E0,1.789855957E1,-7.028198242E0,4.815063477E1
6.066271073E0,1.772460938E1,-7.778930664E0,4.681243896E1
6.166246659E0,1.871643066E1,-1.012268066E1,4.650726318E1
6.216264969E0,1.803131104E1,-1.236724854E1,4.813995361E1
6.316210038E0,1.869049072E1,-1.086425781E1,4.754638672E1
6.416216141E0,1.921691895E1,-8.621215820E0,4.814453125E1
6.466509110E0,1.922760010E1,-8.323669434E0,4.769744873E1
6.566179520E0,2.039794922E1,-9.773254395E0,4.724578857E1
6.666155106E0,2.024078369E1,-9.924316406E0,4.769287109E1
6.716142899E0,1.976470947E1,-1.053466797E1,4.783935547E1
6.816515213E0,1.804046631E1,-1.207122803E1,4.814147949E1
6.916124588E0,1.716613770E1,-1.091003418E1,4.829406738E1
6.966051346E0,1.697692871E1,-1.180114746E1,5.096740723E1
7.066026932E0,1.577301025E1,-1.154632568E1,4.978179932E1
7.166338211E0,1.479949951E1,-1.350555420E1,4.918518066E1
7.215990311E0,1.472015381E1,-1.588134766E1,5.066833496E1
7.315965897E0,1.421813965E1,-1.263122559E1,5.008087158E1
7.415941483E0,1.485137939E1,-1.187133789E1,4.918823242E1
7.465929276E0,1.545257568E1,-1.199798584E1,5.037536621E1
7.565935379E0,1.296539307E1,-1.386108398E1,4.874420166E1
7.665880448E0,1.291046143E1,-1.549377441E1,4.948425293E1
7.715868241E0,1.583404541E1,-1.896209717E1,5.155181885E1
7.815904862E0,1.669158936E1,-1.596527100E1,5.185089111E1
7.915819413E0,1.309814453E1,-1.445007324E1,4.859466553E1
7.966020829E0,1.358642578E1,-1.339569092E1,4.978332520E1
8.065813309E0,1.445312500E1,-1.485290527E1,4.873962402E1
8.165758377E0,1.347045898E1,-1.711120605E1,4.903411865E1
8.215746170E0,1.270294189E1,-1.712951660E1,5.111694336E1
8.315935379E0,1.443176270E1,-1.544647217E1,4.948120117E1
8.415788895E0,1.441955566E1,-1.589355469E1,4.873809814E1
8.465685135E0,1.280975342E1,-1.401367188E1,4.904327393E1
8.565660721E0,1.304473877E1,-1.608428955E1,4.933319092E1
8.665880448E0,1.268768311E1,-1.772766113E1,4.978027344E1
8.715654618E0,1.113281250E1,-1.866302490E1,5.141601562E1
8.815599686E0,1.153717041E1,-1.553344727E1,5.142059326E1
8.915575272E0,1.062927246E1,-1.541442871E1,5.112457275E1
8.965563065E0,1.152801514E1,-1.598205566E1,4.948883057E1
9.065538651E0,8.316040039E0,-1.637725830E1,5.172424316E1
9.165514237E0,6.309509277E0,-1.732788086E1,5.187530518E1
9.215502030E0,8.885192871E0,-1.739196777E1,5.395050049E1
9.315477616E0,9.324645996E0,-1.766967773E1,5.721740723E1
9.415453202E0,1.114807129E1,-1.761016846E1,5.825347900E1
9.465471512E0,1.383514404E1,-1.916046143E1,5.750122070E1
9.565477616E0,1.004638672E1,-1.868286133E1,5.974273682E1
9.665392166E0,7.592773438E0,-1.965637207E1,5.588226318E1
9.715776688E0,9.619140625E0,-1.795654297E1,5.751342773E1
9.815386063E0,8.454895020E0,-1.651153564E1,5.618286133E1
9.915331131E0,7.890319824E0,-1.504364014E1,5.678100586E1
9.965318924E0,4.550170898E0,-1.500091553E1,5.589752197E1
1.006559969E1,6.207275391E0,-1.539306641E1,5.678405762E1
1.016536165E1,7.427978516E0,-1.520538330E1,5.737762451E1
1.021525789E1,8.460998535E0,-1.621246338E1,5.737152100E1
1.031523348E1,9.593200684E0,-1.409912109E1,5.737304688E1
1.041554475E1,9.349060059E0,-1.217803955E1,5.693054199E1
1.046519685E1,9.930419922E0,-1.305236816E1,5.588684082E1
1.056517244E1,8.470153809E0,-1.591644287E1,5.692749023E1
1.066514803E1,7.144165039E0,-1.462097168E1,5.663452148E1
1.071516634E1,7.334899902E0,-1.343078613E1,5.604248047E1
1.081511141E1,8.302307129E0,-1.176910400E1,5.559539795E1
1.091508699E1,5.917358398E0,-1.035919189E1,5.456542969E1
1.096510530E1,8.023071289E0,-1.103668213E1,5.500488281E1
1.106505037E1,6.904602051E0,-1.270294189E1,5.530090332E1
1.116502596E1,6.945800781E0,-1.136627197E1,5.574951172E1
1.121519685E1,1.034393311E1,-9.623718262E0,5.678405762E1
1.131505037E1,8.106994629E0,-8.363342285E0,5.530548096E1
1.141496492E1,1.080322266E1,-9.764099121E0,5.440521240E1
1.146498323E1,9.718322754E0,-1.039123535E1,5.440673828E1
1.156523348E1,8.650207520E0,-1.042175293E1,5.515289307E1
1.166496492E1,8.943176270E0,-1.086120605E1,5.366363525E1
1.171489168E1,1.075897217E1,-1.109924316E1,5.484771729E1
1.181486726E1,1.094055176E1,-1.020355225E1,5.395812988E1
1.191517854E1,9.654235840E0,-1.247253418E1,5.336303711E1
1.196483064E1,1.151275635E1,-1.137390137E1,5.365753174E1
1.206480623E1,1.098480225E1,-1.377105713E1,5.112762451E1
1.216478182E1,9.497070312E0,-1.293029785E1,4.875488281E1
1.221476961E1,1.023712158E1,-1.365051270E1,4.815826416E1
1.231474519E1,9.851074219E0,-1.158599854E1,4.667816162E1
1.241475130E1,1.078643799E1,-1.081542969E1,4.786224365E1
1.246470857E1,9.698486328E0,-1.143951416E1,4.935150146E1
1.256468416E1,1.037750244E1,-1.409149170E1,4.785919189E1
1.266465975E1,9.457397461E0,-1.427001953E1,4.771270752E1
1.271470857E1,1.057586670E1,-1.260070801E1,4.771118164E1
1.281462312E1,1.315002441E1,-1.296844482E1,4.725952148E1
1.291459871E1,1.369018555E1,-1.517791748E1,4.621276855E1
1.296492220E1,1.252441406E1,-1.342926025E1,4.830017090E1
1.306468416E1,1.543579102E1,-1.749572754E1,4.813842773E1
1.316453767E1,1.436614990E1,-1.782989502E1,4.561309814E1
1.321452547E1,1.408081055E1,-1.709289551E1,4.784240723E1
1.331483675E1,1.443481445E1,-1.544799805E1,4.844055176E1
1.341459871E1,1.468963623E1,-1.692199707E1,4.917907715E1
1.346445465E1,1.468963623E1,-1.692199707E1,4.917907715E1
1.356446075E1,1.378326416E1,-1.665191650E1,5.007629395E1
1.366477203E1,1.408843994E1,-1.664428711E1,4.977722168E1
1.371439361E1,1.439666748E1,-1.648559570E1,5.066833496E1
1.381436920E1,1.165924072E1,-1.641845703E1,5.260620117E1
1.391434479E1,9.545898438E0,-1.589050293E1,5.306091309E1
1.396433258E1,8.959960938E0,-1.531677246E1,5.142669678E1
1.406430817E1,9.490966797E0,-1.752166748E1,5.409698486E1
1.416431427E1,9.440612793E0,-1.915740967E1,5.364837646E1
1.421430206E1,9.645080566E0,-1.736602783E1,5.454406738E1
1.431424713E1,9.803771973E0,-1.721496582E1,5.364990234E1
1.441425323E1,8.779907227E0,-1.591186523E1,5.439910889E1
1.446451568E1,1.014404297E1,-1.601562500E1,5.454559326E1
1.456421661E1,1.074523926E1,-1.629638672E1,5.424346924E1
1.466419220E1,8.311462402E0,-1.637420654E1,5.350799561E1
1.471421051E1,8.642578125E0,-1.531677246E1,5.648040771E1
1.481443024E1,7.633972168E0,-1.371917725E1,5.500030518E1
1.491416168E1,5.250549316E0,-1.216125488E1,5.456390381E1
1.496408844E1,8.851623535E0,-1.353149414E1,5.588836670E1
1.506406402E1,1.048736572E1,-1.466827393E1,5.573272705E1
1.516440582E1,8.888244629E0,-1.249237061E1,5.485076904E1
1.521402740E1,9.332275391E0,-1.307830811E1,5.261840820E1
1.531403351E1,9.907531738E0,-9.196472168E0,5.425872803E1
1.541397858E1,9.500122070E0,-1.262664795E1,5.202484131E1
1.546399688E1,9.820556641E0,-1.202087402E1,5.276794434E1
1.556397247E1,1.097259521E1,-1.406555176E1,5.231628418E1
1.566391754E1,9.585571289E0,-1.485443115E1,5.083160400E1
1.571390533E1,9.617614746E0,-1.381378174E1,5.113067627E1
1.581388092E1,8.908081055E0,-1.220245361E1,5.083770752E1
1.591385651E1,1.085205078E1,-1.333312988E1,4.949493408E1
1.596393585E1,9.721374512E0,-1.529235840E1,5.142517090E1
1.606385040E1,8.970642090E0,-1.532440186E1,4.696807861E1
1.616385651E1,8.546447754E0,-1.414489746E1,4.979705811E1
1.621411896E1,7.179260254E0,-1.418914795E1,4.861145020E1
1.631388092E1,1.020355225E1,-1.468963623E1,4.845275879E1
1.641376495E1,1.051177979E1,-1.468353271E1,4.666900635E1
1.646372223E1,9.298706055E0,-1.457214355E1,4.726562500E1
1.656406402E1,9.834289551E0,-1.678161621E1,4.681549072E1
1.666385651E1,7.614135742E0,-1.507110596E1,4.593200684E1
1.671369171E1,8.494567871E0,-1.593170166E1,4.786071777E1
1.681363678E1,6.802368164E0,-1.642913818E1,4.875640869E1
1.691361236E1,3.576660156E0,-1.756896973E1,4.742431641E1
1.696360016E1,4.682922363E0,-1.619873047E1,4.816894531E1
1.706357574E1,5.194091797E0,-1.930084229E1,4.786224365E1
1.716355133E1,6.317138672E0,-1.733398438E1,4.860687256E1
1.721353912E1,6.492614746E0,-1.673736572E1,4.741821289E1
1.731354523E1,4.632568359E0,-1.783294678E1,4.771881104E1
1.741349029E1,5.686950684E0,-1.809844971E1,4.816131592E1
1.746347809E1,6.245422363E0,-1.971435547E1,4.726562500E1
1.756351471E1,7.557678223E0,-2.160491943E1,4.577178955E1
1.766342926E1,7.424926758E0,-2.071380615E1,4.874572754E1
1.771375274E1,7.586669922E0,-2.056121826E1,4.785461426E1
1.781342316E1,5.146789551E0,-2.063446045E1,4.934692383E1
1.791336822E1,5.101013184E0,-2.196960449E1,5.083007812E1
1.796335602E1,4.917907715E0,-2.316894531E1,4.741058350E1
1.806366730E1,5.914306641E0,-2.521514893E1,4.814910889E1
1.816336822E1,6.561279297E0,-2.385559082E1,4.993286133E1
1.821329498E1,8.883666992E0,-2.734527588E1,4.932403564E1
1.831327057E1,7.312011719E0,-2.412719727E1,5.067291260E1
1.841367340E1,8.654785156E0,-2.482604980E1,5.096588135E1
1.846323395E1,8.937072754E0,-2.555999756E1,5.111083984E1
1.856320953E1,8.895874023E0,-2.689819336E1,5.081024170E1
1.866317608E1,7.844543457E0,-2.633361816E1,5.259857178E1
1.871316387E1,8.938598633E0,-2.525787354E1,5.408325195E1
1.881313946E1,6.391906738E0,-2.399902344E1,5.513458252E1
1.891311504E1,6.401062012E0,-2.370300293E1,5.513458252E1
1.896310284E1,7.550048828E0,-2.574310303E1,5.601959229E1
1.906307842E1,5.513000488E0,-2.283782959E1,5.647583008E1
1.916305401E1,7.646179199E0,-2.277374268E1,5.528106689E1
1.921322491E1,7.177734375E0,-2.292938232E1,5.810699463E1
1.931307842E1,1.212921143E1,-2.485198975E1,5.942840576E1
1.941299297E1,8.636474609E0,-2.481384277E1,5.824737549E1
1.946334698E1,7.839965820E0,-2.602844238E1,5.765075684E1
1.956313946E1,9.114074707E0,-2.405548096E1,5.973510742E1
1.966293194E1,7.955932617E0,-2.230987549E1,5.914459229E1
1.971291973E1,5.250549316E0,-2.120666504E1,6.034393311E1
1.981289532E1,6.236267090E0,-1.894836426E1,5.989837646E1
1.991311504E1,3.967285156E0,-1.857452393E1,6.035156250E1
1.996285870E1,5.130004883E0,-2.032165527E1,5.945434570E1
2.006283428E1,4.931640625E0,-1.690979004E1,6.094818115E1
2.016284470E1,4.386901855E0,-1.484985352E1,6.110076904E1
2.021280197E1,5.400085449E0,-1.645050049E1,6.109466553E1
2.031277756E1,6.301879883E0,-2.146606445E1,6.227264404E1
2.041275314E1,6.608581543E0,-2.145843506E1,6.152954102E1
2.046274094E1,5.398559570E0,-2.135009766E1,6.063995361E1
2.056271652E1,4.266357422E0,-1.886596680E1,5.856781006E1
2.066269211E1,5.171203613E0,-1.898193359E1,5.990142822E1
2.071271042E1,4.008483887E0,-1.753845215E1,5.723114014E1
2.081268600E1,5.665588379E0,-1.808319092E1,5.677947998E1
2.091263107E1,6.172180176E0,-2.133331299E1,5.558471680E1
2.096295456E1,6.657409668E0,-2.042999268E1,5.528869629E1
2.106262497E1,5.342102051E0,-1.884002686E1,5.395812988E1
2.116257004E1,2.409362793E0,-1.566925049E1,5.188903809E1
2.121255783E1,3.327941895E0,-1.579589844E1,4.772491455E1
2.131299118E1,1.879882812E0,-1.821441650E1,4.876556396E1
2.141257004E1,3.005981445E-1,-1.544647217E1,4.788208008E1
2.146249680E1,1.199340820E0,-1.586456299E1,4.698791504E1
2.156247238E1,4.121398926E0,-1.488342285E1,4.668579102E1
2.166275314E1,-1.290893555E0,-1.772308350E1,4.669494629E1
2.171243576E1,4.338073730E0,-2.199096680E1,5.157623291E1
2.181241135E1,4.916381836E0,-2.286529541E1,5.172119141E1
2.191241745E1,4.017639160E0,-2.244720459E1,5.157775879E1
2.196237472E1,5.871582031E0,-2.164916992E1,5.082855225E1
2.206235031E1,5.412292480E0,-2.166137695E1,5.187072754E1
2.216235641E1,8.538818359E0,-2.364196777E1,5.156250000E1
2.221234421E1,7.345581055E0,-2.308807373E1,5.067443848E1
2.231228928E1,7.456970215E0,-2.426757812E1,5.186004639E1
2.241226486E1,4.908752441E0,-2.316284180E1,5.142364502E1
2.246243576E1,6.454467773E0,-2.237091064E1,5.112457275E1
2.256225876E1,5.285644531E0,-2.077484131E1,5.202178955E1
2.266220383E1,3.312683105E0,-2.068634033E1,5.232391357E1
2.271222214E1,3.355407715E0,-1.934967041E1,5.262298584E1
2.281244186E1,4.237365723E0,-2.021179199E1,5.276794434E1
2.291217331E1,4.342651367E0,-2.169036865E1,5.365600586E1
2.296213058E1,4.006958008E0,-1.784210205E1,5.396270752E1
2.306210617E1,3.868103027E0,-1.740112305E1,5.440826416E1
2.316238693E1,4.974365234E0,-1.633300781E1,5.158538818E1
2.321206955E1,5.723571777E0,-1.645355225E1,5.425567627E1
2.331207565E1,6.134033203E0,-1.807556152E1,5.202484131E1
2.341202072E1,3.979492188E0,-1.888732910E1,5.173187256E1
2.346202557E1,5.455017090E0,-1.542358398E1,5.277252197E1
2.356200116E1,2.017211914E0,-1.360321045E1,5.249023438E1
2.366197674E1,3.198242188E0,-1.475219727E1,5.263214111E1
2.371196454E1,2.252197266E0,-1.582183838E1,5.203857422E1
2.381194012E1,5.905151367E-1,-1.542663574E1,5.338134766E1
2.391191571E1,1.679992676E0,-1.480255127E1,5.114898682E1
2.396196454E1,3.509521484E-2,-1.381225586E1,5.308837891E1
2.406187908E1,3.096008301E0,-1.312255859E1,5.323028564E1
2.416188519E1,3.453063965E0,-1.638031006E1,5.114135742E1
2.421214764E1,5.090332031E0,-1.751708984E1,5.068969727E1
2.431184857E1,3.979492188E0,-1.888732910E1,5.173187256E1
2.441179364E1,2.223205566E0,-1.686553955E1,5.069885254E1
2.446181195E1,1.377868652E0,-1.481475830E1,4.981384277E1
2.456206219E1,-2.828979492E0,-1.346588135E1,4.789428711E1
2.466182415E1,-2.131652832E0,-1.522216797E1,4.982147217E1
2.471172039E1,-1.147460938E0,-1.786346436E1,4.832916260E1
2.481169598E1,-1.951599121E0,-1.922454834E1,4.862518311E1
2.491200726E1,-1.190185547E-1,-1.887054443E1,4.981079102E1
2.496165936E1,-1.907348633E0,-1.788635254E1,4.833068848E1
2.506163494E1,-1.651000977E0,-1.921386719E1,4.981231689E1
2.516161053E1,7.629394531E-2,-1.767883301E1,4.773101807E1
2.521159832E1,1.206970215E0,-2.016296387E1,4.980468750E1
2.531160443E1,-9.506225586E-1,-2.127227783E1,4.757843018E1
2.541154950E1,-1.635742188E0,-1.892089844E1,4.758453369E1
2.546153729E1,3.250122070E-1,-1.930236816E1,4.876708984E1
2.556151288E1,-2.830505371E0,-1.836547852E1,4.669647217E1
2.566148846E1,-2.877807617E0,-1.970062256E1,4.773406982E1
2.571172039E1,-1.078796387E0,-2.068786621E1,4.594421387E1
2.581148236E1,-7.614135742E-1,-2.007904053E1,4.743041992E1
2.591142743E1,-1.182556152E0,-1.890563965E1,4.862518311E1
2.596141522E1,-2.731323242E-1,-1.902618408E1,4.817657471E1
2.606172650E1,1.066589355E0,-2.002410889E1,4.698028564E1
2.616142743E1,7.522583008E-1,-2.033081055E1,4.698028564E1
2.621135418E1,-7.690429688E-1,-2.037811279E1,4.698486328E1
2.631132977E1,2.243041992E-1,-1.782226562E1,4.787750244E1
2.641161053E1,2.102661133E0,-1.613159180E1,4.757995605E1
2.646132367E1,8.026123047E-1,-1.869506836E1,4.742889404E1
2.656126873E1,3.178405762E0,-2.055206299E1,4.697418213E1
2.666124432E1,-9.201049805E-1,-2.023010254E1,4.906616211E1
2.671123211E1,8.789062500E-1,-2.121734619E1,4.653320312E1
2.681120770E1,1.884460449E0,-1.821746826E1,4.698181152E1
2.691118329E1,2.351379395E0,-1.775360107E1,4.861755371E1
2.696117108E1,3.369140625E0,-1.935882568E1,4.727325439E1
2.706114666E1,2.124023438E0,-2.028961182E1,4.623413086E1
2.716112225E1,1.846313477E-1,-1.886138916E1,4.980926514E1
2.721117108E1,-1.136779785E0,-1.756896973E1,4.788208008E1
2.731111615E1,-8.468627930E-1,-1.785125732E1,4.981384277E1
2.741106121E1,-3.277587891E0,-1.792907715E1,4.833374023E1
2.746135418E1,-2.145385742E0,-1.582031250E1,4.788665771E1
2.756114666E1,-2.670288086E0,-1.791076660E1,4.907531738E1
2.766100018E1,-3.550720215E0,-1.705169678E1,4.744415283E1
2.771098797E1,-4.566955566E0,-1.544647217E1,4.848937988E1
2.781126873E1,-2.081298828E0,-1.389007568E1,4.729614258E1
2.791109173E1,-2.119445801E0,-1.492614746E1,4.863281250E1
2.796092694E1,-1.296997070E-1,-1.456909180E1,4.773712158E1
2.806090252E1,1.309204102E0,-1.704559326E1,4.906768799E1
2.816127484E1,5.508422852E-1,-1.706848145E1,4.832611084E1
2.821086590E1,-4.638671875E-1,-1.546630859E1,4.937133789E1
2.831087200E1,6.088256836E-1,-1.513519287E1,4.981536865E1
2.841084759E1,-3.912353516E0,-1.394195557E1,4.938049316E1
2.846083538E1,-6.103515625E-1,-1.532287598E1,4.848022461E1
2.856078045E1,1.434326172E0,-1.793212891E1,4.876708984E1
2.866075604E1,-8.209228516E-1,-1.711120605E1,4.862670898E1
2.871077435E1,-8.377075195E-1,-1.755523682E1,4.981384277E1
2.881071942E1,-2.349853516E-1,-1.768341064E1,5.025787354E1
2.891069500E1,2.232360840E0,-1.656799316E1,5.069885254E1
2.896098797E1,1.919555664E0,-1.687622070E1,4.995727539E1
2.906065838E1,1.399230957E0,-1.897125244E1,4.921112061E1
2.916063397E1,-3.189086914E-1,-2.035980225E1,4.921264648E1
2.921062176E1,2.012634277E0,-1.880340576E1,4.935760498E1
2.931096356E1,-8.987426758E-1,-1.458740234E1,5.145416260E1
2.941060345E1,-1.815795898E-1,-1.589965820E1,5.144958496E1
2.946056073E1,9.445190430E-1,-1.393432617E1,5.174713135E1
2.956053631E1,-1.275634766E0,-1.697692871E1,4.996490479E1
2.966090863E1,-1.838684082E0,-1.550598145E1,5.115814209E1
2.971049969E1,-1.538085938E0,-1.549530029E1,5.234527588E1
2.981047528E1,-1.235961914E-1,-1.396484375E1,5.323638916E1
2.991048138E1,3.491210938E0,-1.503906250E1,5.307769775E1
2.996043866E1,3.181457520E0,-1.534729004E1,5.188903809E1
3.006041424E1,1.094055176E0,-1.867675781E1,5.277862549E1
3.016042035E1,1.521301270E0,-1.495666504E1,5.174407959E1
3.021037762E1,6.332397461E-1,-1.408996582E1,5.338287354E1
3.031035321E1,1.542663574E0,-1.421051025E1,5.323181152E1
3.041032879E1,3.648376465E0,-1.488647461E1,5.322570801E1
3.046040814E1,1.168823242E0,-1.629943848E1,5.352783203E1
3.056029217E1,1.287841797E0,-1.748504639E1,5.188903809E1
3.066026776E1,1.504516602E0,-2.014770508E1,5.307312012E1
3.071056073E1,2.343750000E0,-1.774902344E1,5.158996582E1
3.081038372E1,2.343750000E0,-1.774902344E1,5.158996582E1
3.091023724E1,4.617309570E0,-1.782379150E1,5.351562500E1
3.096019452E1,4.858398438E0,-2.004699707E1,5.038909912E1
3.106053631E1,4.866027832E0,-1.974945068E1,5.113372803E1
3.116032879E1,4.586791992E0,-1.886596680E1,5.247344971E1
3.121013348E1,6.744384766E0,-1.805877686E1,5.142822266E1
3.131013958E1,4.278564453E0,-1.887512207E1,5.351562500E1
3.141008465E1,5.010986328E0,-1.989288330E1,5.172576904E1
3.146010296E1,4.051208496E0,-2.140655518E1,5.187530518E1
3.156004803E1,4.058837891E0,-2.110900879E1,5.232086182E1
3.166002362E1,7.015991211E0,-1.893615723E1,5.306091309E1
3.171001141E1,7.069396973E0,-1.730346680E1,5.261688232E1
3.180998700E1,6.770324707E0,-1.716461182E1,5.202484131E1
3.190999310E1,5.346679688E0,-1.884307861E1,5.247192383E1
3.195998089E1,7.736206055E0,-2.010192871E1,5.350341797E1
3.205992596E1,8.027648926E0,-2.053680420E1,5.364990234E1
3.215993206E1,8.477783203E0,-2.067260742E1,5.349884033E1
3.221022503E1,6.219482422E0,-1.999816895E1,5.365447998E1
3.230989544E1,5.606079102E0,-2.016906738E1,5.350799561E1
3.240984051E1,4.426574707E0,-1.901550293E1,5.410614014E1
3.245985882E1,6.495666504E0,-2.103424072E1,5.157318115E1
3.256017010E1,5.444335938E0,-2.062072754E1,5.261688232E1
3.265980999E1,9.417724609E0,-1.990051270E1,5.305328369E1
3.270976727E1,7.424926758E0,-2.040863037E1,5.275878906E1
3.280974286E1,9.063720703E0,-2.154693604E1,5.186004639E1
3.291008465E1,7.348632812E0,-2.278594971E1,5.275421143E1
3.295970623E1,7.489013672E0,-2.322998047E1,5.156707764E1
3.305968182E1,4.768371582E0,-2.272033691E1,5.231628418E1
3.315965741E1,7.098388672E0,-2.116241455E1,5.201721191E1
3.320964520E1,5.538940430E0,-2.224884033E1,5.350494385E1
3.330968182E1,6.651306152E0,-2.073059082E1,5.350494385E1
3.340959637E1,3.434753418E0,-2.157135010E1,5.321502686E1
3.345959337E1,1.203918457E0,-2.015991211E1,5.114135742E1
3.355953844E1,2.450561523E0,-1.923065186E1,5.143737793E1
3.365951403E1,2.607727051E0,-1.907958984E1,5.084075928E1
3.370962389E1,1.396179199E0,-1.896972656E1,5.069732666E1
3.380950792E1,4.487609863E0,-2.183380127E1,5.395355225E1
3.390948351E1,7.614135742E0,-2.411651611E1,5.141601562E1
3.395980700E1,5.508422852E0,-2.359466553E1,4.874572754E1
3.405959948E1,6.336975098E0,-2.148895264E1,4.874877930E1
3.415945299E1,5.307006836E0,-2.018127441E1,5.098266602E1
3.420937975E1,2.908325195E0,-1.921844482E1,5.069274902E1
3.430935534E1,3.485107422E0,-2.023925781E1,5.024414062E1
3.440957506E1,3.128051758E0,-2.188415527E1,4.994354248E1
3.445934923E1,5.374145508E0,-2.300109863E1,5.008697510E1
3.455929430E1,4.528808594E0,-2.080078125E1,5.068511963E1
3.465926989E1,2.911376953E0,-1.921997070E1,4.950408936E1
3.470925768E1,3.518676758E0,-1.919860840E1,5.024566650E1
3.480923327E1,3.752136230E0,-2.142028809E1,4.934844971E1
3.490920885E1,3.071594238E0,-2.366790771E1,4.919738770E1
3.495919664E1,3.448486328E0,-2.158050537E1,4.771575928E1
3.505920275E1,3.877258301E0,-2.230834961E1,4.875335693E1
3.515914782E1,2.630615234E0,-1.833801270E1,5.039672852E1
3.520913561E1,4.914855957E0,-1.826629639E1,5.039215088E1
3.530914171E1,5.276489258E0,-2.122497559E1,4.994049072E1
3.540908678E1,4.071044922E0,-2.111663818E1,4.756622314E1
3.545941027E1,3.709411621E0,-2.275848389E1,4.934539795E1
3.555908068E1,6.094360352E0,-1.941680908E1,4.994201660E1
3.565902575E1,5.992126465E0,-1.793518066E1,5.009460449E1
3.570901354E1,6.800842285E0,-1.642761230E1,4.949951172E1
3.580935534E1,6.515502930E0,-2.059020996E1,5.008850098E1
3.590902575E1,5.934143066E0,-1.971893311E1,4.979400635E1
3.595895250E1,8.392333984E0,-1.889801025E1,5.038146973E1
3.605892809E1,5.526733398E0,-1.824951172E1,4.934997559E1
3.615933092E1,4.003906250E0,-1.814270020E1,5.202941895E1
3.620892199E1,4.003906250E0,-1.814422607E1,5.173187256E1
3.630886706E1,2.896118164E0,-1.951446533E1,5.099029541E1
3.640884264E1,9.414672852E-1,-1.883239746E1,5.188751221E1
3.645886095E1,2.177429199E0,-1.820068359E1,5.173645020E1
3.655880602E1,1.582336426E0,-1.777191162E1,5.233306885E1
3.665878161E1,1.158142090E0,-1.689910889E1,5.070190430E1
3.670876940E1,2.650451660E0,-1.774139404E1,5.084381104E1
3.680874499E1,2.084350586E0,-2.087097168E1,5.425720215E1
3.690872057E1,1.728820801E0,-2.266693115E1,5.173034668E1
3.695886095E1,-1.219177246E0,-1.994323730E1,4.981231689E1
3.705871447E1,-3.881835938E0,-1.780090332E1,4.848327637E1
3.715865954E1,-4.312133789E0,-1.692199707E1,4.937744141E1
3.720901354E1,-4.882812500E0,-1.575317383E1,4.953002930E1
3.730883654E1,-4.414367676E0,-2.004089355E1,5.011749268E1
3.740859850E1,-7.518005371E0,-1.732025146E1,4.938507080E1
3.745858629E1,-9.338378906E0,-1.707611084E1,5.117340088E1
3.755856188E1,-8.122253418E0,-1.719055176E1,4.953613281E1
3.765875109E1,-8.091735840E0,-1.614837646E1,5.028076172E1
3.770852526E1,-7.418823242E0,-1.894836426E1,4.923400879E1
3.780850084E1,-8.949279785E0,-1.929473877E1,4.953460693E1
3.790850695E1,-1.141967773E1,-2.040710449E1,5.028076172E1
3.795846422E1,-1.133422852E1,-1.773223877E1,5.028533936E1
3.805843981E1,-1.217498779E1,-1.553497314E1,4.984741211E1
3.815841540E1,-1.658477783E1,-1.552429199E1,5.000610352E1
3.820843371E1,-1.700439453E1,-1.419830322E1,5.253753662E1
3.830837877E1,-1.632537842E1,-1.684875488E1,5.104522705E1
3.840835436E1,-1.852874756E1,-1.439361572E1,5.194396973E1
3.845840319E1,-1.819763184E1,-1.364288330E1,5.120239258E1
3.855831774E1,-1.639404297E1,-1.432952881E1,5.089874268E1
3.865829332E1,-1.744842529E1,-1.391601562E1,5.164794922E1
3.870858629E1,-1.546936035E1,-1.370391846E1,5.253295898E1
3.880828722E1,-1.659698486E1,-1.581726074E1,5.149230957E1
3.890823229E1,-1.853790283E1,-1.469116211E1,5.194396973E1
3.895822008E1,-1.837005615E1,-1.424255371E1,5.149993896E1
3.905862291E1,-1.876678467E1,-1.232299805E1,5.269317627E1
3.915820177E1,-2.099456787E1,-1.076202393E1,5.121612549E1
3.920815905E1,-2.156982422E1,-9.739685059E0,5.121917725E1
3.930816515E1,-2.144165039E1,-1.017608643E1,5.404052734E1
3.940841540E1,-2.203826904E1,-1.005249023E1,5.166473389E1
3.945812853E1,-2.246093750E1,-8.874511719E0,5.285644531E1
3.955807360E1,-2.224578857E1,-7.089233398E0,5.196838379E1
3.965804918E1,-2.440948486E1,-8.197021484E0,5.122833252E1
3.970803698E1,-2.324066162E1,-9.645080566E0,5.181732178E1
3.980801256E1,-2.448577881E1,-1.057434082E1,5.122375488E1
3.990801867E1,-2.412261963E1,-8.781433105E0,5.092926025E1
3.995803698E1,-2.503967285E1,-8.959960938E0,5.033721924E1
4.005798204E1,-2.524414062E1,-5.699157715E0,5.182952881E1
4.015792711E1,-2.573394775E1,-6.904602051E0,5.049133301E1
4.020806749E1,-2.615661621E1,-5.877685547E0,5.093841553E1
4.030792101E1,-2.472686768E1,-8.500671387E0,5.316162109E1
4.040786608E1,-2.522430420E1,-5.256652832E0,4.930419922E1
4.045825060E1,-2.523803711E1,-5.702209473E0,4.960021973E1
4.055801256E1,-2.665252686E1,-7.080078125E0,5.153350830E1
4.065783556E1,-2.565002441E1,-8.978271484E0,5.108184814E1
4.070779284E1,-2.773132324E1,-7.406616211E0,5.287322998E1
4.080776842E1,-2.742462158E1,-7.400512695E0,5.153503418E1
4.090795763E1,-2.682952881E1,-7.827758789E0,5.049133301E1
4.095773180E1,-2.774658203E1,-8.155822754E0,4.960327148E1
4.105770739E1,-2.786865234E1,-6.968688965E0,5.168609619E1
4.115768297E1,-2.557830811E1,-6.748962402E0,5.108489990E1
4.120767077E1,-2.635040283E1,-7.070922852E0,5.153350830E1
4.130764635E1,-2.756500244E1,-6.958007812E0,5.272521973E1
4.140762194E1,-2.402038574E1,-5.513000488E0,5.167999268E1
4.145760973E1,-2.401885986E1,-5.513000488E0,5.123291016E1
4.155758532E1,-2.267608643E1,-5.906677246E0,5.657958984E1
4.165756090E1,-2.022705078E1,-9.983825684E0,5.775146484E1
4.170760973E1,-2.172241211E1,-9.291076660E0,5.731201172E1
4.180752428E1,-2.454071045E1,-7.304382324E0,5.465087891E1
4.190753038E1,-2.141418457E1,-4.685974121E0,5.345611572E1
4.195788439E1,-2.354583740E1,-4.751586914E0,5.450134277E1
4.205746325E1,-2.591094971E1,-2.600097656E0,5.436248779E1
4.215746935E1,-2.543945312E1,-2.290344238E0,5.287475586E1
4.220745714E1,-2.659149170E1,-9.613037109E-2,5.422058105E1
4.230782946E1,-2.618713379E1,-1.716613770E0,5.436553955E1
4.240740832E1,-2.363281250E1,-2.525329590E0,5.584259033E1
4.245739611E1,-2.451477051E1,-1.812744141E0,5.376739502E1
4.255734118E1,-2.434997559E1,-1.211547852E0,5.584716797E1
4.265762194E1,-2.449798584E1,-5.967712402E0,5.509796143E1
4.270730456E1,-2.572174072E1,-6.152343750E0,5.569458008E1
4.280728014E1,-2.430114746E1,-4.475402832E0,5.569305420E1
4.290725573E1,-2.507781982E1,-5.096435547E0,5.450592041E1
4.295724352E1,-2.431182861E1,-4.772949219E0,5.598907471E1
4.305721911E1,-2.464141846E1,-5.523681641E0,5.673370361E1
4.315719469E1,-2.512817383E1,-6.425476074E0,5.747680664E1
4.320718249E1,-2.329406738E1,-6.375122070E0,5.375671387E1
4.330715807E1,-2.345733643E1,-6.675720215E0,5.509338379E1
4.340713366E1,-2.465820312E1,-6.118774414E0,5.628662109E1
4.345730840E1,-2.163543701E1,-6.616210938E0,5.657501221E1
4.355713140E1,-2.395477295E1,-3.430175781E0,5.272216797E1
4.365707647E1,-2.616424561E1,-5.871582031E0,5.376281738E1
4.370706426E1,-2.604370117E1,-6.758117676E0,5.405883789E1
4.380725347E1,-2.573699951E1,-6.901550293E0,5.197753906E1
4.390707647E1,-2.778778076E1,-4.290771484E0,5.347290039E1
4.395700323E1,-2.612304688E1,-4.534912109E0,5.450897217E1
4.405697881E1,-2.715606689E1,-3.527832031E0,5.451354980E1
4.415722906E1,-2.864532471E1,-2.688598633E0,5.258789062E1
4.420697271E1,-2.503509521E1,-3.758239746E0,5.421142578E1
4.430691778E1,-2.598724365E1,-4.975891113E0,5.435791016E1
4.440689336E1,-2.596435547E1,-4.382324219E0,5.332031250E1
4.445688116E1,-2.410888672E1,-3.282165527E0,5.465545654E1
4.455685674E1,-2.489013672E1,-3.900146484E0,5.465545654E1
4.465683233E1,-2.546081543E1,-7.481384277E0,5.524444580E1
4.470685064E1,-2.446746826E1,-9.826660156E0,5.375213623E1
4.480682622E1,-2.548980713E1,-8.522033691E0,5.375671387E1
4.490677129E1,-2.712860107E1,-7.385253906E0,5.465698242E1
4.495678960E1,-2.680969238E1,-6.930541992E0,5.420837402E1
4.505676519E1,-2.578735352E1,-8.233642578E0,5.494842529E1
4.515671026E1,-2.833099365E1,-6.979370117E0,5.421295166E1
4.520706426E1,-2.788696289E1,-7.258605957E0,5.569763184E1
4.530667364E1,-2.599182129E1,-4.972839355E0,5.614166260E1
4.540667974E1,-2.563629150E1,-3.477478027E0,5.569915771E1
4.545663702E1,-2.654876709E1,-3.353881836E0,5.733489990E1
4.555703985E1,-2.752075195E1,-5.168151855E0,5.703887939E1
4.565661870E1,-2.673797607E1,-4.550170898E0,5.599670410E1
4.570660650E1,-2.709960938E1,-6.343078613E0,5.584564209E1
4.580655157E1,-2.705841064E1,-5.004882812E0,5.659179688E1
4.590686285E1,-2.825317383E1,-4.298400879E0,5.748748779E1
4.595654546E1,-2.825317383E1,-4.298400879E0,5.748748779E1
4.605649053E1,-2.825317383E1,-4.298400879E0,5.748748779E1
4.615646612E1,-2.917327881E1,-4.472351074E0,5.867767334E1
4.620648443E1,-2.724304199E1,-5.897521973E0,5.852203369E1
4.630642950E1,-2.847595215E1,-6.381225586E0,5.837554932E1
4.640643560E1,-2.776641846E1,-3.242492676E0,5.823059082E1
4.645642339E1,-2.696533203E1,-2.030944824E0,5.793609619E1
4.655636846E1,-2.926940918E1,-2.847290039E0,5.675048828E1
4.665634405E1,-2.761688232E1,-3.385925293E0,5.867614746E1
4.670648443E1,-2.888336182E1,-4.910278320E0,5.852813721E1
4.680636846E1,-2.752532959E1,-5.165100098E0,5.897064209E1
4.690628301E1,-2.818145752E1,-1.919555664E0,5.897827148E1
4.695627080E1,-2.934265137E1,-3.265380859E-1,5.764617920E1
4.705649053E1,-2.795410156E1,3.143310547E-1,5.764312744E1
4.715625249E1,-2.708129883E1,-8.468627930E-1,5.853118896E1
4.720620977E1,-2.418212891E1,-4.592895508E-1,5.896911621E1
4.730618536E1,-2.658691406E1,2.059936523E-1,5.674743652E1
4.740643560E1,-2.651672363E1,2.586364746E0,5.853576660E1
4.745614873E1,-2.726287842E1,2.857971191E0,5.749816895E1
4.755612432E1,-2.626342773E1,8.087158203E-1,5.674896240E1
4.765609991E1,-2.734527588E1,1.800537109E-1,5.630493164E1
4.770608770E1,-2.718200684E1,6.317138672E-1,5.689849854E1
4.780606328E1,-2.807464600E1,1.194763184E0,5.601043701E1
4.790606939E1,-2.837524414E1,1.184082031E0,5.496978760E1
4.795602666E1,-2.642669678E1,5.258178711E0,5.675659180E1
4.805600225E1,-2.740936279E1,3.001403809E0,5.734863281E1
4.815597784E1,-2.841491699E1,4.745483398E0,5.542297363E1
4.820602666E1,-2.954406738E1,2.630615234E0,5.438079834E1
4.830594121E1,-2.738494873E1,3.742980957E0,5.660858154E1
4.840591680E1,-2.734680176E1,4.779052734E0,5.467834473E1
4.845627080E1,-2.735900879E1,4.331970215E0,5.408325195E1
4.855588018E1,-2.828216553E1,4.156494141E0,5.601654053E1
4.865588628E1,-2.908172607E1,2.795410156E0,5.453033447E1
4.870584356E1,-2.911682129E1,1.756286621E0,5.497436523E1
4.880615484E1,-2.754211426E1,3.587341309E0,5.601348877E1
4.890582525E1,-2.825927734E1,4.899597168E0,5.631408691E1
4.895581304E1,-2.988433838E1,6.332397461E0,5.513305664E1
4.905578863E1,-2.749786377E1,4.924011230E0,5.571746826E1
4.915603887E1,-2.589569092E1,2.597045898E0,5.452117920E1
4.920572149E1,-2.943115234E1,1.448059082E0,5.527191162E1
4.930569707E1,-2.684173584E1,1.678466797E0,5.615692139E1
4.940567266E1,-2.606964111E1,1.998901367E0,5.511627197E1
4.945566045E1,-2.959289551E1,1.298522949E0,5.660858154E1
4.955563604E1,-2.871398926E1,1.373291016E-1,5.571289062E1
4.965564214E1,-3.030242920E1,-1.991271973E0,5.526733398E1
4.970559942E1,-3.183898926E1,-2.787780762E0,5.214996338E1
4.980557500E1,-2.962799072E1,-4.577636719E-2,5.363464355E1
4.990558111E1,-2.938537598E1,2.784729004E0,5.423278809E1
4.995572149E1,-2.975158691E1,6.896972656E-1,5.170593262E1
5.005554449E1,-2.610778809E1,6.591796875E-1,5.288391113E1
5.015548955E1,-2.829132080E1,-1.042175293E0,5.363006592E1
5.020587408E1,-2.661132812E1,-8.407592773E-1,5.317993164E1
5.030567943E1,-2.498321533E1,-2.122497559E0,5.495605469E1
5.040547192E1,-2.430267334E1,1.220703125E-1,5.406799316E1
5.045542919E1,-2.628479004E1,-8.697509766E-2,5.377502441E1
5.055540478E1,-2.332916260E1,-2.514648438E0,5.658721924E1
5.065559398E1,-2.531127930E1,-2.725219727E0,5.599670410E1
5.070536816E1,-2.421569824E1,-1.802062988E0,5.525207520E1
5.080534374E1,-2.335052490E1,-3.257751465E0,5.613861084E1
5.090531933E1,-2.361450195E1,-1.927185059E0,5.688476562E1
5.095530712E1,-2.930450439E1,5.599975586E-1,5.408172607E1
5.105531322E1,-2.601928711E1,-1.417541504E0,5.272979736E1
5.115525829E1,-2.300109863E1,-1.911926270E0,5.510101318E1
5.120524609E1,-2.542877197E1,-1.690673828E0,5.584869385E1
5.130522167E1,-2.494201660E1,-7.843017578E-1,5.570220947E1
5.140519726E1,-2.440490723E1,1.603698730E0,5.377349854E1
5.145518505E1,-2.509155273E1,-6.423950195E-1,5.540466309E1
5.155516064E1,-2.737274170E1,-8.651733398E-1,5.347900391E1
5.165513622E1,-2.694091797E1,-1.745605469E0,5.184173584E1
5.170549023E1,-2.750091553E1,-2.792358398E-1,5.184631348E1
5.180513012E1,-2.760772705E1,1.203918457E0,5.199584961E1
5.190510570E1,-2.828979492E1,3.555297852E0,5.125885010E1
5.195506298E1,-2.718811035E1,2.746582031E-2,5.154724121E1
5.205546581E1,-2.790679932E1,1.344299316E0,5.214691162E1
5.215504467E1,-2.899932861E1,2.670288086E-1,5.006561279E1
5.220503246E1,-2.808685303E1,4.455566406E-1,5.169982910E1
5.230497753E1,-2.618408203E1,2.882385254E0,5.199584961E1
5.240525829E1,-2.514953613E1,1.872253418E0,5.050506592E1
5.245494091E1,-2.493286133E1,-7.904052734E-1,5.198669434E1
5.255491650E1,-2.645721436E1,-9.872436523E-1,5.109863281E1
5.265489208E1,-2.694702148E1,-2.043151855E0,5.080108643E1
5.270491039E1,-2.538146973E1,-6.607055664E-1,5.079803467E1
5.280488598E1,-2.605743408E1,1.991271973E0,5.036010742E1
5.290483104E1,-2.576141357E1,1.701354980E0,5.006103516E1
5.295481884E1,-2.496948242E1,2.766418457E0,5.006103516E1
5.305482494E1,-2.328338623E1,3.268432617E0,5.198822021E1
5.315477001E1,-2.269134521E1,2.690124512E0,5.050048828E1
5.320491039E1,-2.237243652E1,3.147888184E0,5.154113770E1
5.330476391E1,-2.116241455E1,3.039550781E0,5.198364258E1
5.340470898E1,-2.211303711E1,1.818847656E0,5.153808594E1
5.345508098E1,-2.298889160E1,2.980041504E0,5.169219971E1
5.355484294E1,-2.429962158E1,4.566955566E0,4.946746826E1
5.365463542E1,-2.382659912E1,5.178833008E0,5.036010742E1
5.370462322E1,-2.395629883E1,5.915832520E0,5.050811768E1
5.380459880E1,-2.463378906E1,8.267211914E0,4.843597412E1
5.390481853E1,-2.273406982E1,1.070098877E1,4.873352051E1
5.395456218E1,-2.317352295E1,1.128234863E1,4.932708740E1
5.405453777E1,-2.251892090E1,8.038330078E0,5.050964355E1
5.415451335E1,-2.407684326E1,1.139831543E1,4.799346924E1
5.420453166E1,-2.083892822E1,1.283721924E1,4.798736572E1
5.430447673E1,-1.969604492E1,1.554718018E1,5.051574707E1
5.440445232E1,-2.070922852E1,1.684570312E1,4.740142822E1
5.445444011E1,-2.140045166E1,1.430206299E1,4.754638672E1
5.455441570E1,-2.140350342E1,1.430358887E1,4.888458252E1
5.465439128E1,-1.860198975E1,1.616821289E1,4.694824219E1
5.470437908E1,-1.855621338E1,1.750488281E1,4.590911865E1
5.480438518E1,-1.670989990E1,1.830749512E1,4.739227295E1
5.490433025E1,-1.694183350E1,2.052307129E1,4.635772705E1
5.495462322E1,-1.447143555E1,2.179107666E1,4.769134521E1
5.505435466E1,-1.200561523E1,2.275848389E1,4.738922119E1
5.515426921E1,-1.101989746E1,2.501373291E1,4.605102539E1
5.520425701E1,-1.094055176E1,2.279205322E1,4.738616943E1
5.530462932E1,-7.994079590E0,2.466583252E1,4.797515869E1
5.540426921E1,-9.667968750E0,2.446136475E1,4.575195312E1
5.545419597E1,-9.089660645E0,2.359008789E1,4.664001465E1
5.555417156E1,-7.890319824E0,2.318420410E1,4.782409668E1
5.565445232E1,-7.072448730E0,2.483978271E1,4.574584961E1
5.570413494E1,-7.818603516E0,2.541351318E1,4.782867432E1
5.580414104E1,-1.002960205E1,2.726745605E1,4.441986084E1
5.590411662E1,-6.417846680E0,2.619171143E1,4.455718994E1
5.595407390E1,-6.889343262E0,2.573394775E1,4.515075684E1
5.605404949E1,-5.343627930E0,2.652435303E1,4.529876709E1
5.615402507E1,-5.441284180E0,2.800140381E1,4.292297363E1
5.620404338E1,-5.569458008E0,2.889099121E1,4.426269531E1
5.630398845E1,-7.588195801E0,2.764129639E1,4.545440674E1
5.640396404E1,-7.017517090E0,2.647247314E1,4.530334473E1
5.645410442E1,-6.857299805E0,2.662353516E1,4.411163330E1
5.655392742E1,-8.117675781E0,2.540130615E1,4.604492188E1
5.665390300E1,-7.313537598E0,2.660980225E1,4.411315918E1
5.670422649E1,-6.007385254E0,2.487335205E1,4.603881836E1
5.680408000E1,-6.445312500E0,2.545318604E1,4.633941650E1
5.690384197E1,-6.605529785E0,2.500000000E1,4.440612793E1
5.695382976E1,-2.046203613E0,2.085113525E1,5.166931152E1
5.705420207E1,-1.614379883E0,1.997070312E1,5.003051758E1
5.715396404E1,1.861572266E-1,1.928710938E1,5.106658936E1
5.720376872E1,-1.184082031E0,2.369079590E1,4.780883789E1
5.730380535E1,-3.358459473E0,2.228851318E1,4.781036377E1
5.740371990E1,-3.083801270E0,2.140655518E1,4.840393066E1
5.745370769E1,-2.983093262E0,1.992797852E1,4.958953857E1
5.755368328E1,-3.381347656E0,2.154388428E1,4.751129150E1
5.765365886E1,-5.212402344E0,2.133789062E1,4.766540527E1
5.770364665E1,-5.480957031E0,2.251892090E1,4.826354980E1
5.780362224E1,-4.719543457E0,2.254486084E1,4.855804443E1
5.790362834E1,-4.612731934E0,2.106170654E1,4.795989990E1
5.795358562E1,-2.301025391E0,2.202148438E1,4.780883789E1
5.805356120E1,-3.628540039E0,2.331695557E1,4.781341553E1
5.815353679E1,-3.517150879E0,2.213592529E1,4.870452881E1
5.820386028E1,-2.661132812E0,2.513122559E1,4.870605469E1
5.830350017E1,-3.028869629E0,2.304077148E1,4.766387939E1
5.840347576E1,-2.745056152E0,2.245635986E1,4.840393066E1
5.845349407E1,-2.937316895E0,2.126312256E1,4.855194092E1
5.855377483E1,-2.915954590E0,2.200622559E1,4.929656982E1
5.865341472E1,-4.095458984E0,2.300872803E1,4.841003418E1
5.870340251E1,-6.986999512E0,2.291870117E1,4.841613770E1
5.880340862E1,-3.800964355E0,2.272033691E1,4.840850830E1
5.890375041E1,-2.314758301E0,2.157592773E1,4.780731201E1
5.895334148E1,-1.991271973E0,2.218017578E1,4.736175537E1
5.905334758E1,-1.872253418E0,2.589416504E1,4.736785889E1
5.915329265E1,-1.338195801E0,2.353515625E1,4.661865234E1
5.920328044E1,-7.369995117E-1,2.340850830E1,4.750823975E1
5.930328655E1,-3.776550293E0,2.346038818E1,4.796142578E1
5.940323162E1,-3.704833984E0,2.093963623E1,4.751281738E1
5.945321941E1,-2.883911133E0,2.289581299E1,4.825897217E1
5.955322551E1,-3.904724121E0,2.419891357E1,4.751739502E1
5.965317058E1,-3.338623047E0,2.288208008E1,4.781188965E1
5.970328044E1,-3.511047363E0,2.243652344E1,5.019073486E1
5.980316448E1,-1.965332031E0,2.307586670E1,4.840393066E1
5.990310955E1,-2.011108398E0,2.173919678E1,4.944000244E1
5.995343303E1,-2.262878418E0,2.336273193E1,4.929656982E1
6.005322551E1,-9.078979492E-1,2.280883789E1,4.765777588E1
6.015307903E1,-1.918029785E0,1.996154785E1,4.928894043E1
6.020306682E1,-1.876831055E0,2.129974365E1,5.033264160E1
6.030337810E1,-2.566528320E0,1.875457764E1,5.092315674E1
6.040317058E1,-2.354431152E0,2.053985596E1,5.003509521E1
6.045297527E1,-2.735900879E0,2.275390625E1,4.870300293E1
6.055295085E1,-1.721191406E0,2.115173340E1,4.795379639E1
6.065292644E1,-1.570129395E0,2.130737305E1,4.958801270E1
6.070291423E1,7.629394531E-2,2.046813965E1,4.943389893E1
6.080295085E1,-1.449584961E-1,1.838378906E1,5.002593994E1
6.090286540E1,-8.560180664E-1,1.999816895E1,5.106964111E1
6.095285320E1,-9.658813477E-1,2.117767334E1,4.943695068E1
6.105282878E1,-1.293945312E0,2.057647705E1,5.181579590E1
6.115280437E1,1.162719727E0,2.124633789E1,5.091857910E1
6.120279216E1,2.639770508E-1,2.166137695E1,5.077209473E1
6.130279827E1,-2.967834473E0,2.052459717E1,5.107727051E1
6.140274333E1,-1.930236816E0,2.411346436E1,4.795837402E1
6.145303630E1,-2.983093262E0,2.452697754E1,4.841003418E1
6.155273723E1,-1.678466797E0,2.248840332E1,4.795532227E1
6.165268230E1,-3.723144531E0,2.049713135E1,4.929504395E1
6.170267009E1,-1.939392090E0,1.921691895E1,4.884338379E1
6.180298137E1,-3.982543945E-1,1.985778809E1,4.869079590E1
6.190265178E1,1.074218750E0,2.301940918E1,4.780120850E1
6.195260906E1,1.617431641E0,2.555541992E1,4.617004395E1
6.205258464E1,3.173828125E-1,2.299346924E1,4.676361084E1
6.215289592E1,-4.348754883E-1,2.341918945E1,4.854888916E1
6.220257854E1,1.770019531E-1,2.358551025E1,4.869689941E1
6.230255412E1,-8.636474609E-1,2.414398193E1,4.691619873E1
6.240249919E1,-1.087951660E0,2.635650635E1,4.380187988E1
6.245248699E1,-1.530456543E0,2.678985596E1,4.439697266E1
6.255246257E1,-1.411437988E0,2.605743408E1,4.706878662E1
6.265243816E1,-1.478576660E0,2.397613525E1,4.706573486E1
6.270245647E1,5.706787109E-1,2.626953125E1,4.795532227E1
6.280243206E1,1.892089844E0,2.467651367E1,4.661407471E1
6.290237712E1,1.492309570E0,2.644195557E1,4.572753906E1
6.295245647E1,8.483886719E-1,2.523498535E1,4.542846680E1
6.305237102E1,1.411437988E0,2.406768799E1,4.780273438E1
6.315231609E1,6.515502930E-1,2.404327393E1,4.706115723E1
6.320263957E1,-4.486083984E-1,2.297210693E1,4.825286865E1
6.330237102E1,1.461791992E0,2.570495605E1,4.884643555E1
6.340225505E1,-6.820678711E-1,2.504119873E1,4.676971436E1
6.345224889E1,-6.820678711E-1,2.504119873E1,4.676971436E1
6.355256016E1,-4.344177246E0,2.462921143E1,4.677886963E1
6.365238316E1,-1.309204102E0,2.457885742E1,4.840545654E1
6.370218785E1,-1.477050781E0,2.397613525E1,4.676971436E1
6.380216344E1,-5.783081055E-1,2.355957031E1,4.736022949E1
6.390250523E1,1.402282715E0,2.377166748E1,4.780273438E1
6.395212682E1,5.020141602E-1,2.419128418E1,4.914245605E1
6.405210240E1,5.889892578E-1,2.211303711E1,4.780120850E1
6.415207799E1,-2.990722656E-1,2.282867432E1,4.765625000E1
6.420209630E1,-7.522583008E-1,2.296295166E1,4.825286865E1
6.430204137E1,3.051757812E-3,2.268676758E1,4.601898193E1
6.440201695E1,1.196289062E0,2.673187256E1,4.676818848E1
6.445203526E1,-7.904052734E-1,2.652282715E1,4.766387939E1
6.455198033E1,1.116943359E0,2.435607910E1,4.750518799E1
6.465195592E1,4.516601562E-1,2.255554199E1,4.794921875E1
6.470221837E1,3.356933594E-1,2.373809814E1,4.825134277E1
6.480198033E1,8.346557617E-1,2.494049072E1,4.736022949E1
6.490192540E1,2.470397949E0,2.410430908E1,5.002899170E1
6.495188268E1,3.448486328E-1,2.403564453E1,4.854736328E1
6.505219395E1,3.555297852E-1,2.433319092E1,4.854736328E1
6.515189488E1,-1.309204102E0,2.457885742E1,4.840545654E1
6.520182164E1,-2.366638184E0,2.484283447E1,4.915161133E1
6.530179723E1,1.583862305E0,2.466735840E1,4.765472412E1
6.540213902E1,-1.321411133E0,2.413177490E1,4.795684814E1
6.545176060E1,-1.170349121E0,2.428894043E1,5.033569336E1
6.555173619E1,6.408691406E-2,2.476806641E1,4.825439453E1
6.565174229E1,5.737304688E-1,2.166900635E1,4.854278564E1
6.570169957E1,1.855468750E0,2.363739014E1,4.794769287E1
6.580167516E1,1.887512207E0,2.467956543E1,4.839782715E1
6.590165074E1,-5.813598633E-1,2.356262207E1,4.840087891E1
6.595163853E1,1.387023926E0,2.347869873E1,5.032806396E1
6.605161412E1,-3.021240234E-1,2.283020020E1,4.869689941E1
6.615158971E1,7.186889648E-1,2.152709961E1,4.943389893E1
6.620160802E1,-6.256103516E-1,2.222595215E1,4.914245605E1
6.630155309E1,-1.481628418E0,2.397918701E1,4.855194092E1
6.640152867E1,-3.457641602E0,2.407073975E1,5.019378662E1
6.645197423E1,-1.670837402E0,2.278747559E1,4.914703369E1
6.655158360E1,7.873535156E-1,2.360534668E1,4.869537354E1
6.665146764E1,1.174926758E0,2.154083252E1,4.943237305E1
6.670145543E1,-5.828857422E-1,2.356262207E1,4.869842529E1
6.680176671E1,-7.202148438E-1,2.400360107E1,4.855041504E1
6.690152867E1,-1.628112793E0,2.412414551E1,4.870300293E1
6.695139439E1,-4.470825195E-1,2.297210693E1,4.780578613E1
6.705136998E1,-3.498840332E0,2.273254395E1,4.944763184E1
6.715171178E1,-4.420471191E0,2.255554199E1,5.004272461E1
6.720133336E1,-2.754211426E0,2.215881348E1,4.840393066E1
6.730130894E1,-2.523803711E0,2.468872070E1,4.885406494E1
6.740128453E1,-2.729797363E0,2.305297852E1,4.989166260E1
6.745130284E1,-3.620910645E0,2.361450195E1,4.826202393E1
6.755124791E1,-3.491210938E0,2.303161621E1,5.019226074E1
6.765125401E1,-4.063415527E0,2.404785156E1,4.870910645E1
6.770124181E1,-2.658081055E0,2.512969971E1,4.796142578E1
6.780118687E1,-3.009033203E0,2.378387451E1,4.870605469E1
6.790116246E1,-3.547668457E0,2.599487305E1,4.930419922E1
6.795142491E1,-5.776977539E0,2.280883789E1,4.930419922E1
6.805112584E1,-3.805541992E0,2.272186279E1,4.989471436E1
6.815110143E1,-3.605651855E0,2.421112061E1,5.004425049E1
6.820108922E1,-2.972412109E0,2.482299805E1,4.796295166E1
6.830140050E1,-1.670837402E0,2.738342285E1,4.603271484E1
6.840104039E1,-1.257324219E0,2.621307373E1,4.840698242E1
6.845102818E1,-2.465820312E0,2.172241211E1,4.869995117E1
6.855100377E1,-2.284240723E0,2.261810303E1,4.825592041E1
6.865131505E1,-4.890441895E0,2.653961182E1,4.633636475E1
6.870096715E1,-2.922058105E0,2.615356445E1,4.469604492E1
6.880100377E1,-3.611755371E0,2.851104736E1,4.663391113E1
6.890091832E1,-4.922485352E0,2.550048828E1,4.603729248E1
6.895090611E1,-3.608703613E0,2.390899658E1,4.707183838E1
6.905088170E1,-4.026794434E0,2.508544922E1,4.737243652E1
6.915085728E1,-5.032348633E0,2.667999268E1,4.470214844E1
6.920084508E1,-5.937194824E0,2.695007324E1,4.455566406E1
6.930082066E1,-7.763671875E0,2.689208984E1,4.456024170E1
6.940085728E1,-1.971435547E0,2.307891846E1,5.048370361E1
6.945081456E1,-7.751464844E-1,2.237243652E1,4.958801270E1
6.955075963E1,-3.842163086E0,2.168426514E1,5.122833252E1
6.965076573E1,-1.829528809E0,2.263336182E1,4.825439453E1
6.970102818E1,-2.970886230E0,2.482147217E1,4.736938477E1
6.980075963E1,-1.821899414E0,2.293243408E1,4.929504395E1
6.990067418E1,-4.580688477E0,2.210235596E1,4.840850830E1
6.995066197E1,-2.442932129E0,2.246551514E1,4.870147705E1
7.005094273E1,-4.858398438E0,2.298431396E1,4.870910645E1
7.015073521E1,-3.756713867E0,2.405548096E1,4.766693115E1
7.020060094E1,-4.066467285E0,2.374572754E1,4.618225098E1
7.030057652E1,-4.045104980E0,2.449035645E1,4.692687988E1
7.040088780E1,-2.917480469E0,2.200622559E1,5.003967285E1
7.045053990E1,-1.834106445E0,2.233428955E1,4.676818848E1
7.055051549E1,-2.293395996E0,2.232055664E1,4.825592041E1
7.065049107E1,-2.239990234E0,2.395324707E1,4.751434326E1
7.070050938E1,-2.375793457E0,2.454528809E1,4.870605469E1
7.080048497E1,-1.469421387E0,2.427520752E1,4.751129150E1
7.090046056E1,-3.355407715E0,2.228546143E1,4.632415771E1
7.095047887E1,-4.765319824E0,2.120819092E1,4.929962158E1
7.105039342E1,-2.859497070E0,2.363891602E1,4.781341553E1
7.115036900E1,-3.906250000E0,2.419891357E1,4.826202393E1
7.120057042E1,-4.841613770E0,2.342681885E1,4.796447754E1
7.130039342E1,-5.863952637E0,2.473297119E1,4.797058105E1
7.140033848E1,-6.253051758E0,2.204742432E1,4.796600342E1
7.145032628E1,-4.850769043E0,2.297973633E1,4.618225098E1
7.155057652E1,-3.273010254E0,2.496185303E1,4.751739502E1
7.165030797E1,-3.720092773E0,2.509307861E1,4.618225098E1
7.170026524E1,-5.871582031E0,2.443389893E1,4.737701416E1
7.180024083E1,-7.460021973E0,2.230682373E1,4.692993164E1
7.190049107E1,-6.712341309E0,2.203521729E1,4.915771484E1
7.195017369E1,-6.744384766E0,2.099609375E1,4.841308594E1
7.205014928E1,-5.747985840E0,2.354736328E1,4.707641602E1
7.215012486E1,-6.993103027E0,2.261810303E1,4.692993164E1
7.220011266E1,-4.734802246E0,2.194519043E1,4.707183838E1
7.230008824E1,-4.425048828E0,2.225494385E1,4.826049805E1
7.240006383E1,-2.900695801E0,2.230072021E1,4.706726074E1
7.245005162E1,-3.967285156E0,2.226867676E1,4.751434326E1
7.255002721E1,-1.785278320E0,2.396850586E1,4.781036377E1
7.265000279E1,-4.066467285E0,2.374572754E1,4.618225098E1
7.269999059E1,-2.256774902E0,2.335815430E1,4.706726074E1
7.280002721E1,-2.618408203E0,2.156524658E1,4.706420898E1
7.289994176E1,-2.902221680E0,2.230224609E1,4.751281738E1
7.295026524E1,-1.945495605E0,2.351531982E1,4.587707520E1
7.304993565E1,-2.420043945E0,2.305908203E1,4.795837402E1
7.314991124E1,-2.282714844E0,2.261810303E1,4.751129150E1
7.319986852E1,-7.781982422E-1,2.206878662E1,4.706115723E1
7.330014928E1,-3.738403320E-1,2.044982910E1,4.690856934E1
7.339991124E1,1.098632812E-1,2.150573730E1,4.913940430E1
7.344981047E1,2.273559570E0,2.231140137E1,4.586486816E1
7.354978606E1,2.124023438E0,2.245635986E1,4.601287842E1
7.365009734E1,7.781982422E-1,2.315826416E1,4.691162109E1
7.369974944E1,-6.256103516E-2,2.060546875E1,4.571990967E1
7.379972502E1,7.324218750E-1,2.182312012E1,4.839477539E1
7.389970061E1,1.473999023E0,2.125091553E1,4.794464111E1
7.394968840E1,3.480529785E0,2.220306396E1,4.749603271E1
7.404966399E1,5.752563477E-1,2.166748047E1,4.779968262E1
7.414963958E1,7.019042969E-2,2.016754150E1,4.765167236E1
7.419962737E1,2.183532715E0,1.963958740E1,4.764404297E1
7.429960295E1,2.490234375E0,1.995086670E1,5.017089844E1
7.439957854E1,3.923034668E0,2.192382812E1,4.942474365E1
7.444974944E1,2.598571777E0,2.321777344E1,4.869079590E1
7.454957244E1,2.589416504E0,2.292022705E1,4.913635254E1
7.464951750E1,3.352355957E0,2.294464111E1,4.839019775E1
7.469950530E1,3.140258789E0,2.115631104E1,4.853668213E1
7.479975554E1,1.206970215E0,2.258300781E1,5.017852783E1
7.489945647E1,1.260375977E0,2.421569824E1,4.988403320E1
7.494944426E1,2.293395996E0,2.321014404E1,4.943237305E1
7.504941985E1,-3.875732422E-1,2.505493164E1,5.003814697E1
7.514967009E1,1.228332520E0,2.317657471E1,4.943542480E1
7.519938323E1,1.770019531E-1,2.358551025E1,4.869689941E1
7.529935881E1,2.134704590E0,2.305603027E1,4.958190918E1
7.539936492E1,5.198669434E0,2.374267578E1,4.912872314E1
7.544932219E1,4.425048828E0,2.327575684E1,4.868621826E1
7.554929778E1,3.569030762E0,2.518005371E1,5.032501221E1
7.564930388E1,3.155517578E0,2.175292969E1,5.032043457E1
7.569926116E1,5.595397949E0,2.182464600E1,4.853057861E1
7.579923674E1,4.444885254E0,2.401885986E1,4.987640381E1
7.589921233E1,4.919433594E0,2.447662354E1,4.883422852E1
7.594923064E1,4.035949707E0,2.533874512E1,4.764862061E1
7.604917571E1,5.409240723E0,2.552947998E1,4.824066162E1
7.614915129E1,3.869628906E0,2.488861084E1,4.854125977E1
7.619956633E1,5.639648438E0,2.316131592E1,4.749298096E1
7.629914519E1,5.776977539E0,2.731781006E1,4.601287842E1
7.639915129E1,8.076477051E0,2.783508301E1,4.541473389E1
7.644910857E1,6.854248047E0,2.764587402E1,4.452514648E1
7.654935881E1,7.577514648E0,2.663421631E1,4.675292969E1
7.664912078E1,7.475280762E0,2.811431885E1,4.586181641E1
7.669901702E1,6.410217285E0,2.808074951E1,4.616241455E1
7.679902312E1,6.146240234E0,2.925872803E1,4.497680664E1
7.689927336E1,4.815673828E0,3.055419922E1,4.572448730E1
7.694895598E1,6.091308594E0,2.762603760E1,4.601287842E1
7.704893157E1,6.649780273E0,2.615966797E1,4.734649658E1
7.714889939E1,7.638549805E0,2.381591797E1,4.733886719E1
7.719888718E1,8.068847656E0,2.293853760E1,4.599914551E1
7.729886277E1,7.951354980E0,2.412414551E1,4.793395996E1
7.739886887E1,9.457397461E0,2.387847900E1,5.015869141E1
7.744885666E1,1.096191406E1,2.333221436E1,4.926300049E1
7.754880173E1,8.375549316E0,2.310028076E1,4.793090820E1
7.764877732E1,8.067321777E0,2.324218750E1,5.075683594E1
7.769900925E1,9.066772461E0,2.134704590E1,5.208892822E1
7.779877121E1,8.718872070E0,2.444763184E1,4.867706299E1
7.789871628E1,4.600524902E0,2.417144775E1,5.002288818E1
7.794873459E1,6.680297852E0,2.260437012E1,4.927215576E1
7.804892380E1,7.269287109E0,2.203063965E1,5.045776367E1
7.814868576E1,8.616638184E0,2.148132324E1,5.119781494E1
7.819864304E1,8.789062500E0,2.192687988E1,4.956207275E1
7.829864914E1,1.059722900E1,2.138671875E1,4.822082520E1
7.839889939E1,8.078002930E0,2.323455811E1,4.629821777E1
7.844858200E1,9.156799316E0,2.371520996E1,4.674224854E1
7.854855759E1,9.825134277E0,2.091827393E1,4.777374268E1
7.864853318E1,8.392333984E0,1.894378662E1,4.747772217E1
7.869852097E1,9.542846680E0,2.165069580E1,4.747924805E1
7.879855759E1,8.805847168E0,2.236938477E1,4.822692871E1
7.889847214E1,6.213378906E0,2.199096680E1,4.734039307E1
7.894845993E1,6.213378906E0,2.199096680E1,4.734039307E1
7.904843552E1,8.866882324E0,1.940155029E1,4.688262939E1
7.914841111E1,9.671020508E0,2.076416016E1,4.732971191E1
7.919839890E1,1.377258301E1,2.074584961E1,4.776458740E1
7.929837449E1,1.315002441E1,2.027740479E1,4.731903076E1
7.939838059E1,1.391601562E1,2.060241699E1,4.910278320E1
7.944876511E1,1.351928711E1,2.251892090E1,4.955139160E1
7.954834397E1,1.282958984E1,1.997680664E1,5.014343262E1
7.964828904E1,1.148986816E1,2.082519531E1,4.940490723E1
7.969830735E1,1.422729492E1,2.091217041E1,5.014190674E1
7.979855759E1,1.213073730E1,2.188110352E1,4.910888672E1
7.989828904E1,1.162567139E1,2.038421631E1,4.925384521E1
7.994824631E1,1.359863281E1,2.029724121E1,4.984436035E1
8.004819138E1,1.356353760E1,1.925964355E1,5.088195801E1
8.014847214E1,1.523437500E1,1.931304932E1,5.162200928E1
8.019815476E1,1.390380859E1,2.030792236E1,5.014190674E1
8.029813034E1,1.727142334E1,2.085571289E1,4.849853516E1
8.039810593E1,1.871185303E1,2.312469482E1,4.790344238E1
8.044809372E1,1.560211182E1,2.079925537E1,4.568023682E1
8.054806931E1,1.780090332E1,1.834869385E1,4.760131836E1
8.064804490E1,1.706542969E1,1.936645508E1,4.938659668E1
8.069806321E1,1.726226807E1,2.055664062E1,4.745635986E1
8.079806931E1,1.501922607E1,2.167358398E1,4.657440186E1
8.089798386E1,1.788482666E1,2.102355957E1,4.834899902E1
8.094818528E1,1.665649414E1,2.053680420E1,4.671630859E1
8.104800827E1,2.032470703E1,1.695251465E1,5.279235840E1
8.114792283E1,1.600189209E1,1.933135986E1,4.864807129E1
8.119791062E1,1.726379395E1,2.055511475E1,4.701080322E1
8.129813034E1,1.771240234E1,2.027130127E1,4.626617432E1
8.139789231E1,1.863861084E1,2.074584961E1,4.656372070E1
8.144784958E1,1.708221436E1,1.965789795E1,4.730682373E1
8.154782517E1,1.573791504E1,2.035827637E1,4.731292725E1
8.164807541E1,1.588134766E1,2.021789551E1,4.850006104E1
8.169784958E1,1.574707031E1,2.065582275E1,4.686889648E1
8.179776413E1,1.532287598E1,2.168273926E1,4.731597900E1
8.189773972E1,1.599273682E1,2.348175049E1,4.597930908E1
8.194775803E1,1.672363281E1,2.261505127E1,4.672088623E1
8.204770310E1,1.572875977E1,2.006072998E1,4.731292725E1
8.214767868E1,1.623077393E1,2.156372070E1,4.746246338E1
8.219766648E1,1.699523926E1,2.158355713E1,4.567871094E1
8.229764206E1,1.608581543E1,2.170410156E1,4.612579346E1
8.239761765E1,1.834564209E1,2.088165283E1,4.448242188E1
8.244766648E1,1.576232910E1,2.095031738E1,4.538269043E1
8.254758103E1,1.601562500E1,1.962585449E1,4.760742188E1
8.264755661E1,1.560974121E1,2.109527588E1,4.627380371E1
8.269797165E1,1.426086426E1,2.164764404E1,4.613037109E1
8.279755051E1,1.357574463E1,1.925201416E1,4.612731934E1
8.289749558E1,1.681365967E1,2.068939209E1,4.656829834E1
8.294748337E1,1.590423584E1,2.080993652E1,4.701538086E1
8.304776413E1,1.725769043E1,2.025604248E1,4.567413330E1
8.314752610E1,1.971588135E1,2.107696533E1,4.656066895E1
8.319742234E1,1.996917725E1,1.944885254E1,4.507141113E1
8.329739792E1,2.117919922E1,1.934051514E1,4.670410156E1
8.339770920E1,2.010192871E1,1.901397705E1,4.744720459E1
8.344740978E1,1.974334717E1,1.721801758E1,4.670410156E1
8.354735484E1,2.065734863E1,1.739807129E1,4.833526611E1
8.364736095E1,1.888732910E1,1.912536621E1,4.834289551E1
8.369734874E1,2.118530273E1,1.963958740E1,4.774322510E1
8.379729381E1,1.859283447E1,1.941070557E1,4.760131836E1
8.389726940E1,1.919097900E1,1.913452148E1,4.834289551E1
8.394728771E1,1.904296875E1,1.927642822E1,4.819488525E1
8.404723277E1,2.042388916E1,1.961669922E1,4.774475098E1
8.414720836E1,2.106170654E1,2.052459717E1,4.685363770E1
8.419737926E1,2.124176025E1,2.127227783E1,4.670715332E1
8.429720226E1,2.126007080E1,2.171325684E1,4.447784424E1
8.439714732E1,2.236480713E1,2.308807373E1,4.596252441E1
8.444713512E1,2.107391357E1,2.082061768E1,4.581451416E1
8.454738536E1,2.146453857E1,2.350616455E1,4.656066895E1
8.464714732E1,1.997222900E1,2.434844971E1,4.567565918E1
8.469707408E1,2.025756836E1,2.361297607E1,4.448242188E1
8.479704967E1,2.043304443E1,2.451171875E1,4.582214355E1
8.489733043E1,2.248687744E1,2.220001221E1,4.581298828E1
8.494701305E1,2.216033936E1,2.159881592E1,4.685211182E1
8.504698863E1,2.306213379E1,2.102966309E1,4.447174072E1
8.514696422E1,2.229614258E1,2.100982666E1,4.700012207E1
8.519695201E1,2.079772949E1,2.155303955E1,4.536895752E1
8.529692760E1,2.194366455E1,1.936035156E1,4.447021484E1
8.539693370E1,2.045898438E1,2.065582275E1,4.700317383E1
8.544689098E1,2.144622803E1,1.831359863E1,4.744262695E1
8.554686656E1,2.102661133E1,1.948699951E1,4.759521484E1
8.564684215E1,2.030792236E1,2.049713135E1,4.462585449E1
8.569689098E1,2.031402588E1,2.079772949E1,4.611358643E1
8.579683604E1,1.726379395E1,2.055511475E1,4.701080322E1
8.589678111E1,1.980895996E1,1.929626465E1,4.626007080E1
8.594716564E1,2.010498047E1,1.901245117E1,4.670562744E1
8.604677501E1,1.967468262E1,1.973724365E1,4.581451416E1
8.614672008E1,2.028350830E1,1.975555420E1,4.536743164E1
8.619670787E1,2.027130127E1,1.946105957E1,4.611053467E1
8.629698863E1,1.921234131E1,1.972656250E1,4.789581299E1
8.639672008E1,1.879730225E1,2.090148926E1,4.671325684E1
8.644664684E1,1.877288818E1,2.030944824E1,4.849395752E1
8.654662242E1,1.755676270E1,2.011718750E1,4.611968994E1
8.664690318E1,1.697235107E1,2.084197998E1,4.597320557E1
8.669658580E1,1.862792969E1,2.044830322E1,4.730529785E1
8.679659190E1,1.515045166E1,2.108459473E1,4.746398926E1
8.689653697E1,1.510620117E1,1.974792480E1,4.820709229E1
8.694652477E1,1.509552002E1,1.945037842E1,4.820556641E1
8.704653087E1,1.682128906E1,2.098846436E1,4.790496826E1
8.714647594E1,1.724243164E1,1.981048584E1,4.626770020E1
8.719649425E1,1.580352783E1,2.228851318E1,4.582977295E1
8.729643932E1,1.770935059E1,2.027435303E1,4.745483398E1
8.739644542E1,1.690826416E1,1.891174316E1,4.671478271E1
8.744661632E1,1.723022461E1,1.951446533E1,4.700927734E1
8.754643932E1,1.645355225E1,1.904754639E1,4.790191650E1
8.764635387E1,1.578063965E1,2.169647217E1,4.687042236E1
8.769637218E1,1.427764893E1,2.224273682E1,4.731903076E1
8.779656139E1,1.410675049E1,2.179412842E1,4.821166992E1
8.789629283E1,1.379547119E1,2.148742676E1,4.776611328E1
8.794628063E1,1.301116943E1,2.072143555E1,4.746856689E1
8.804625621E1,1.559600830E1,2.080383301E1,4.850311279E1
8.814653697E1,1.522979736E1,2.346038818E1,4.672698975E1
8.819621959E1,1.565856934E1,2.257995605E1,4.597930908E1
8.829619518E1,1.684722900E1,2.173004150E1,4.656982422E1
8.839620128E1,1.821746826E1,2.177124023E1,4.612121582E1
8.844615856E1,1.768341064E1,1.953125000E1,4.819793701E1
8.854613414E1,1.694641113E1,2.024993896E1,4.820251465E1
8.864610973E1,1.864013672E1,2.074432373E1,4.582061768E1
8.869612804E1,1.771087646E1,2.027282715E1,4.700927734E1
8.879607311E1,1.835021973E1,2.118072510E1,4.626617432E1
8.889604869E1,1.963653564E1,1.870117188E1,4.789276123E1
8.894603649E1,1.960601807E1,1.781005859E1,4.833831787E1
8.904601207E1,2.080841064E1,1.725158691E1,4.670104980E1
8.914598766E1,2.172241211E1,1.712799072E1,4.461669922E1
8.919640270E1,2.263488770E1,1.730804443E1,4.624938965E1
8.929598155E1,2.079010010E1,1.665649414E1,4.595489502E1
8.939598766E1,2.325744629E1,1.777191162E1,4.624786377E1
8.944591442E1,2.290191650E1,1.628112793E1,4.743499756E1
8.954619518E1,2.422485352E1,1.468658447E1,4.594268799E1
8.964592662E1,2.330474854E1,1.450805664E1,4.579620361E1
8.969588390E1,2.440948486E1,1.587982178E1,4.728240967E1
8.979582897E1,2.375488281E1,1.422424316E1,4.534912109E1
8.989610973E1,2.509918213E1,1.352386475E1,4.608764648E1
8.994579234E1,2.524261475E1,1.338500977E1,4.742431641E1
9.004576793E1,2.625732422E1,1.178131104E1,4.622955322E1
9.014574352E1,2.626647949E1,1.207733154E1,4.623107910E1
9.019573131E1,2.719573975E1,1.255187988E1,4.608001709E1
9.029570690E1,2.523956299E1,1.308288574E1,4.489898682E1
9.039571300E1,2.626037598E1,1.177978516E1,4.519042969E1
9.044567027E1,2.762908936E1,1.167144775E1,4.429473877E1
9.054564586E1,2.934875488E1,1.336212158E1,4.607696533E1
9.064562145E1,2.778472900E1,1.182708740E1,4.414520264E1
9.069585338E1,2.713165283E1,1.062164307E1,4.652252197E1
9.079561534E1,2.539215088E1,1.323852539E1,4.608612061E1
9.089556041E1,2.515106201E1,1.041107178E1,4.593353271E1
9.094557872E1,2.634124756E1,9.558105469E0,4.607849121E1
9.104576793E1,2.702178955E1,7.205200195E0,4.725952148E1
9.114552989E1,2.352752686E1,7.092285156E0,4.503936768E1
9.119548717E1,2.279052734E1,7.810974121E0,4.459686279E1
9.129546275E1,1.999969482E1,6.243896484E0,4.668273926E1
9.139577403E1,2.062988281E1,7.005310059E0,4.683074951E1
9.144542613E1,2.007293701E1,8.470153809E0,4.594268799E1
9.154540172E1,1.969146729E1,6.236267090E0,4.816894531E1
9.164537731E1,1.785583496E1,5.731201172E0,4.668731689E1
9.169539562E1,1.893157959E1,6.211853027E0,4.742736816E1
9.179534068E1,1.758880615E1,7.060241699E0,4.817657471E1
